id,duration,src_bytes,dst_bytes,land,wrong_fragment,urgent,hot,num_failed_logins,logged_in,num_compromised,root_shell,su_attempted,num_root,num_file_creations,num_shells,num_access_files,num_outbound_cmds,is_host_login,is_guest_login,count,srv_count,serror_rate,srv_serror_rate,rerror_rate,srv_rerror_rate,same_srv_rate,diff_srv_rate,srv_diff_host_rate,dst_host_count,dst_host_srv_count,dst_host_same_srv_rate,dst_host_diff_srv_rate,dst_host_same_src_port_rate,dst_host_srv_diff_host_rate,dst_host_serror_rate,dst_host_srv_serror_rate,dst_host_rerror_rate,dst_host_srv_rerror_rate,protocol_type,service,flag
0,205,0,8826,0,0,0,0,0,0,1,0,0,0,0,0,0,0,0,0,0,27,0.0,0.0,0.7043681943271395,0.8887190261598594,1.0,0.0,0.0,5,226,0.7711325422433712,0.0,0.12031768383196217,0.15302328211474261,0.035453403079706985,0.0,0.7718788716838556,0.9560927261711177,tcp,http,REJ
1,0,32650,31538,0,0,0,0,0,1,6,0,0,8,1,0,0,0,0,0,25,0,0.0,0.0,0.0,0.08438202146098263,1.0,0.0,0.0,161,62,0.7489526391843133,0.0,0.048458223363064386,0.033560115742623485,0.0,0.023783290604551435,0.0,0.0,tcp,smtp,SF
2,504,142052,9528,0,0,0,1,0,0,0,0,0,16,0,0,0,0,0,0,0,8,0.0,0.0,1.0,1.0,1.0,0.0,0.04492441726108096,0,239,1.0,0.0,0.27422093589271657,0.14175453344036665,0.0,0.0212433851818488,0.9721295457639205,1.0,tcp,http,REJ
3,632,86378,78371,0,0,0,1,0,1,0,0,0,1,0,0,0,0,0,0,0,0,0.0,0.0,0.2401919335467889,0.0,0.986577100561248,0.010256751176669668,0.020711124963237928,205,189,0.5137125462981438,0.0569840060426657,0.02005715858165742,0.0,0.0,0.0,0.09392626821867818,0.0,tcp,smtp,SF
4,0,0,49840,0,0,0,0,0,0,6,0,0,0,0,0,0,0,0,0,0,0,0.00506883543405498,0.0,0.8353666230125767,0.9930394130736754,1.0,0.0,0.0,0,236,1.0,0.0,0.526201758649539,0.03206266253852569,0.1319070752730302,0.043675266925621306,1.0,0.8635824701301265,tcp,http,REJ
5,0,367454,0,0,0,0,1,0,0,0,0,0,2,0,0,0,0,0,0,55,17,0.0,0.0,0.7783442529451122,0.7617116092405634,0.9788707961810409,0.0,0.0,29,179,0.8874434215006988,0.15385774184130693,0.002324497883376124,0.12335294595084503,0.0,0.0,0.9037141354343334,0.9149642966980037,tcp,http,REJ
6,86,0,0,0,0,0,0,0,0,10,0,0,0,0,0,0,0,0,0,219,188,0.0535191135796997,0.032341772609915206,0.0,0.0,1.0,0.0003043960496438899,0.03446667894229649,93,95,0.6824089266435505,0.0,0.1471027166172881,0.03686555462007834,0.0,0.0,0.07292394978083519,0.0,udp,domain_u,SF
7,0,0,16702,0,0,0,0,0,1,0,0,0,6,0,0,0,0,0,0,0,0,0.0,0.0,0.22935241960941385,0.0,1.0,0.0,0.0,164,219,0.8102439861340149,0.12619120203397982,0.0872057730833236,0.0,0.0,0.045670878779994435,0.0,0.04780343719284753,tcp,smtp,SF
8,0,393037,0,0,0,0,0,0,1,0,0,0,3,0,0,0,0,0,0,0,0,0.0730458240049021,0.0,0.0,0.09906908292695783,0.9641835821151415,0.0,0.0,124,255,0.6705438090583824,0.11423053512959233,0.03200808020003821,0.009373443845370536,0.0,0.0,0.0,0.0,tcp,smtp,SF
9,0,217001,42112,0,0,0,0,0,1,5,0,0,0,0,0,0,0,0,0,0,4,0.01172097584439976,0.0,0.1092997568856029,0.02053183701008885,0.8668818287688022,0.0822541344774369,0.08180517536096273,228,172,0.7566052926855663,0.05608626023924121,0.0,0.007849896950478531,0.005658657364335675,0.010074720990820024,0.0,0.0,tcp,smtp,SF
10,591,0,12605,0,0,0,0,0,0,6,0,0,7,0,0,0,0,0,0,22,0,0.003359710633437839,0.0,1.0,0.9485614305946993,0.9854802739312664,0.08755212914518981,0.0,83,236,0.9767797042838988,0.0,0.27489574390717475,0.05842645758646673,0.050081396905646454,0.04554878170141458,1.0,0.9850051852883315,tcp,http,REJ
11,522,581779,9087,0,0,0,1,0,0,0,0,0,0,0,0,0,0,0,0,0,0,0.0,0.0,0.0,0.0,0.9575306224602742,0.0,0.0,151,37,1.0,0.1229042692836598,0.0,0.02229483948810403,0.0,0.0,0.058862760271536786,0.07940505890406725,udp,private,SF
12,44,219369,27972,0,0,0,1,0,1,3,0,0,0,0,0,0,0,0,0,11,3,0.029892354740155523,0.0,0.0,0.15537867654424398,0.9547963624024062,0.03844828697687304,0.06996806114032861,10,255,0.9558300591294162,0.04416859533515985,0.0,0.03756810558191751,0.053961118976498954,0.0001921025850350512,0.007723666265712971,0.040057753638786185,tcp,http,SF
13,3396,0,60160,0,0,0,0,0,0,5,0,0,3,0,0,0,0,0,0,74,0,0.0016319533948855893,0.08713595420723161,0.0,0.0,1.0,0.0,0.0,218,28,0.0,0.7251938904906303,1.0,0.021896954404813415,0.0,0.02752164591667287,0.09264632664761067,0.0,udp,other,SF
14,314,520697,6726,0,0,0,0,0,1,0,0,0,2,0,0,0,0,0,0,20,46,0.0417370159431872,0.036872977925847705,0.23563984608807184,0.0,1.0,0.0,0.042213745738540316,111,243,0.980094781605716,0.0,0.0,0.14659201531611568,0.0,0.0,0.30422009372546743,0.63120551749965,tcp,http,SF
15,0,55882,86,0,0,0,0,0,1,0,0,0,7,0,0,0,0,0,0,34,0,0.07801571962466784,0.0,0.026200807354445122,0.21677894135002937,0.8761278793923901,0.016951921280983114,0.0,29,187,0.8592255824411752,0.006209263069308086,0.0,0.04489591673464831,0.007961381877201058,0.011722527484865311,0.0,0.0,tcp,http,SF
16,248,0,55410,0,0,0,1,0,1,1,0,0,6,0,0,0,0,0,0,0,39,0.0,0.01037992496271851,0.10723612982223603,0.0,1.0,0.11214785010032065,0.0,16,221,1.0,0.0,0.0,0.0,0.06529693958068837,0.005461206784700189,0.0,0.0,tcp,http,SF
17,1995,0,33832,0,0,0,0,0,0,6,0,0,0,0,0,0,0,0,0,0,43,0.0298254652195856,0.0,0.0,0.0,0.8835205853610701,0.08760748780978224,0.0,204,3,0.0,0.6244661050209408,0.8357015377407513,0.0,0.002354172934677954,0.009083232746839007,0.12412737003575852,0.0,udp,other,SF
18,3229,190585,0,0,0,0,1,0,0,0,0,0,0,0,0,0,0,0,0,23,0,0.028447266936983195,0.0,0.0,0.023531867573108194,1.0,0.015345192346175415,0.0,180,36,0.20738812008992896,0.6396233029822223,0.8836260173284273,0.0,0.0,0.0,0.0,0.0,udp,other,SF
19,0,156234,519,0,0,0,1,0,1,0,0,0,0,0,0,0,0,0,0,0,3,0.022272554180756507,0.04585908995613183,0.07921307932047998,0.0,0.9650219951643336,0.0,0.0,255,186,0.9711943866613824,0.0,0.03547662970603652,0.013480746893232944,0.019537030494183177,0.022254942797975952,0.0,0.0,tcp,http,SF
20,0,4805,6811,0,0,0,0,0,0,0,0,0,3,0,0,0,0,0,0,33,53,0.0,0.03787761169292859,0.8890218024282639,0.8254919945991417,1.0,0.09977853876141465,0.06078195096216115,0,133,1.0,0.029439242539414646,0.0,0.15313330015845716,0.018800031977129036,0.007406418710641179,0.989975677494056,1.0,tcp,http,REJ
21,0,0,16764,0,0,0,28,0,1,3,0,0,4,0,0,0,0,0,1,5,8,0.0,0.0,0.0,0.0,0.998166219038516,0.0,0.0,74,34,0.07765310543105014,0.12326600643159612,0.0,0.010881299090158439,0.0,0.0,0.14633377022215127,0.015530847687197117,tcp,ftp,SF
22,821,42526,0,0,0,0,0,0,0,0,0,0,2,0,0,0,0,0,0,99,13,0.0,0.010074497048931782,0.9105225307804993,0.9546952773962796,0.9890939778770291,0.03294006527693842,0.15671247467583646,0,234,0.9502444179803397,0.060242662817739774,0.1202603056111682,0.13586843121246567,0.04705491332675136,0.0,1.0,1.0,tcp,http,REJ
23,0,0,0,0,0,0,1,0,0,0,0,0,0,0,0,0,0,0,0,0,0,0.0,0.01498643185434363,1.0,1.0,1.0,0.0,0.0,45,228,0.8929093759307299,0.018864661509609013,0.23017547226337323,0.1769179766185871,0.0,0.0,0.9648500463205434,1.0,tcp,http,REJ
24,0,0,0,0,0,0,0,0,0,8,0,0,7,0,0,0,0,0,0,210,219,0.0,0.0,0.040531513175623875,0.0,0.9960288282411196,0.15632367359839208,0.0,141,21,0.9588969047491338,0.02358503083066325,0.05969457807734131,0.0,0.01644768594890173,0.00621093089165079,0.04586557480215662,0.04916676542438591,udp,domain_u,SF
25,2402,0,0,0,0,0,1,0,0,0,0,0,0,0,0,0,0,0,0,0,0,0.0,0.09331210522978708,0.06950437916771014,0.043984846094261114,1.0,0.0,0.0464881889213484,255,9,0.0,0.6590862556696224,0.7620291196851581,0.02910596374254384,0.036129082030546766,0.014250672321754396,0.11980975089491554,0.14270493516231372,udp,other,SF
26,359,435568,0,0,0,0,0,0,1,0,0,0,18,1,0,0,0,0,0,32,0,0.0,0.08848377368133828,0.08859353435420057,0.0,1.0,0.06729586383012548,0.0,94,124,0.8058443688908116,0.014042134349554133,0.0,0.0,0.0,0.006161815008593323,0.03392196330910761,0.113358232454779,tcp,smtp,SF
27,245,0,22272,0,0,0,0,0,0,0,0,0,6,0,0,0,0,0,0,16,0,0.021180191127467066,0.0,0.0,0.0,1.0,0.0,0.017001917586998882,9,121,1.0,0.0,0.0,0.000596317467533844,0.0,0.01596940060168803,0.011787315833384304,0.005619186167636758,udp,private,SF
28,277,67464,0,0,0,0,1,0,1,0,0,0,0,1,0,0,0,0,0,0,0,0.0027690025541617,0.0,0.10203465874694874,0.036504639965289944,0.9477606301085544,0.041798870182606196,0.0,214,203,1.0,0.0,0.05588417455513975,0.0,0.04597631117718026,0.003876711688610846,0.0,0.015206571279386405,tcp,http,SF
29,289,0,6968,0,0,0,0,0,0,3,0,0,1,0,0,0,0,0,0,193,201,0.008222427121574661,0.0,0.0,0.03328852706304319,1.0,0.1289846027743638,0.0,103,46,0.5243084161276058,0.042804727189139816,0.02625861267066041,0.0,0.05409831718468517,0.02213514789924192,0.12163276298617866,0.021583874035701667,udp,domain_u,SF
30,1438,428191,0,0,0,0,0,0,0,2,0,0,6,0,0,0,0,0,0,67,0,0.0,0.0,0.9136394719448381,0.8035022542198125,0.9246368363798922,0.0,0.16490822860228282,0,130,1.0,0.0992783690004157,0.14476998049652817,0.2512120932425885,0.06263441244560398,0.0,0.7495976729959247,0.8325820800151257,tcp,http,REJ
31,0,0,0,0,0,0,2,0,0,4,0,0,0,0,0,0,0,0,0,305,282,0.003349707681145998,0.0,0.0,0.0,1.0,0.0,0.0784018262113675,255,255,1.0,0.00034985518803308004,0.0,0.0,0.0,0.02038346036631435,0.0,0.08842318357546407,udp,domain_u,SF
32,0,215850,20471,0,0,0,2,0,0,4,0,0,0,0,0,0,0,0,0,0,29,0.0,0.022551225765989953,0.7740911173220673,0.8005535236913128,0.8907130004118792,0.0,0.03613384862169567,10,255,1.0,0.0,0.09286308219425532,0.14750583685858748,0.009261645481234227,0.0,0.6738328519238662,1.0,tcp,http,REJ
33,0,0,21066,0,0,0,0,0,1,14,0,0,0,1,0,0,0,0,0,0,0,0.03789994358879598,0.08726899089708591,0.23553101884674013,0.1250644110729977,0.9378845805150158,0.03273755013467749,0.0,255,194,0.39500996129092186,0.08247006970612963,0.26118097663834894,0.0,0.015351209187832131,0.0,0.0,0.0,tcp,smtp,SF
34,421,49447,0,0,0,0,0,0,1,0,0,0,4,0,0,0,0,0,0,54,0,0.0,0.06896666900483094,0.06214112279430008,0.0,0.8800530722521036,0.05077597832961154,0.0,98,72,0.47132341547553497,0.0,0.016076082298092154,0.0,0.0,0.002515674550419032,0.04744849001528413,0.1489309041283346,tcp,smtp,SF
35,758,241463,8166,0,0,0,0,0,1,0,0,0,0,0,0,0,0,0,0,7,28,0.018257305530241026,0.035112279518117594,0.06217763013299686,0.09913361765802937,1.0,0.0,0.0,68,65,1.0,0.06723274963316576,0.0212649341647757,0.0,0.007243812298743379,0.01987979306474189,0.11332135912977444,0.0,tcp,http,SF
36,0,0,76975,0,0,0,0,0,1,0,0,0,0,0,0,0,0,0,0,9,36,0.0,0.0,0.0,0.11526218203100062,0.9687917874294991,0.0,0.08465445519384394,158,128,0.48045775078840774,0.0,0.06611477048611497,0.0,0.006389284448254429,0.0,0.06335850491484435,0.008059788724746894,tcp,smtp,SF
37,0,326220,0,0,0,0,1,0,0,0,0,0,4,0,0,0,0,0,0,299,241,0.0346197620912808,0.0,0.0,0.0,1.0,0.014968958508722143,0.0,255,176,1.0,0.05235504993512119,0.0,0.05285993985119808,0.03433088649729495,0.018533539436579552,0.16945102796961498,0.0,udp,domain_u,SF
38,0,0,0,0,0,0,0,0,1,0,0,0,0,0,0,0,0,0,0,0,0,0.0,0.047347045988067285,0.0,0.0,0.9281709162732543,0.0,0.0,30,255,0.7828171235796548,0.0,0.0,0.08873604229739504,0.0,0.019000189469638662,0.0,0.0,tcp,http,SF
39,438,347014,0,0,0,0,1,0,1,1,0,0,0,0,0,0,0,0,0,0,60,0.0,0.07204960802816773,0.0,0.0,1.0,0.02447375455685899,0.0,141,101,0.6253092775183516,0.05068315634177954,0.017387578345613386,0.0,0.05759829610155895,0.0,0.0,0.2301580374202732,tcp,smtp,SF
40,499,301981,3213,0,0,0,2,0,0,8,0,0,0,0,0,0,0,0,0,0,2,0.0,0.024636912914370306,1.0,0.8477859230542203,1.0,0.0,0.08734543646149856,8,196,1.0,0.13426251370991174,0.0,0.1773864932716905,0.003700571603970798,0.06748098909600381,0.8177343550277285,0.9749018433118688,tcp,http,REJ
41,365,216031,0,0,0,0,0,0,0,10,0,0,0,0,0,0,0,0,0,63,31,0.0,0.0,0.9536322256667289,0.9002740213786514,1.0,0.053884064750205,0.026798265293574715,51,237,1.0,0.0,0.09041646295316202,0.143901272620273,0.078753953952539,0.0,0.7937798848910604,0.9488171849404488,tcp,http,REJ
42,2192,627400,0,0,0,0,0,0,0,3,0,0,4,0,0,0,0,0,0,32,0,0.0,0.06016694777087605,0.011078615168963775,0.04797229134369779,1.0,0.0,0.0,238,0,0.0,0.6155128027697594,1.0,0.0,0.03439068786512076,0.0,0.0,0.001871648084304133,udp,other,SF
43,156,0,0,0,0,0,0,0,0,14,0,0,0,0,0,0,0,0,0,23,8,0.0728605083739099,0.033529100990132184,1.0,1.0,1.0,0.0,0.11106961067780725,0,255,0.9824300372809125,0.005040882171365047,0.29579232358940233,0.03592833608588959,0.01279144575534909,0.03338849249698267,0.8689975763843961,0.7584600099961175,tcp,http,REJ
44,78,0,0,0,0,0,1,0,0,0,0,0,0,0,0,0,0,0,0,1,54,0.0,0.05060752770470898,1.0,0.889982562640499,0.9329491323224017,0.0,0.0,0,255,0.7634061894956748,0.09830996921308603,0.22075454717669724,0.10788397198123115,0.0,0.0005735243665325508,1.0,1.0,tcp,http,REJ
45,147,0,0,0,0,0,0,0,0,0,0,0,3,0,0,0,0,0,0,35,9,0.0,0.0,0.0,0.021331003712189555,0.9208319443903086,0.0,0.0,88,36,0.882807459140541,0.041547490482486425,0.0,0.03156066083962254,0.0,0.0,0.0,0.0,udp,private,SF
46,585,216459,0,0,0,0,1,0,1,7,0,0,0,0,0,0,0,0,0,8,41,0.017768295304702475,0.015275973626682628,0.0,0.0,1.0,0.10108767932946508,0.11319868995051645,137,58,0.9452109945680398,0.0028755583209857053,0.19817066639942194,0.0,0.07373994884381131,0.0,0.0,0.04813204575331496,tcp,http,SF
47,150,163212,0,0,0,0,0,0,1,0,0,0,0,0,0,0,0,0,0,23,5,0.0,0.0789547066691651,0.0756070083239696,0.007830663277576847,0.9728546655815599,0.062133548534035105,0.0,255,255,1.0,0.010897488426404483,0.16677534928983148,0.04319469523130902,0.04043043588953459,0.0,0.0,0.0,tcp,http,SF
48,463,45686,0,0,0,0,1,0,1,0,0,0,0,0,0,0,0,0,0,29,0,0.03961443835167742,0.02346738037404468,0.007324118069028105,0.0,1.0,0.0,0.0,255,218,0.4961856658123318,0.0,0.11715903637746491,0.014723848199361136,0.0,0.0,0.07580261835828725,0.0,tcp,smtp,SF
49,55,0,2454,0,0,0,0,0,1,3,0,0,3,0,0,0,0,0,0,50,0,0.0,0.042189564930541386,0.0,0.10649989951027045,1.0,0.0,0.12209831750831693,164,85,0.30307103787177125,0.03155152286185928,0.15414986642957496,0.0,0.0,0.02292474819145586,0.19001827255711237,0.0,tcp,smtp,SF
50,194,250997,31004,0,0,0,0,0,0,0,0,0,1,0,0,0,0,0,0,2,0,0.0,0.0016183135200249542,0.7869381043739803,0.9631944775898577,0.9663412080789957,0.06502337944514894,0.0,0,235,1.0,0.0,0.45349795743320065,0.043163274801957516,0.010220543743080922,0.0,0.9927031747472919,0.7888630274631246,tcp,http,REJ
51,431,0,0,0,0,0,0,0,1,0,0,0,0,0,0,0,0,0,0,0,8,0.058211040540407835,0.004719523462939888,0.09091159259441943,0.023436888108586497,0.9558176012561221,0.0,0.40055876008027214,168,120,0.5419054042283813,0.10523489807394965,0.0430974633776879,0.06877099160815779,0.0,0.0,0.09206085722867947,0.0,tcp,smtp,SF
52,0,383070,17938,0,0,0,0,0,1,0,0,0,0,1,0,0,0,0,0,52,51,0.030032866968975253,0.06240164046532202,0.0,0.02365234893069931,0.9761242458272511,0.0016438771674181932,0.0,103,255,0.8648202559439488,0.05143166419820773,0.0,0.0503456087635989,0.0,0.0,0.0,0.0,tcp,http,SF
53,0,935459,0,0,0,0,2,0,1,0,0,0,0,0,0,0,0,0,0,47,12,0.0,0.0,0.04070890239939096,0.0,1.0,0.0,0.0,123,166,1.0,0.0,0.0,0.06308816632409531,0.028215047512647605,0.0,0.4100835869257281,0.5790449953567134,tcp,http,SF
54,0,119940,19942,0,0,0,0,0,0,7,0,0,3,0,0,0,0,0,0,0,0,0.0,0.0,0.9731740298039244,1.0,1.0,0.0,0.2295965984454316,63,180,1.0,0.0,0.04052539516108702,0.24861828527939478,0.03437675236024409,0.0,0.9301225624010512,0.8523724119923559,tcp,http,REJ
55,0,203069,14554,0,0,0,1,0,1,0,0,0,1,0,0,0,0,0,0,0,0,0.0,0.0,0.0,0.03078877780149338,0.997909978803788,0.05942633243248298,0.0,70,138,0.5765700231299363,0.054029587612828736,0.0,0.02963505941994833,0.0,0.0,0.06518068405652401,0.16664222716211397,tcp,smtp,SF
56,0,0,30508,0,0,0,0,0,1,0,0,0,12,0,0,0,0,0,0,37,12,0.12656379126359368,0.0010431837756552274,0.0,0.0,1.0,0.0,0.027213491412200357,178,118,0.41339789485027556,0.0,0.0,0.0,0.07371146922083527,0.010110906694151838,0.027342041262799353,0.0,tcp,smtp,SF
57,3643,0,24975,0,0,0,0,0,0,0,0,0,5,0,0,0,0,0,0,0,0,0.0,0.0,0.0,0.04083876500634099,1.0,0.07154798993850864,0.04421617526425036,255,0,0.07115363688603273,0.6104390461415707,0.9924572479857763,0.00017592343808788433,0.0481346620343685,0.0,0.0,0.06810353176813091,udp,other,SF
58,0,0,24548,0,0,0,0,0,1,0,0,0,0,0,0,0,0,0,0,0,0,0.056874144971951666,0.032526474635430944,0.058691795186442734,0.08755448269712968,1.0,0.16155247030198455,0.0,41,255,1.0,0.0,0.037741308844549626,0.0,0.0,0.0,0.0,0.029708638448030057,tcp,http,SF
59,650,0,0,0,0,0,1,0,0,3,0,0,5,0,0,0,0,0,0,0,28,0.0,0.0,0.9719567624888438,1.0,0.9972861058929363,0.04436249925274805,0.0,0,87,1.0,0.022199809233535487,0.143049616716105,0.2188782823698746,0.0,0.0,1.0,0.8978637042213305,tcp,http,REJ
60,0,0,9995,0,0,0,0,0,1,2,0,0,0,0,0,0,0,0,0,4,0,0.0,0.03798257693277376,0.0,0.0,1.0,0.0,0.2565366887593049,201,204,0.6294387385459237,0.08684622551838808,0.0,0.020536150986977753,0.027387303607159384,0.04043373154624369,0.0,0.0,tcp,smtp,SF
61,0,564026,39603,0,0,0,0,0,1,0,0,0,0,0,0,0,0,0,0,0,0,0.0010482450787445247,0.0,0.06179023258374813,0.017675982069151278,0.9848865242724714,0.0849877950435271,0.0,61,166,0.9022541106911717,0.014957585144314296,0.0,0.015018163959967985,0.0,0.06316988182872918,0.028954886024641795,0.07118754948350023,tcp,http,SF
62,142,90799,0,0,0,0,30,0,1,0,0,0,9,0,0,0,0,0,1,7,0,0.0,0.03815314991881007,0.06856812280255638,0.0,0.9525682297450581,0.0,0.2138949653888461,65,0,0.211909569207058,0.21870174415302696,0.09632638250847578,0.0,0.0,0.0013393279319646328,0.0,0.06492496460117367,tcp,ftp,SF
63,394,124272,0,0,0,0,1,0,0,3,0,0,0,0,0,0,0,0,0,9,24,0.03898566484750604,0.05948149687760971,0.8843104506511913,0.9879654544721659,1.0,0.11171784125618477,0.06376641603956157,0,255,0.9723137893345659,0.0,0.30906392786672215,0.12523434343971165,0.010266906750066418,0.02105416990275231,1.0,1.0,tcp,http,REJ
64,478,0,6324,0,0,0,2,0,0,0,0,0,0,0,0,0,0,0,0,0,6,0.03959384057573742,0.019511990629363075,0.997059798101872,0.8796253463200786,0.9957820595854008,0.0,0.016325411323277438,0,239,0.8451371501338614,0.047716912598389914,0.5455763415123177,0.0682958235480284,0.03313653512634669,0.0,0.8671546895216841,0.7769069269886355,tcp,http,REJ
65,533,0,17007,0,0,0,0,0,1,5,0,0,9,0,0,0,0,0,0,65,0,0.0,0.0013356130629820493,0.0,0.13987264593015666,1.0,0.15923942112275466,0.0,94,117,0.8262933008455792,0.0,0.0,0.04193217495122371,0.03647807187702488,0.0,0.04327119312113786,0.05614205653855303,tcp,http,SF
66,0,315699,0,0,0,0,1,0,0,0,0,0,2,0,0,0,0,0,0,13,0,0.0,0.03849486272707962,1.0,1.0,1.0,0.0,0.30451618303832023,59,255,0.9855412737835392,0.10383018323028512,0.48325814277272944,0.06308718204432956,0.002541903957011061,0.013068518345635851,1.0,0.7818637646235956,tcp,http,REJ
67,0,0,1546,0,0,0,31,0,1,0,0,0,0,0,0,0,0,0,1,32,0,0.0,0.056568735145918814,0.14584299807884155,0.0,1.0,0.04859983799326988,0.0,103,0,0.45943008959499354,0.14761635675459736,0.046293393453070104,0.0,0.0,0.0,0.0,0.09715801205995578,tcp,ftp,SF
68,580,173802,0,0,0,0,0,0,0,1,0,0,0,0,0,0,0,0,0,0,11,0.0,0.023266192420791917,0.03650911935120335,0.07968010823331481,0.9890113753619437,0.0,0.0,70,74,0.5059904599465042,0.09585787964530348,0.0,0.032534311418044276,0.04396301312924138,0.022440356341941248,0.0,0.09418982810573932,udp,private,SF
69,0,0,0,0,0,0,0,0,1,16,0,0,0,0,0,0,0,0,0,0,0,0.0,0.02659041550059068,0.22011663497658196,0.1477580625073417,0.9605807818612127,0.0,0.0835834535023293,254,142,0.406927244661896,0.0,0.0,0.00432877188708053,0.0,0.0,0.17504460786482692,0.0,tcp,smtp,SF
70,0,0,0,0,0,0,0,0,0,5,0,0,15,0,0,0,0,0,0,15,0,0.0,0.07372111276236415,1.0,0.9029424460159429,1.0,0.0,0.0,47,246,1.0,0.045260637064955804,0.18133744271021265,0.1559934641818943,0.014204693770389442,0.0,0.9235291470500981,1.0,tcp,http,REJ
71,0,0,0,0,0,0,0,0,0,1,0,0,2,0,0,0,0,0,0,53,3,0.0,0.03386560557349747,0.0,0.0,0.9748399695013287,0.0,0.0,0,48,1.0,0.0,0.23061823536965642,0.02674957886518247,0.0,0.011274239267793218,0.0,0.0,udp,private,SF
72,0,0,0,0,0,0,1,0,0,2,0,0,0,0,0,0,0,0,0,240,267,0.0,0.0,0.0,0.15373086057699803,0.9962376635615083,0.08854144591451776,0.0,218,255,1.0,0.03923671095012189,0.02866879485832429,0.0,0.10336687067060198,0.04189469420125221,0.06255176505493447,0.07956770401488182,udp,domain_u,SF
73,334,0,49356,0,0,0,0,0,0,0,0,0,3,1,0,0,0,0,0,6,0,0.0,0.056355779243643774,1.0,0.9989535772276458,1.0,0.0,0.0856960212807781,26,201,0.9584545748653353,0.0,0.12710255994467334,0.11869963240259121,0.0947918608337861,0.0,1.0,0.8915619877082688,tcp,http,REJ
74,100,18596,0,0,0,0,0,0,0,0,0,0,0,0,0,0,0,0,0,0,36,0.0,0.0,0.032835918719079,0.0,1.0,0.0,0.24669143446399178,23,3,1.0,0.06740081470159354,0.05432293466091717,0.0,0.0,0.008484996070916875,0.0,0.031003614348281843,udp,private,SF
75,464,0,0,0,0,0,0,0,1,0,0,0,0,0,0,0,0,0,0,0,4,0.0,0.0014808367562748402,0.0,0.0047979499074175995,1.0,0.0,0.2742392518050644,18,207,1.0,0.0,0.0,0.07729306701076014,0.0,0.013176907202150333,0.0,0.0710009362431439,tcp,http,SF
76,0,0,0,0,0,0,2,0,0,12,0,0,0,0,0,0,0,0,0,32,32,0.0,0.004755353319893197,0.826286215786383,0.7825930353653748,0.9948594801403342,0.08370452942586168,0.0,19,218,1.0,0.0,0.0,0.22346662381331045,0.0,0.006970755344251399,0.9450624807183285,0.986464616737287,tcp,http,REJ
77,106,17639,0,0,0,0,0,0,0,10,0,0,0,0,0,0,0,0,0,255,206,0.012092804537221228,0.04310713516080861,0.0,0.29994737671195726,1.0,0.0747319782032797,0.13368118930361553,255,255,0.8083351014585659,0.04819419554421399,0.09196287295090781,0.0,0.012509010931733119,0.0,0.0,0.08281317815023011,udp,domain_u,SF
78,420,0,0,0,0,0,2,0,1,3,0,0,0,0,0,0,0,0,0,0,12,0.0,0.07781044369766138,0.10471871279945302,0.0,0.9816849737914114,0.0932990224831272,0.0,85,255,1.0,0.0,0.0,0.09490156585670075,0.0,0.006492018378518663,0.22243821767141242,0.0281814413254959,tcp,http,SF
79,2431,0,0,0,0,0,0,0,0,1,0,0,0,0,0,0,0,0,0,0,0,0.0,0.0010865655071422035,0.0,0.03317513142791099,1.0,0.0,0.0,223,0,0.1551082680155331,0.6667899304315911,1.0,0.0,0.0,0.005348940570683815,0.0,0.15057155169953954,udp,other,SF
80,307,133298,38612,0,0,0,0,0,0,0,0,0,7,0,0,0,0,0,0,0,0,0.0,0.0770277891039658,1.0,1.0,0.9864694060674307,0.09912376222877829,0.0,0,242,0.8889238961108951,0.047513313633894036,0.7787374070582438,0.06068600753084428,0.0,0.0,0.8920872594098131,0.7341182233019926,tcp,http,REJ
81,0,130631,30329,0,0,0,0,0,1,0,0,0,0,1,0,0,0,0,0,14,74,0.0,0.0073229083978773755,0.0,0.1304835030716119,1.0,0.0,0.0,151,206,0.2901563724269258,0.22271332421577467,0.030698344514708403,0.06700136559827795,0.030782981458579287,0.024907674626069236,0.03336699218618954,0.0,tcp,smtp,SF
82,0,0,2836,0,0,0,0,0,0,12,0,0,4,1,0,0,0,0,0,215,206,0.004312032462219215,0.06238564110342437,0.04396118702905626,0.11108071528764923,0.9641839350437601,0.0,0.0,42,89,0.6440095976334131,0.03776763380345473,0.0,0.0,0.0,0.0,0.05361470958496153,0.0,udp,domain_u,SF
83,0,52101,0,0,0,0,0,0,1,1,0,0,7,0,0,0,0,0,0,20,41,0.0,0.008828738696527737,0.0,0.0,0.9808425567085047,0.0,0.0,255,225,0.9653674551205969,0.0,0.1481085638323076,0.0,0.0,0.003724773658559616,0.0,0.0,tcp,http,SF
84,0,334635,35771,0,0,0,0,0,0,0,0,0,0,0,0,0,0,0,0,0,27,0.09294983711224769,0.0,0.8152211403085468,0.9845844769054236,1.0,0.0,0.18838655544539346,49,198,1.0,0.0,0.5353893749606177,0.0384455127606983,0.0,0.044082372351125776,1.0,0.725915077304832,tcp,http,REJ
85,327,254442,0,0,0,0,0,0,0,0,0,0,0,0,0,0,0,0,0,29,31,0.00791399961972236,0.08551855941631342,0.09583047581846438,0.0,0.9803584745792787,0.0,0.1143801117356645,14,63,0.9032614768507898,0.034441668581664586,0.0,0.0012699835468856252,0.0,0.0,0.03219399873890544,0.0,udp,private,SF
86,0,0,0,0,0,0,1,0,0,9,0,0,1,0,0,0,0,0,0,20,0,0.0,0.0,0.0,0.0,1.0,0.0,0.0,29,92,0.8764012780110929,0.0961577590483359,0.0,0.010454230131658845,0.010254803508155252,0.0,0.0,0.0,udp,private,SF
87,8,0,0,0,0,0,1,0,1,0,0,0,0,0,0,0,0,0,0,19,68,0.024267505739455197,0.0,0.0,0.0033250304008104587,1.0,0.016996415040280117,0.0,0,255,0.8112481291441581,0.008682162099291223,0.0,0.016960451978595713,0.012956636808082617,0.016240141161492277,0.03768839198991402,0.0,tcp,http,SF
88,323,0,0,0,0,0,2,0,1,0,0,0,9,0,0,0,0,0,0,0,30,0.10272351967035111,0.0,0.07029820352397481,0.07517523491205662,1.0,0.0,0.15991120642194356,255,214,0.8984741338450464,0.03297126758232622,0.02452039205448989,0.048634634732392976,0.0,0.04071721856667686,0.11820735580552916,0.024400911591597657,tcp,http,SF
89,300,153118,26306,0,0,0,0,0,0,0,0,0,14,0,0,0,0,0,0,0,2,0.012286927249566981,0.05638361438007966,1.0,1.0,1.0,0.016756571288815636,0.0,37,202,1.0,0.0,0.14402023686134455,0.19494002025082235,0.007678526671647974,0.0,1.0,1.0,tcp,http,REJ
90,447,63858,79356,0,0,0,0,0,0,0,0,0,11,0,0,0,0,0,0,32,36,0.0,0.06689179000293186,0.6862374356974723,0.8920927555218097,0.9831285553333448,0.0,0.0,67,226,0.744341964723231,0.06200869296929825,0.07618513931077486,0.1767126352815406,0.0,0.0,0.8688307121227123,1.0,tcp,http,REJ
91,0,206051,2280,0,0,0,0,0,0,0,0,0,0,0,0,0,0,0,0,312,264,0.021005888156644,0.016601395340593773,0.0,0.10851217893501398,0.9628133254244912,0.0,0.0,255,255,0.7648436472141846,0.04974128930899973,0.05782037935516715,0.0008901395517456194,0.0,0.03434999591060707,0.0,0.09074989690522775,udp,domain_u,SF
92,0,43162,0,0,0,0,0,0,0,1,0,0,0,1,0,0,0,0,0,58,30,0.0,0.0,0.9602139859215603,0.8182297795044237,1.0,0.0,0.13580179458922348,58,200,0.9912501687874292,0.0,0.0,0.201705482888737,0.0,0.024809230613849854,0.7271236101210813,0.8715215486211338,tcp,http,REJ
93,0,268028,0,0,0,0,0,0,0,0,0,0,0,0,0,0,0,0,0,261,267,0.0,0.0,0.1170880562244896,0.13016630809468874,1.0,0.06927291900401862,0.0,176,255,1.0,0.03886158047338925,0.10885368430188645,0.0,0.053254553874542844,0.011178805398610145,0.0,0.0,udp,domain_u,SF
94,0,30960,19240,0,0,0,1,0,0,5,0,0,3,0,0,0,0,0,0,16,13,0.08253228996917905,0.0,1.0,1.0,1.0,0.03706129916344833,0.0283878361881889,0,255,1.0,0.0,0.47367924901864805,0.07919862482958728,0.03724723586831475,0.0,0.9372678522111013,0.858531386593679,tcp,http,REJ
95,1667,256975,0,0,0,0,1,0,0,1,0,0,0,0,0,0,0,0,0,0,54,0.07202519046025954,0.0,0.26052812589186214,0.11560288060238887,0.9293866960703384,0.0,0.01589347668415386,255,17,0.2601277792671327,0.7088759023845468,1.0,0.08118557330497249,0.004477604006246474,0.017359132694248307,0.0036893972611412207,0.020041488148147775,udp,other,SF
96,0,288765,23210,0,0,0,1,0,1,7,0,0,0,0,0,0,0,0,0,34,0,0.0,0.0,0.0,0.08153775808878566,1.0,0.0,0.07898060126073299,11,202,0.93795627408243,0.0,0.0,0.0016586474730749812,0.0,0.04001896530531627,0.020888355032679957,0.13264337904455462,tcp,http,SF
97,0,0,31322,0,0,0,0,0,1,0,0,0,9,1,0,0,0,0,0,0,54,0.0,0.02250132944221475,0.03787346461530712,0.03980359437444105,0.9891905555924873,0.05749981578194996,0.022505311069069903,0,255,0.7760114603738124,0.010356998645795418,0.1002926271637142,0.00980083389489856,0.0,0.0626312019582294,0.11000510598014694,0.0,tcp,http,SF
98,302,0,19360,0,0,0,31,0,1,20,0,0,0,0,0,0,0,0,1,20,0,0.007787033781490811,0.0,0.0,0.0,1.0,0.13181558364249416,0.0,120,59,0.2276175804506948,0.08088335556563127,0.28876382783955223,0.06988141809625124,0.0,0.0,0.0,0.0737780190734978,tcp,ftp,SF
99,0,505420,0,0,0,0,0,0,1,0,0,0,0,0,0,0,0,0,0,85,43,0.0,0.012979904021802395,0.0,0.11081305962270614,0.9216000887277724,0.0,0.06808829584820852,226,255,0.9799064515574455,0.018151988740616486,0.13266678498823267,0.0,0.0005624027111157488,0.0046195133159526065,0.0,0.0,tcp,http,SF
100,0,84110,19840,0,0,0,0,0,0,0,0,0,0,0,0,0,0,0,0,0,0,0.0,0.0,0.0,0.03832485601003051,1.0,0.0,0.12161319413767122,121,68,0.9917655559092824,0.12135863857411293,0.10490992404961569,0.0038090931796545663,0.0015331319107658883,0.0,0.04499237899484638,0.034383406772869406,udp,private,SF
101,3512,0,6064,0,0,0,0,0,0,0,0,0,3,0,0,0,0,0,0,81,14,0.0,0.07471058462600136,0.0,0.07120748185295929,0.9292837329721466,0.0,0.20205296980437487,254,0,0.0,0.6821964966828796,1.0,0.0,0.0,0.028125255268739314,0.0,0.03732388725009731,udp,other,SF
102,0,0,0,0,0,0,0,0,0,0,0,0,0,0,0,0,0,0,0,14,0,0.0,0.0,0.9470286279956164,1.0,1.0,0.04107259834418098,0.0,0,247,1.0,0.012176038789642409,0.5067271402356905,0.1154693981870743,0.040433694873653864,0.02742383885422221,1.0,0.837855503364067,tcp,http,REJ
103,495,252740,64649,0,0,0,2,0,0,0,0,0,2,0,0,0,0,0,0,0,0,0.0,0.038719352263971406,0.0,0.0492500715178559,1.0,0.0,0.14341845742366058,136,171,0.8752883593133365,0.11570893805183202,0.0,0.0,0.01771058339975118,0.011729486689991053,0.26655826647022296,0.0,udp,private,SF
104,0,0,0,0,0,0,0,0,1,2,0,0,0,0,0,0,0,0,0,0,72,0.04020226819731108,0.008395025775360306,0.044634392040693166,0.13182406652035195,0.9760257412140572,0.0,0.0,0,230,0.8506063054627788,0.12225202425180427,0.0,0.08148118859009851,0.0,0.03449387549645478,0.07550905691405296,0.026591638012645927,tcp,http,SF
105,0,0,27188,0,0,0,0,0,0,0,0,0,0,1,0,0,0,0,0,66,0,0.05852599795668024,0.0179080567480565,0.0,0.0,0.8479416137846332,0.0,0.1302443276134446,140,11,0.7958989207230074,0.028858603797506186,0.0,0.0,0.00502873053404424,0.0,0.0300611111305293,0.061819237345365825,udp,private,SF
106,0,458743,0,0,0,0,0,0,1,1,0,0,10,0,0,0,0,0,0,18,7,0.0,0.0,0.0,0.047396170040784544,1.0,0.006733484132477338,0.0,222,238,1.0,0.0,0.08156651382572692,0.0,0.03479908658176305,0.0,0.0,0.010284153235715332,tcp,http,SF
107,0,0,44496,0,0,0,3,0,0,0,0,0,3,0,0,0,0,0,0,0,0,0.0,0.0,1.0,0.92120529614315,0.9223838486665514,0.0,0.10690435181115115,13,230,1.0,0.0,0.004170648377623154,0.11355077343399353,0.00932464602433973,0.0,1.0,0.734457274987215,tcp,http,REJ
108,564,0,53730,0,0,0,1,0,1,0,0,0,0,1,0,0,0,0,0,3,0,0.030588451278214183,0.0,0.0,0.058447766464053606,1.0,0.0,0.19484790757345954,124,173,1.0,0.029049798407980137,0.0929376202171978,0.0,0.026785695942296094,0.03192587106598113,0.15008157939324726,0.0,tcp,http,SF
109,0,69292,1187,0,0,0,0,0,0,4,0,0,0,0,0,0,0,0,0,13,0,9.2430147888786e-05,0.0011277646382905982,0.0,0.025468488771235843,0.9462671226470916,0.006497542856899465,0.02421844487673446,45,3,1.0,0.016891323228056206,0.0,0.0,0.0,0.03257765973597529,0.0,0.06521491027851621,udp,private,SF
110,292,128100,22296,0,0,0,0,0,1,15,0,0,11,0,0,0,0,0,0,19,1,0.08408819731106874,0.05900367817066146,0.0,0.0,1.0,0.0,0.0,0,229,0.8054548682452563,0.0,0.0,0.014058270562866081,0.0,0.009227537750241764,0.11653794297919164,0.0,tcp,http,SF
111,160,162687,21149,0,0,0,0,0,1,0,0,0,4,0,0,0,0,0,0,13,0,0.0,0.01927649328137607,0.1168679120203324,0.009493040770237516,0.972059847055352,0.0,0.0,236,255,1.0,0.07238239317113698,0.17897871554031983,0.0,0.0,0.007705559228480967,0.04531587867178238,0.10245794649603261,tcp,http,SF
112,0,298544,0,0,0,0,0,0,1,0,0,0,8,0,0,0,0,0,0,58,8,0.041857406668123556,0.0,0.027513398248717794,0.0,0.944634922984069,0.07479841510530871,0.0,63,174,0.9669107076263562,0.05255318866265631,0.0,0.0,0.008479220069988776,0.01600129794573571,0.15881607114654347,0.0,tcp,http,SF
113,0,64995,19072,0,0,0,0,0,0,0,0,0,0,0,0,0,0,0,0,0,0,0.0,0.003885687204007025,0.7876452409857451,0.7816887963597005,1.0,0.0,0.22186723403889955,127,255,0.7523857722612793,0.07390309128220382,0.0,0.1287191842105203,0.0,0.0,0.9563319759703954,0.9492685799636348,tcp,http,REJ
114,48,160222,0,0,0,0,0,0,0,0,0,0,0,0,0,0,0,0,0,286,272,0.0,0.0,0.0,0.035960442277867564,0.9063505776233228,0.012686535816000172,0.0,231,255,0.8948959090537563,0.0966311645628547,0.0,0.007875558911083949,0.05032259321855514,0.039549591159139315,0.018505930413330825,0.019815172682735634,udp,domain_u,SF
115,0,0,0,0,0,0,2,0,0,0,0,0,3,0,0,0,0,0,0,0,0,0.10924930103860898,0.0,1.0,1.0,0.9695718487158906,0.05345109004554838,0.0,64,255,1.0,0.012285306149168238,0.2190445110533079,0.1286763229527826,0.06553688493567064,0.0,1.0,0.9114524727554584,tcp,http,REJ
116,156,20521,39283,0,0,0,0,0,0,5,0,0,0,0,0,0,0,0,0,0,0,0.11596403317855315,0.0,1.0,0.8053554152251012,1.0,0.011711987892778296,0.11941865359895043,57,246,0.89805219257316,0.016793077677154114,0.12199062034621772,0.06062844706260251,0.0,0.012476009153100188,0.9694129244361581,1.0,tcp,http,REJ
117,15,35196,33975,0,0,0,0,0,0,0,0,0,0,0,0,0,0,0,0,30,0,0.0,0.03397928047377383,1.0,1.0,1.0,0.09042626405667227,0.11232456843762473,57,161,0.8712588778512571,0.06488083250842647,0.216112717123186,0.21874946293265018,0.0,0.0,1.0,1.0,tcp,http,REJ
118,1080,70507,0,0,0,0,0,0,0,15,0,0,0,0,0,0,0,0,0,0,16,0.021621724367466805,0.0,0.0,0.0,0.9291412535862376,0.0,0.0058238590132454835,30,0,0.8316127105905576,0.0,0.0,0.025130063112622857,0.0,0.027500074113268536,0.0,0.0,udp,private,SF
119,0,252897,0,0,0,0,0,0,0,3,0,0,3,0,0,0,0,0,0,134,166,0.0,0.0,0.0,0.0,0.9449732190203687,0.0,0.0,98,0,0.7669013869992403,0.0,0.5301753787067756,0.0,0.01865377907093217,0.0,0.011105888866334417,0.0,udp,domain_u,SF
120,0,181700,0,0,0,0,2,0,0,0,0,0,0,0,0,0,0,0,0,33,44,0.0,0.0436967883938325,0.8907500643984997,0.7057604363724137,1.0,0.0,0.0,56,255,0.950907225473795,0.0,0.0,0.11772219376903773,0.02707725295484545,0.06002208793187613,0.8311151944782856,1.0,tcp,http,REJ
121,120,14713,25877,0,0,0,2,0,1,0,0,0,4,1,0,0,0,0,0,0,17,0.0,0.020865220461233232,0.0,0.0,0.8529372424592719,0.24169092607751122,0.0,255,255,1.0,0.059420417323762305,0.3763557715605756,0.02498303475109258,0.018847443383568602,0.0,0.0,0.10566654004434738,tcp,http,SF
122,149,0,0,0,0,0,1,0,1,0,0,0,2,0,0,0,0,0,0,0,0,0.0,0.056910593978843314,0.0,0.0,1.0,0.037296524492371155,0.026852616680483794,32,117,0.2518809576052998,0.0,0.14917139422799627,0.0,0.022808180793045838,0.02722525390675278,0.02152010209363751,0.0,tcp,smtp,SF
123,920,34366,13891,0,0,0,0,0,1,5,0,0,0,0,0,0,0,0,0,0,1,0.0896591628084957,0.0638842198336085,0.14834411815981088,0.12907426215257875,0.9264107840475996,0.051046693209826535,0.0,96,116,0.7022192963010817,0.0,0.0,0.0,0.0,0.0,0.0,0.1121658284848054,tcp,smtp,SF
124,561,0,27714,0,0,0,0,0,1,0,0,0,3,0,0,0,0,0,0,57,29,0.0,0.0,0.0,0.0,0.9677951506047834,0.0479863983582977,0.05732315997495771,255,255,1.0,0.0,0.02885559042545225,0.0,0.0,0.0,0.0,0.0,tcp,http,SF
125,240,63229,0,0,0,0,0,0,0,0,0,0,0,0,0,0,0,0,0,40,1,0.002459345641550713,0.01282702431566013,0.7361026346678926,0.7223042801317269,1.0,0.005789088955506094,0.07980052344398067,0,255,1.0,0.03026846565414206,0.0,0.19618716666990513,0.0,0.0,0.9151380689278986,1.0,tcp,http,REJ
126,987,722303,35355,0,0,0,1,0,0,0,0,0,0,0,0,0,0,0,0,3,0,0.0,0.0,0.09689195875029419,0.0,1.0,0.07707777311264413,0.1738639613953987,47,30,0.5390683284019322,0.045599510723320906,0.12418900773717191,0.019373063913681658,0.0761811802540235,0.010205601041311008,0.016491565524502396,0.0,udp,private,SF
127,0,0,0,0,0,0,1,0,0,5,0,0,4,0,0,0,0,0,0,62,37,0.009236000083336117,0.0,0.9416311128783565,1.0,0.9290525737959834,0.0,0.09471304870162224,0,255,0.9512606471800665,0.0,0.10616005929180462,0.15799538526359896,0.012197250489690326,0.0,1.0,1.0,tcp,http,REJ
128,0,142162,0,0,0,0,1,0,1,8,0,0,4,0,0,0,0,0,0,29,0,0.0,0.0,0.0,0.11889903117770272,1.0,0.020342894981694535,0.0,195,211,0.8653592893396642,0.019204848134327684,0.10027220613063513,0.04120546637443759,0.029555302687725868,0.0,0.0,0.023726540454250357,tcp,smtp,SF
129,0,361926,0,0,0,0,0,0,1,9,0,0,0,0,0,0,0,0,0,49,15,0.0,0.0,0.0,0.05099247037977628,0.8104026708122207,0.031451177257772654,0.0,131,115,0.5202603865568226,0.02880434541553439,0.033172804838541,0.0,0.041674732745753694,0.0025931044235867505,0.10240872888979495,0.01286497211637641,tcp,smtp,SF
130,0,32181,35603,0,0,0,0,0,0,4,0,0,0,0,0,0,0,0,0,0,0,0.0,0.0,0.0,0.0,0.9173907946441235,0.07481641226920012,0.0,55,13,0.848226236731292,0.060950507024033096,0.0,0.0529808415264936,0.0,0.01157992064889755,0.0,0.05629103493405033,udp,private,SF
131,0,765180,0,0,0,0,0,0,0,0,0,0,0,0,0,0,0,0,0,0,23,0.0628576360154706,0.0,0.8723711841532796,0.7764965153372785,0.9531166614726554,0.0,0.2565549167487036,37,246,0.9339968014493493,0.001777898880972254,0.09438643463986349,0.057220775923450845,0.010293962171942502,0.0,0.9189666531009625,0.9323308449482097,tcp,http,REJ
132,427,0,12314,0,0,0,1,0,0,5,0,0,0,0,0,0,0,0,0,216,212,0.0,0.0,0.01746674165651673,0.0,0.9200768205981972,0.0,0.03975777139679174,229,35,0.5579448233416331,0.0,0.056527228345219394,0.04787708790812477,0.02359341821125836,0.0,0.12681721620307654,0.0,udp,domain_u,SF
133,0,109819,1540,0,0,0,0,0,1,0,0,0,11,0,0,0,0,0,0,25,0,0.0,0.10885685433893816,0.12487156406931305,0.051459656864652474,1.0,0.0,0.08067876869469345,45,187,1.0,0.050765211798542396,0.0,0.021790321128049843,0.0,0.0,0.0,0.08943740809165822,tcp,http,SF
134,0,0,0,0,0,0,1,0,0,0,0,0,2,0,0,0,0,0,0,35,0,0.0,0.0,0.9758923400392605,0.9544350935052895,0.8779023850417895,0.03836272769555654,0.0,108,135,0.7706478058208043,0.023781423635746472,0.0,0.23274846848737935,0.016760294687187743,0.014533547938602754,0.9603122484647764,1.0,tcp,http,REJ
135,0,0,0,0,0,0,0,0,0,3,0,0,0,0,0,0,0,0,0,0,15,0.0,0.05059558760609226,0.0,0.0,1.0,0.03941039966230047,0.06547396215956948,0,70,0.8318990097313218,0.07158556658050548,0.14525220116529358,0.04857102025854756,0.059667797095969054,0.024480439694174985,0.0,0.0,udp,private,SF
136,211,81692,48972,0,0,0,0,0,1,0,0,0,0,0,0,0,0,0,0,26,14,0.0,0.0,0.12662868040386852,0.05926125775220811,0.9795220605196411,0.0,0.0,191,255,1.0,0.02387272561796573,0.14887812051403815,0.09881003667937126,0.0,0.02791730734364725,0.31664439575349734,0.5928846446969992,tcp,http,SF
137,3202,277141,7134,0,0,0,0,0,0,0,0,0,5,0,0,0,0,0,0,28,0,0.04753787455056659,0.0,0.09953967508638384,0.12803395734837658,0.8997989051814059,0.14059734284666175,0.12631201569238126,255,27,0.16115680831332657,0.782956080296356,0.9818876398825436,0.012488235929273346,0.0,0.0043605355825901805,0.0,0.0,udp,other,SF
138,3980,104585,0,0,0,0,0,0,0,1,0,0,0,0,0,0,0,0,0,27,0,0.0,0.0,0.0,0.0,0.8453183463588088,0.021033046887914183,0.0,255,40,0.0,0.613983917648801,1.0,0.02905038222816304,0.00795011980852197,0.0,0.0,0.0,udp,other,SF
139,1958,662703,10975,0,0,0,2,0,1,2,0,0,0,0,0,0,0,0,0,0,20,0.0,0.0339370747121528,0.02970115277304113,0.01220283615384575,0.984160743105628,0.0091225126180209,0.0,126,118,0.7761163915555656,0.002861297814139508,0.15859594523690929,0.0,0.0,0.0,0.0,0.04258888132834594,tcp,smtp,SF
140,278,0,0,0,0,0,2,0,1,6,0,0,6,0,0,0,0,0,0,15,0,0.014580978605248733,0.0,0.0,0.0,0.9483165786786147,0.0,0.3055590811041674,255,199,0.7011973029765056,0.0783221416126098,0.17593809591795082,0.0,0.018341250065429943,0.0044812978459192986,0.0,0.0,tcp,smtp,SF
141,0,0,120402,0,0,0,0,0,0,6,0,0,3,0,0,0,0,0,0,6,45,0.0,0.0368348828855713,0.7318011966628778,0.6112918547480332,1.0,0.06834171928973777,0.08821828000398457,40,133,1.0,0.08105869101562099,0.09309244151991938,0.1690993659987432,0.0,0.0,0.8357488464644067,1.0,tcp,http,REJ
142,0,885322,12757,0,0,0,2,0,1,1,0,0,0,0,0,0,0,0,0,11,31,0.1171652656802068,0.07747577108838913,0.22347203982419137,0.0,0.966826056231478,0.028607079689403136,0.01447993569183156,0,255,1.0,0.0,0.0,0.03337365926078434,0.0028085192885329356,0.0,0.08716074396473161,0.021513831407281213,tcp,http,SF
143,180,129338,0,0,0,0,0,0,1,0,0,0,0,0,0,0,0,0,0,0,5,0.0,0.0,0.0,0.0,1.0,0.13880342605925305,0.0,0,214,1.0,0.0,0.16348432103351257,0.02951061129727365,0.05652910018001477,0.0,0.0,0.0,tcp,http,SF
144,0,15106,49832,0,0,0,1,0,1,1,0,0,1,1,0,0,0,0,0,0,34,0.02011390214134421,0.051983019907735115,0.030002521062776105,0.0,0.9895089086784438,0.0,0.08408535504422836,154,20,0.707289600289791,0.023180445790619095,0.0,0.07152030326754753,0.0,0.0,0.0,0.026436519398241168,tcp,smtp,SF
145,0,0,0,0,0,0,0,0,0,0,0,0,0,0,0,0,0,0,0,0,0,0.04018075252125445,0.0011318552004547734,0.0,0.055361844427243005,0.9687892142794932,0.0,0.11966918169287877,60,0,0.6606520085227033,0.056739986882019,0.14449070957637639,0.03861237113188616,0.0,0.0,0.0,0.0,udp,private,SF
146,0,0,3420,0,0,0,0,0,0,0,0,0,1,0,0,0,0,0,0,255,304,0.0,0.0,0.07490152826674536,0.0,1.0,0.0,0.0,177,255,1.0,0.08710887306514824,0.0,0.0,0.017306939598842788,0.008979123089425842,0.002310257072656003,0.0,udp,domain_u,SF
147,0,306645,69670,0,0,0,0,0,0,17,0,0,0,0,0,0,0,0,0,0,41,0.008040097129873218,0.0,0.0,0.1001117772134237,1.0,0.04064178267394423,0.12019432616505164,93,86,1.0,0.005528564349012641,0.0,0.014835580671810568,0.0009169602710840018,0.0,0.0,0.0,udp,private,SF
148,716,0,0,0,0,0,0,0,0,1,0,0,0,0,0,0,0,0,0,0,60,0.0,0.007929708714631004,1.0,0.908406087464806,1.0,0.0,0.22809336678113834,0,183,1.0,0.0,0.0,0.10754394699233392,0.009821765629627423,0.0,0.7347699882314297,1.0,tcp,http,REJ
149,105,41902,0,0,0,0,1,0,1,3,0,0,0,0,0,0,0,0,0,61,2,0.013322385167510041,0.01784955510558276,0.18280733965364593,0.0,1.0,0.09335282990207333,0.07100608620747667,161,222,0.8374744589733237,0.0,0.0,0.026737376178097204,0.0448278832748824,0.003241819145767173,0.32837710399204695,0.674047589682493,tcp,http,SF
150,0,0,0,0,0,0,0,0,0,0,0,0,2,0,0,0,0,0,0,0,78,0.0049067476153884845,0.0,1.0,0.8982993214958909,0.9783685788797897,0.0,0.0,0,255,1.0,0.0,0.42529241863414097,0.03006033652655145,0.0,0.04550279343402578,1.0,0.8612762179812313,tcp,http,REJ
151,0,239464,50834,0,0,0,0,0,0,7,0,0,0,0,0,0,0,0,0,277,273,0.0,0.0014106317311566665,0.011684139392597952,0.0,1.0,0.07946263249490182,0.0,241,255,0.9239451586305185,0.1752318812335202,0.0,0.0,0.0,0.0,0.0,0.18353548163598501,udp,domain_u,SF
152,0,0,14789,0,0,0,0,0,1,5,0,0,0,0,0,0,0,0,0,0,11,0.0,0.03664187788692929,0.0,0.1452952931889611,1.0,0.0,0.22783854624408645,227,255,1.0,0.024647424122870566,0.0720997717953396,0.0,0.0,0.0,0.0,0.0,tcp,http,SF
153,0,0,0,0,0,0,0,0,1,5,0,0,0,0,0,0,0,0,0,56,18,0.09060939608609837,0.044428896159008406,0.0,0.0,0.8195674069017211,0.08689137693658575,0.011127153141144777,96,212,0.8270265641186848,0.03856003918130406,0.0,0.05513049158248395,0.008906605497259405,0.0,0.0,0.13125670941138723,tcp,http,SF
154,0,73457,0,0,0,0,2,0,0,1,0,0,0,1,0,0,0,0,0,204,164,0.02850964702808927,0.0,0.04162165665283337,0.0,0.9825072520521853,0.11055982741782962,0.011734406452107191,108,70,0.6178436580036183,0.019981261063926933,0.0,0.0,0.007698791508766702,0.05251200347864106,0.09126291933446624,0.13392255249215795,udp,domain_u,SF
155,1187,196695,0,0,0,0,2,0,0,7,0,0,14,0,0,0,0,0,0,0,40,0.0,0.01950847327279342,1.0,1.0,0.9834438617157742,0.0,0.0,103,93,1.0,0.008854584084117448,0.030405026947774833,0.25735851331067533,0.0,0.04165332862120489,0.914375913179753,1.0,tcp,http,REJ
156,2727,108983,12696,0,0,0,0,0,0,8,0,0,0,0,0,0,0,0,0,0,0,0.0,0.04771508964106799,0.09984524396168601,0.0,1.0,0.035956708002214705,0.0,255,50,0.0,0.7306919947323576,1.0,0.01829678105582867,0.03441254774008855,0.02729016635859342,0.12689249351389895,0.04409329218979502,udp,other,SF
157,660,0,46647,0,0,0,0,0,0,2,0,0,0,0,0,0,0,0,0,26,30,0.0,0.037927705460731265,0.9066035953203317,1.0,0.9410172918421377,0.019662785427057506,0.16108380581767037,7,255,1.0,0.03626559779856213,0.11187783068712817,0.11517518404322087,0.0,0.020375331404568226,0.8401868797724833,1.0,tcp,http,REJ
158,0,221788,36818,0,0,0,0,0,0,0,0,0,6,1,0,0,0,0,0,187,303,0.037050987344756516,0.03966206931966923,0.15541510792054158,0.0,1.0,0.037950440188122124,0.20238931542464417,255,216,0.7311784123806361,0.03250368516196814,0.0,0.030200454718026664,0.005847681576315756,0.02070752943798901,0.018778329189777794,0.0,udp,domain_u,SF
159,0,7126,16228,0,0,0,1,0,1,6,0,0,0,0,0,0,0,0,0,0,19,0.0,0.005050167504892438,0.0,0.09361683866365127,0.9456812811652262,0.09433768979324623,0.10767406781193249,76,104,0.7066168690850078,0.031038954491984707,0.0,0.0010962819772496642,0.027688692916249185,0.0,0.06476811271368071,0.0,tcp,smtp,SF
160,0,0,0,0,0,0,1,0,1,0,0,0,0,0,0,0,0,0,0,1,0,0.00019825389083132176,0.0,0.0,0.08480096483860097,0.9662042821243854,0.07147920734560956,0.07449737254777702,255,255,0.608703914055984,0.0,0.0,0.013797728918472836,0.0,0.025190102957254223,0.07444360539446268,0.0,tcp,http,SF
161,0,0,0,0,0,0,0,0,1,0,0,0,7,0,0,0,0,0,0,0,0,0.0,0.012106951829586519,0.0368796948713506,0.11182410837530977,0.9510819908915373,0.03775990263963617,0.08463391163177243,214,233,0.958914342559293,0.027349491399242008,0.0,0.0,0.0,0.026320373463095473,0.06759197923400823,0.02810563471112372,tcp,http,SF
162,1431,676464,18920,0,0,0,0,0,1,0,0,0,3,0,0,0,0,0,0,70,0,0.0,0.0,0.04338293685666361,0.020905067777763034,1.0,0.04869902445939479,0.0,111,106,0.6972842159135877,0.035385449155961826,0.3034335736428169,0.07440011125845411,0.0,0.024526999609210436,0.025974032084890263,0.0,tcp,smtp,SF
163,2087,207465,0,0,0,0,0,0,0,0,0,0,2,0,0,0,0,0,0,0,0,0.0382714358982036,0.0494796357466042,0.0,0.0,0.8464468197541732,0.0,0.0,255,31,0.12482632197170632,0.8174603717603984,1.0,0.024518680573574994,0.007154185420756406,0.0,0.11263322366524102,0.0,udp,other,SF
164,563,198015,0,0,0,0,2,0,0,6,0,0,0,0,0,0,0,0,0,54,52,0.05133260756567642,0.0,0.8010682608453614,0.7149094000758274,1.0,0.0,0.0,62,255,0.9830211710304174,0.06771262995112211,0.0,0.13677450372471925,0.0780311323310989,0.0,0.7532443489864504,0.880445081769521,tcp,http,REJ
165,0,411958,14628,0,0,0,1,0,1,0,0,0,0,0,0,0,0,0,0,64,7,0.04115143028121139,0.0,0.0,0.0,1.0,0.0,0.17757737401321813,0,255,0.9610668645375746,0.0,0.2659143315154172,0.03705587456130352,0.0,0.0,0.0,0.0,tcp,http,SF
166,626,920689,0,0,0,0,1,0,0,0,0,0,7,0,0,0,0,0,0,19,0,0.0,0.0,0.0,0.20212402624361067,0.9584110876988063,0.0,0.0,23,56,1.0,0.0,0.0,0.10962919775882603,0.020789012445534397,0.028955460346162407,0.0,0.0,udp,private,SF
167,259,0,0,0,0,0,0,0,1,0,0,0,0,0,0,0,0,0,0,0,0,0.0,0.020897109212531666,0.0,0.0,1.0,0.08202596165945168,0.0644348239354221,255,177,1.0,0.0,0.0,0.0,0.0,0.00880427044433427,0.1448467191570457,0.0,tcp,http,SF
168,0,0,0,0,0,0,0,0,1,0,0,0,9,0,0,0,0,0,0,0,41,0.01231563205458807,0.02925493920741002,0.030253559011041316,0.016319265336995868,1.0,0.0,0.028465650235876036,236,255,1.0,0.0,0.0,0.0,0.01719394731452007,0.011389470057737511,0.0455184196406327,0.01031067522649278,tcp,http,SF
169,0,0,17894,0,0,0,3,0,1,0,0,0,0,0,0,0,0,0,0,24,2,0.0,0.06624838089678937,0.0,0.153912930003766,1.0,0.0,0.03531794152643311,184,255,0.7920103466489101,0.0,0.13074328501623714,0.0,0.0,0.016716848404034933,0.06658197898424512,0.0,tcp,http,SF
170,0,0,37341,0,0,0,2,0,1,0,0,0,10,0,0,0,0,0,0,49,60,0.0,0.0034593683934782955,0.0,0.02580558580635977,1.0,0.0,0.046589817895049616,251,255,0.9676698082524617,0.0,0.0,0.0,0.0,0.0,0.0,0.0472564612834549,tcp,http,SF
171,300,0,21499,0,0,0,0,0,1,0,0,0,3,0,0,0,0,0,0,19,0,0.0,0.0,0.13261316867022352,0.0,1.0,0.04267902471357119,0.09419376963171401,249,116,0.6465546842564186,0.0,0.19192010097212603,0.0,0.003632837472970652,0.025613063090193323,0.0797509916471718,0.18912739997326108,tcp,http,SF
172,0,0,6594,0,0,0,0,0,1,0,0,0,0,0,0,0,0,0,0,48,21,0.07291627698964483,0.0,0.20994066963679633,0.07400304380462079,0.8849850075404965,0.0,0.0,47,255,0.7796536466704741,0.0,0.08525942537254307,0.046356149582392876,0.0,0.0,0.0,0.1200956431131911,tcp,http,SF
173,0,0,0,0,0,0,0,0,1,0,0,0,4,0,0,0,0,0,0,85,1,0.0,0.0,0.0,0.0,1.0,0.05757076234914017,0.1597004751140751,65,213,0.8865448579414597,0.00948550695227158,0.14573521500527387,0.06597948040225624,0.1448961725515911,0.0,0.0,0.0,tcp,http,SF
174,0,109893,0,0,0,0,2,0,1,7,0,0,0,0,0,0,0,0,0,27,67,0.0023123132423282207,0.023133022394808696,0.10366449856364639,0.029303463884786073,0.8730607381493161,0.0,0.0,255,255,1.0,0.0,0.0,0.0,0.0,0.0,0.0,0.0,tcp,http,SF
175,116,17225,0,0,0,0,0,0,1,0,0,0,0,0,0,0,0,0,0,0,24,0.0,0.0,0.03944231817392693,0.0519081935877309,0.9618090594722059,0.02803598354697529,0.03234272356161602,0,255,0.9225133680328054,0.0,0.0,0.023185321464488914,0.027960260887749222,0.0023237335579810005,0.0,0.0,tcp,http,SF
176,1061,157745,17108,0,0,0,0,0,1,0,0,0,0,0,0,0,0,0,0,20,84,0.0,0.0,0.0,0.0,1.0,0.03172482528982153,0.0,0,243,0.9534389034255605,0.07830240588843199,0.0,0.013040066849897308,0.06875601874918574,0.0,0.0,0.018748673738077887,tcp,http,SF
177,107,166224,11856,0,0,0,0,0,0,0,0,0,0,0,0,0,0,0,0,237,185,0.0,0.07219592401397823,0.0,0.018889157296155215,1.0,0.06801564394883049,0.0,135,75,0.6683441483823904,0.04597327822821699,0.0,0.0,0.013505214652302384,0.0,0.05339369596100068,0.024316588932092247,udp,domain_u,SF
178,0,201109,0,0,0,0,0,0,1,3,0,0,7,0,0,0,0,0,0,7,60,0.03836638291052142,0.00800203038616414,0.0,0.1621681086816557,1.0,0.0,0.0,10,255,0.8919520074110802,0.0,0.0,0.08339152195596944,0.0,0.0,0.02327285623066364,0.016719987902329363,tcp,http,SF
179,2831,0,0,0,0,0,0,0,0,0,0,0,4,0,0,0,0,0,0,42,5,0.0017314342954650285,0.0,0.032908623908906816,0.0,1.0,0.057273261101173055,0.0032705304709022146,235,26,0.0,0.6228876361833603,1.0,0.0,0.004730800782531007,0.0,0.11654765762611156,0.0,udp,other,SF
180,877,694469,42754,0,0,0,0,0,1,0,0,0,0,0,0,0,0,0,0,5,32,0.0,0.0,0.0,0.13346988310196264,1.0,0.11065183561531475,0.09932605233502005,62,255,0.879808355337244,0.0,0.0,0.03406366972628251,0.0,0.0236409938446013,0.08630107557794064,0.5475738675456198,tcp,http,SF
181,154,88947,4218,0,0,0,1,0,1,0,0,0,0,0,0,0,0,0,0,10,0,0.0024962418276180433,0.0,0.013621169491423158,0.0,0.9615414850054984,0.0,0.01027199331432821,188,131,0.5905477734927198,0.0,0.08834829863420665,0.03951386097058092,0.0,0.020838278100642687,0.14530878031461555,0.09186281326589603,tcp,smtp,SF
182,0,0,0,0,0,0,0,0,1,7,0,0,2,0,0,0,0,0,0,0,12,0.0,0.0,0.261481167567188,0.1826435324247414,0.9478253228158697,0.0037974040856196592,0.2648410113643057,205,153,0.7854837331884938,0.16751047782427272,0.0,0.05195758969689477,0.08724192751379821,0.029062698214917672,0.0,0.038143775863769526,tcp,smtp,SF
183,743,0,82458,0,0,0,1,0,1,2,0,0,2,1,0,0,0,0,0,8,0,0.0231395465567905,0.07330909146552961,0.16203165156460542,0.0,0.9595675843758673,0.0,0.10749989895779447,154,255,0.9667444024340923,0.06066705650373836,0.10501776516321316,0.007969268179662361,0.0,0.0,0.1284886643969347,0.0,tcp,http,SF
184,288,0,0,0,0,0,1,0,1,0,0,0,0,0,0,0,0,0,0,13,15,0.0,0.0,0.0,0.0,0.7989713453350142,0.0,0.0,85,255,1.0,0.0,0.0,0.04845069825255489,0.0,0.0,0.24923232933303555,0.48659786481076805,tcp,http,SF
185,1032,5907,15077,0,0,0,0,0,1,0,0,0,12,0,0,0,0,0,0,0,0,0.0,0.0,0.0,0.15286495235808287,0.9939598080619141,0.0,0.0,183,255,1.0,0.08805262833792438,0.0,0.0,0.08538176321462533,0.0,0.03607927346083652,0.0,tcp,http,SF
186,124,210726,14259,0,0,0,0,0,1,6,0,0,6,0,0,0,0,0,0,0,0,0.0249434229081055,0.0,0.13150394592507475,0.15732211304197652,1.0,0.0,0.05102204317817585,152,90,0.8005569967316426,0.0697514842211398,0.07375410839613163,0.008034806131818797,0.0,0.023365664472871202,0.0,0.0,tcp,smtp,SF
187,0,0,0,0,0,0,0,0,1,0,0,0,0,0,0,0,0,0,0,0,47,0.0,0.040991459552203985,0.0,0.08294929446968585,0.9544091562199544,0.027729155337656262,0.09512861178356326,0,255,1.0,0.013100033813007148,0.10448538087253154,0.048343772242349634,0.0,0.05683692012727657,0.0,0.0,tcp,http,SF
188,0,658395,0,0,0,0,2,0,1,0,0,0,0,0,0,0,0,0,0,0,24,0.0,0.07584320338742846,0.10080310570512956,0.0,0.990378392362762,0.06646806902148888,0.0,135,213,0.816768622828113,0.055553469947965076,0.0,0.1040064633110717,0.017927822851069426,0.0,0.34674003046848456,0.5803716938831412,tcp,http,SF
189,1109,183629,74287,0,0,0,0,0,1,0,0,0,0,1,0,0,0,0,0,0,0,0.05676802373022297,0.01994197805726915,0.2782538640276047,0.008352352728416534,1.0,0.019391504755659567,0.08598890766234671,224,199,0.509389864007109,0.1398608496554074,0.0,0.009154044318276005,0.0,0.0,0.0,0.0,tcp,smtp,SF
190,1191,239144,39122,0,0,0,30,0,1,0,0,0,0,0,0,0,0,0,1,29,0,0.0,0.0,0.06869406825919833,0.0001265536103459854,1.0,0.04947574259477739,0.0,89,47,0.11439868711669307,0.06990477087712296,0.13876297419871284,0.0,0.0,0.0008977062248976688,0.0,0.0,tcp,ftp,SF
191,0,0,32803,0,0,0,31,0,1,18,0,0,9,0,0,0,0,0,1,29,16,0.02423055754152479,0.0,0.12042126764673888,0.0,0.9118097727820158,0.0,0.07291416216703818,57,84,0.12680281404549723,0.04452881927949595,0.0,0.0,0.0,0.0,0.07485716194329696,0.0,tcp,ftp,SF
192,0,0,22907,0,0,0,0,0,1,0,0,0,7,0,0,0,0,0,0,34,67,0.04616410305686134,0.07961560981818391,0.10862502968797769,0.07062593883161622,0.9414836485569706,0.0776081450435205,0.14858327913342262,37,255,1.0,0.0,0.011116951905160363,0.06229478267140366,0.09475022133822002,0.0,0.0,0.026364881629523378,tcp,http,SF
193,982,12092,0,0,0,0,0,0,0,3,0,0,0,0,0,0,0,0,0,233,239,0.05673238485820852,0.0,0.0,0.0,1.0,0.0,0.040482919475547864,255,255,1.0,0.0,0.2825605500413039,0.012349659541761081,0.015115288380503026,0.0,0.0,0.008607576679540783,udp,domain_u,SF
194,0,56841,45300,0,0,0,0,0,1,0,0,0,5,0,0,0,0,0,0,4,71,0.10581838011897983,0.0062499412655985555,0.0295141133414481,0.0,1.0,0.11213054537961953,0.0,134,223,1.0,0.0,0.022299693241724546,0.018360386533802828,0.06742112449992937,0.0,0.4386820666300014,0.7306417220086838,tcp,http,SF
195,0,0,0,0,0,0,30,0,1,4,0,0,6,0,0,0,0,0,1,0,1,0.0,0.010703043944379568,0.0,0.0,1.0,0.09894743656860046,0.0,0,0,0.2864658606310396,0.17602343732613057,0.0,0.0,0.0,0.021073736361907458,0.18300954850500042,0.019012640224997105,tcp,ftp,SF
196,432,0,10022,0,0,0,1,0,0,6,0,0,0,0,0,0,0,0,0,0,0,0.0,0.0,0.13119339707403987,0.1735447935817387,1.0,0.05508902086109317,0.07600269898056486,125,24,1.0,0.0,0.0,0.0,0.0,0.04280707099159614,4.077587786014149e-05,0.07735213220780239,udp,private,SF
197,0,255199,0,0,0,0,1,0,1,0,0,0,3,0,0,0,0,0,0,19,0,0.039731504662345554,0.04440091911427106,0.0,0.0,1.0,0.16371025737947464,0.0,132,36,0.4864929579798196,0.0,0.09214631192927775,0.06254935509115706,0.0,0.0,0.1243644617758228,0.0,tcp,smtp,SF
198,4,0,0,0,0,0,0,0,1,0,0,0,4,0,0,0,0,0,0,28,24,0.04571278496378477,0.03798580215041691,0.07129471699801304,0.0,0.9784447492474704,0.0,0.08237228951818619,187,21,0.7779038126010261,0.0782619786128195,0.0,0.0491209579597543,0.0,0.04830281897370852,0.14811955235988652,0.01459102359875454,tcp,smtp,SF
199,0,0,11217,0,0,0,0,0,0,0,0,0,4,0,0,0,0,0,0,212,202,0.0,0.0,0.11510248243262466,0.0,1.0,0.06724638211612154,0.13301435743077722,0,24,0.7759607377162764,0.036023605400202115,0.07515283437723275,0.025583801332991138,0.00968391332498249,0.0,0.0,0.0,udp,domain_u,SF
200,227,0,0,0,0,0,2,0,0,0,0,0,0,0,0,0,0,0,0,35,46,0.023570298224783754,0.0,0.0,0.13864210044792788,0.9322627743202602,0.009923103739543637,0.1533214702984198,52,99,0.9995062398892752,0.04964955206356081,0.1502283489077638,0.0,0.0,0.0,0.0,0.06957472787183122,udp,private,SF
201,945,0,0,0,0,0,0,0,0,7,0,0,0,0,0,0,0,0,0,206,162,0.1324459019961276,0.0,0.0,0.0,1.0,0.02792728708410628,0.0,43,58,0.9573667122835555,0.00984734086365965,0.0,0.049122249882571474,0.055711919057690726,0.019934325362728635,0.008662265940536045,0.02442257534803585,udp,domain_u,SF
202,62,280312,19177,0,0,0,0,0,1,0,0,0,0,0,0,0,0,0,0,0,5,0.005088589967280017,0.033295760116413047,0.0,0.0,1.0,0.0,0.05922621626739536,50,60,0.7996979660827499,0.08870011511421305,0.13577500903232148,0.0057727133295221444,0.021522982909938468,0.0,0.0,0.15138599697158273,tcp,smtp,SF
203,433,197949,73903,0,0,0,0,0,0,0,0,0,0,1,0,0,0,0,0,51,28,0.04489880484990288,0.0,0.7592343766947279,0.7873820328684287,1.0,0.028997320813933317,0.09821372006583493,20,156,1.0,0.09859013333716352,0.031234568831266192,0.14856456745069116,0.0,0.01812212194421128,0.9054527880818202,0.8904379399705856,tcp,http,REJ
204,0,604359,48770,0,0,0,0,0,1,12,0,0,0,0,0,0,0,0,0,26,0,0.07665805716134405,0.017857023295043694,0.015906569577044807,0.0,1.0,0.025546491803101295,0.0,85,121,0.5968531021443342,0.0,0.0,0.0,0.006139105186062606,0.007375001498751926,0.0,0.0,tcp,smtp,SF
205,0,0,0,0,0,0,0,0,0,0,0,0,5,1,0,0,0,0,0,254,256,0.12172750973415879,0.0,0.0,0.06675409294511327,0.9002096932931277,0.0,0.1006250536975042,231,255,0.9104058575385334,0.050790295650000414,0.0,0.0,0.0,0.0,0.005514856420955743,0.032795617609739314,udp,domain_u,SF
206,0,0,3126,0,0,0,2,0,1,0,0,0,3,0,0,0,0,0,0,29,8,0.011945461909129972,0.00316659317322477,0.0,0.0,0.9208698191007767,0.0,0.1878030608471302,57,254,0.9789338065387216,0.07208898214913151,0.0850283947324429,0.011104085841257202,0.0,0.0,0.004101630498601608,0.0,tcp,http,SF
207,0,143245,30944,0,0,0,0,0,0,11,0,0,0,0,0,0,0,0,0,0,6,0.0609201748243862,0.022065295287115143,1.0,1.0,1.0,0.0,0.09311305997023665,15,153,0.9835971703741092,0.0,0.5376989370733061,0.11156909969699425,0.0,0.0,0.9172500315606905,0.7493132701685312,tcp,http,REJ
208,0,199930,39116,0,0,0,1,0,0,0,0,0,0,0,0,0,0,0,0,0,37,0.0,0.012116764496007308,0.9128093547167897,0.7522169309863933,1.0,0.0,0.002089816763565011,2,208,0.9485203132697013,0.09729485851613855,0.16494609096770108,0.20496749121546765,0.0,0.0299620104588139,0.8465026645182755,1.0,tcp,http,REJ
209,0,0,0,0,0,0,0,0,1,0,0,0,0,0,0,0,0,0,0,13,9,0.0012096655290296822,0.0,0.0,0.0,1.0,0.07056891806432934,0.09994040476837023,223,141,0.4355229038862137,0.0918744144863188,0.11267707025310097,0.002121943974432373,0.0,0.0,0.0,0.0,tcp,smtp,SF
210,615,258697,1191,0,0,0,0,0,0,0,0,0,1,0,0,0,0,0,0,0,38,0.0,0.014552552257142855,0.8325488681602086,0.888130013691059,0.9301139783515814,0.07203705555723493,0.17526302190140153,0,254,0.8078528008857043,0.0,0.7632270720232399,0.07565799033472445,0.029829389845531736,0.00903915744677023,0.9529034217209661,0.8833022811859613,tcp,http,REJ
211,0,320923,13297,0,0,0,1,0,1,0,0,0,0,0,0,0,0,0,0,28,0,0.0,0.0096535812257974,0.11908351933291372,0.0,1.0,0.05645862190779966,0.15751646489658716,6,255,0.908455500266357,0.10279902631787673,0.0,0.01973932727735128,0.025811804937943494,0.0,0.0,0.0,tcp,http,SF
212,21,426717,19636,0,0,0,1,0,1,0,0,0,0,1,0,0,0,0,0,0,0,0.0,0.0,0.0,0.0,0.9804456610732709,0.07053731176752862,0.13869315308937402,217,227,0.45263255366654337,0.023329614192381762,0.0553159425680831,0.0,0.0,0.0,0.0,0.0,tcp,smtp,SF
213,0,583133,0,0,0,0,0,0,1,2,0,0,4,0,0,0,0,0,0,0,32,0.02090738879553113,0.0,0.2097497562819346,0.07610580625793704,0.9794196969603134,0.07149782663217218,0.0,202,128,0.536777791436603,0.0,0.0,0.0,0.0,0.009479769700992824,0.0,0.03508180972123474,tcp,smtp,SF
214,0,0,0,0,0,0,1,0,0,2,0,0,0,1,0,0,0,0,0,0,0,0.02186304435199637,0.08366517811665465,0.9865344472894414,0.8985625470033193,0.9879368664123885,0.0,0.05378438120111712,113,151,1.0,0.04406330239528938,0.14842038992414291,0.24508127781614777,0.03476916970708339,0.014870705331869403,0.9580886772958077,1.0,tcp,http,REJ
215,674,4654,48246,0,0,0,0,0,0,0,0,0,0,0,0,0,0,0,0,34,0,0.0,0.0,0.013809371340424937,0.0,0.9775235913155821,0.024938601238960984,0.08720333604747975,97,27,0.9702475729517485,0.09712384024456695,0.0,0.014692624785166888,0.008719264671489285,0.004022978074696784,0.047407029718714036,0.06718515759343853,udp,private,SF
216,361,3691,42162,0,0,0,0,0,0,0,0,0,0,0,0,0,0,0,0,12,9,0.07571719755165322,0.060820716583999075,0.80608830051132,0.7156529696202119,1.0,0.0798204190424457,0.21028530552973626,0,174,1.0,0.006359982239281853,0.1563377378614654,0.1468527636812873,0.0,0.0,0.8673593406872412,0.9565035404107332,tcp,http,REJ
217,931,0,20794,0,0,0,29,0,1,0,0,0,0,1,0,0,0,0,1,0,0,0.0,0.0,0.024756166457651826,0.0,0.9709218249213094,0.0,0.06964212347615835,83,46,0.160856627189279,0.01940392427834592,0.0,0.024797582929021823,0.0,0.0,0.10582945197470028,0.04302376965577731,tcp,ftp,SF
218,0,0,64077,0,0,0,31,0,1,3,0,0,2,0,0,0,0,0,1,11,0,0.012507941261465049,0.03604650694562896,0.3535876666715702,0.11214984495573817,0.896153336409014,0.0,0.20961243426907467,132,56,0.18546359036660998,0.043235271520020324,0.10759607453567441,0.0,0.0,0.0,0.0,0.0,tcp,ftp,SF
219,0,0,0,0,0,0,0,0,1,1,0,0,12,0,0,0,0,0,0,0,0,0.0,0.07936346088133994,0.0,0.16244473691344236,0.9802821989811379,0.0,0.0,132,96,0.3813312080971053,0.005606047914787752,0.1636130704600806,0.0,0.018054297065586086,0.0,0.0,0.0704782885018619,tcp,smtp,SF
220,0,30575,56912,0,0,0,3,0,1,13,0,0,0,0,0,0,0,0,0,26,24,0.005199615248957772,0.0,0.1298102342035248,0.12861598975977745,1.0,0.0,0.07541285062383316,234,255,1.0,0.05421816110146121,0.0,0.024800581247260662,0.07769853735656793,0.0004661685624481522,0.08954729778651975,0.0,tcp,http,SF
221,163,0,22937,0,0,0,0,0,1,0,0,0,6,0,0,0,0,0,0,0,14,0.04368502652530785,0.0,0.009217990463504999,0.0,0.8967518583508993,0.0,0.06469516492171312,35,240,1.0,0.0,0.0,0.02948391315134455,0.0,0.0,0.0,0.0,tcp,http,SF
222,119,28450,116841,0,0,0,0,0,1,0,0,0,0,0,0,0,0,0,0,25,34,0.036820568921145914,0.0,0.11938179122231116,0.0,1.0,0.0,0.12192438875942553,28,255,1.0,0.0,0.07990964787505621,0.07442516729471504,0.0,0.01799197446769211,0.018062920634016818,0.12049219016867165,tcp,http,SF
223,0,0,0,0,0,0,31,0,1,0,0,0,10,0,0,0,0,0,1,69,0,0.03441398245070559,0.0,0.0,0.20051295557827392,1.0,0.11107389759737084,0.20828510461788632,118,42,0.5550006654318178,0.0,0.026355524819820675,0.0,0.0993663638834847,0.009325797135558112,0.20642314087760422,0.0,tcp,ftp,SF
224,2700,0,0,0,0,0,0,0,0,0,0,0,0,0,0,0,0,0,0,0,28,0.028206094214011653,0.014320787955801731,0.1978067344556434,0.0,1.0,0.0,0.0,183,22,0.0,0.6417008728505322,0.9628001983041492,0.0,0.0,0.0,0.0,0.0,udp,other,SF
225,153,76919,16279,0,0,0,0,0,1,3,0,0,18,0,0,0,0,0,0,9,0,0.0,0.0,0.03468432493288143,0.0,1.0,0.0,0.20374916257487113,224,255,0.8854121822524216,0.0,0.0,0.020024993413949834,0.0,0.0,0.0,0.0,tcp,http,SF
226,1691,49630,15527,0,0,0,0,0,1,0,0,0,0,0,0,0,0,0,0,0,0,0.05515873354552618,0.0,0.0,0.10968703784793458,0.867130353995452,0.01220599457425598,0.11006294750514346,255,212,0.7106953285129378,0.0,0.0,0.016560670589221588,0.0,0.0,0.0,0.0,tcp,http,SF
227,1261,189646,68111,0,0,0,1,0,0,0,0,0,9,1,0,0,0,0,0,245,278,0.0,0.08696201293776254,0.09187201245979137,0.006829618315079674,1.0,0.0,0.0,255,255,0.803080601300229,0.0,0.04215320403135285,0.0,0.0,0.0,0.0,0.035472398485256226,udp,domain_u,SF
228,0,715482,0,0,0,0,0,0,0,0,0,0,8,0,0,0,0,0,0,281,291,0.0,0.0,0.014636517072655083,0.057719746035832714,1.0,0.0,0.0,255,193,0.9276476735470585,0.07315998778465092,0.0,0.009634697720165227,0.05852478861871547,0.0,0.09976288400684431,0.04731071864340887,udp,domain_u,SF
229,0,90862,31691,0,0,0,0,0,0,2,0,0,0,0,0,0,0,0,0,0,0,0.0,0.0,0.0,0.0,0.9487168061641122,0.0,0.026514926400332695,219,84,0.6579181404972401,0.0,0.05661359903537976,0.004699925348184005,0.0,0.0,0.05600269469768685,0.0,udp,private,SF
230,0,158812,40644,0,0,0,0,0,0,9,0,0,0,1,0,0,0,0,0,216,234,0.017022347300517344,0.036951330876597833,0.0,0.0,0.9846486276176741,0.08837419435930077,0.03858461887655405,63,0,0.4464088221141155,0.0,0.0,0.0,0.027384737882218495,0.026676239769406338,0.13987283556072339,0.08928523180875017,udp,domain_u,SF
231,0,0,28715,0,0,0,31,0,1,1,0,0,0,0,0,0,0,0,1,13,0,0.0,0.037659853971623615,0.1857210798275861,0.0961632576479971,1.0,0.0,0.04608206202426761,18,38,0.286652776587821,0.16115852857172,0.0,0.0,0.0,0.013775629660409463,0.0352317452525981,0.0,tcp,ftp,SF
232,245,0,0,0,0,0,30,0,1,5,0,0,6,0,0,0,0,0,1,0,21,0.0,0.06284486514233295,0.0,0.0,1.0,0.0,0.0,65,69,0.4439601827058941,0.11470485618386267,0.164798883831902,0.007625053662015707,0.0,0.036221869222433416,0.0,0.0,tcp,ftp,SF
233,810,518167,49219,0,0,0,2,0,0,7,0,0,0,0,0,0,0,0,0,29,54,0.07870637161950367,0.08577504364349678,0.0,0.12516993166518847,0.9811627488909759,0.03428754939992064,0.08229960391053852,123,68,0.8744564848693702,0.09609428755994116,0.13152949678725523,0.01697490879823749,0.0,0.0032593024150809643,0.061422177773419157,0.014187418035232434,udp,private,SF
234,0,0,43184,0,0,0,0,0,1,2,0,0,0,0,0,0,0,0,0,0,2,0.0,0.01540642979000296,0.0,0.0,1.0,0.0,0.0,175,117,0.6406214658674513,0.06256103862968923,0.0,0.027816281110798553,0.0,0.0,0.010179210545902635,0.0,tcp,smtp,SF
235,0,0,23719,0,0,0,0,0,1,0,0,0,4,0,0,0,0,0,0,0,12,0.0,0.0,0.14894529984259264,0.0,1.0,0.11400468434669114,0.16431530129857072,135,235,1.0,0.08452023904928063,0.0,0.02149121630210635,0.004057153339971131,0.050557437699683294,0.00016702121966680932,0.0,tcp,http,SF
236,0,237796,7455,0,0,0,0,0,1,1,0,0,0,0,0,0,0,0,0,7,0,0.0,0.0,0.0,0.1667163145138529,1.0,0.0,0.23098699178030627,110,0,0.3289909517191325,0.0869368336859333,0.10903746964032152,0.0,0.0,0.0,0.11894486602530988,0.05856333883481667,tcp,smtp,SF
237,0,0,8211,0,0,0,0,0,1,8,0,0,0,0,0,0,0,0,0,44,50,0.03278563297144036,0.0,0.06553583137289344,0.0,1.0,0.0,0.0,212,224,0.8849674078697332,0.07780024307444498,0.0,0.03524283629329108,0.006982517482105283,0.0,0.0,0.0,tcp,smtp,SF
238,0,0,0,0,0,0,0,0,1,4,0,0,1,0,0,0,0,0,0,0,16,0.0,0.00927938745523215,0.0,0.027514792325760064,0.938785501095073,0.05776966424291381,0.00808897557689045,219,255,1.0,0.0,0.1851300685389321,0.021556478229887842,0.0,0.006398052940280645,0.05659747615394599,0.0,tcp,http,SF
239,0,0,22337,0,0,0,0,0,0,5,0,0,0,0,0,0,0,0,0,5,66,0.0018735704922038696,0.0,0.8723783970641376,1.0,1.0,0.0,0.13130410945201515,0,233,1.0,0.0,0.517208330411943,0.09310470548417067,0.10050489962103908,0.0,0.8948695802202818,0.9137122154430307,tcp,http,REJ
240,0,414593,2542,0,0,0,1,0,1,0,0,0,0,0,0,0,0,0,0,5,9,0.0,0.0,0.09166605797549363,0.009263975481846277,1.0,0.024794589283009188,0.03726133850828422,187,136,0.7657960351611983,0.010996249899187452,0.0,0.0,0.04648946564310817,0.0,0.0,0.02468168471393404,tcp,smtp,SF
241,0,0,0,0,0,0,0,0,1,0,0,0,11,0,0,0,0,0,0,25,0,0.06279227924072829,0.0029288327745795296,0.11218215128729014,0.0,0.8890511458012893,0.0,0.0,80,255,0.89313774721022,0.0,0.011336324502644664,0.08409140730086287,0.022504378178926036,0.0,0.23153430988598506,0.6292668887997912,tcp,http,SF
242,0,0,0,0,0,0,0,0,0,0,0,0,0,0,0,0,0,0,0,33,0,0.003538911211950735,0.03455978442665163,0.9309092289504676,0.9111832557016206,1.0,0.07541559323097403,0.11680290688679404,35,217,1.0,0.0,0.6732999259374383,0.03678638053214382,0.0,0.01521026055846504,0.9693731126717395,0.7944232624160088,tcp,http,REJ
243,0,559105,0,0,0,0,1,0,1,0,0,0,0,0,0,0,0,0,0,0,3,0.006697904656807116,0.0,0.0,0.019920383728890222,1.0,0.0,0.0,16,89,0.38466162802380477,0.02018445652121125,0.0,0.031557561658875966,0.03783871374014159,0.027694872154494416,0.0535084233091958,0.016194537211939867,tcp,smtp,SF
244,1430,161234,7890,0,0,0,2,0,0,8,0,0,0,1,0,0,0,0,0,29,0,0.04030744353140223,0.03990012022466914,0.009866373101392613,0.0,1.0,0.012987006576713976,0.027076121977852644,29,121,0.9057389040500766,0.12009575053977076,0.1406741537697573,0.09746849444883714,0.013785905332557287,0.0,0.0,0.04887723562218297,udp,private,SF
245,0,0,3212,0,0,0,31,0,1,0,0,0,3,0,0,0,0,0,1,37,0,0.0,0.02743317850764705,0.045271848557534466,0.0,0.9807556467820245,0.0,0.0,93,119,0.30471275691462535,0.0,0.16209559502271798,0.030301775913078546,0.0054838192504773915,0.0,0.14713578711485925,0.0,tcp,ftp,SF
246,0,0,7654,0,0,0,0,0,0,0,0,0,0,0,0,0,0,0,0,50,0,0.0,0.051132004076993184,0.20049202636400704,0.1114718944433601,1.0,0.030326119813241348,0.10732121144951748,86,131,1.0,0.03191585511139731,0.0,0.0,0.0,0.02201992620886745,0.0,0.0,udp,private,SF
247,1244,0,17785,0,0,0,0,0,1,0,0,0,3,0,0,0,0,0,0,15,8,0.008267718998715704,0.09670122058690854,0.0,0.0,1.0,0.0,0.0,253,128,0.5972023619556195,0.0,0.0,0.0,0.01264786845241182,0.0,0.021395138640188906,0.09576506373120325,tcp,smtp,SF
248,1951,0,0,0,0,0,2,0,1,0,0,0,2,0,0,0,0,0,0,13,68,0.0,0.11630399095173682,0.0,0.0,1.0,0.019265840639039012,0.12161513015554988,210,127,1.0,0.0,0.02737321096347621,0.0,0.07754904838081442,0.001872451110237762,0.0011355434155142037,0.17797118905432716,tcp,http,SF
249,0,382612,51418,0,0,0,0,0,1,4,0,0,0,0,0,0,0,0,0,0,3,0.0,0.032553712188560784,0.0,0.0,0.9508544578799909,0.1287696511728355,0.0,255,102,0.3998202693997516,0.07993050620394399,0.09339682329738047,0.004154987213061337,0.003716006245575322,0.01572730733858677,0.05921819240815374,0.16366047059508956,tcp,smtp,SF
250,0,0,0,0,0,0,0,0,1,0,0,0,13,1,0,0,0,0,0,0,0,0.0,0.0,0.0,0.0,0.9619293739320596,0.0,0.0,3,233,1.0,0.0,0.0,0.0,0.0,0.0,0.04401369155366474,0.0,tcp,http,SF
251,229,0,0,0,0,0,1,0,0,0,0,0,11,0,0,0,0,0,0,0,0,0.0,0.0027512192395469266,0.0,0.0,0.9991073280283208,0.029580628830995385,0.05567812149330265,149,106,1.0,0.013025322658867872,0.008152233214076444,0.01085463460643122,0.004570990760796416,0.0,0.2208639587035558,0.12027364989101265,udp,private,SF
252,1194,222467,20967,0,0,0,31,0,1,12,0,0,0,0,0,0,0,0,1,4,9,0.0,0.06999767492292472,0.013604506664020223,0.0,0.9313366703893048,0.16793359644369435,0.0,169,10,0.08933497308892824,0.06908911827410245,0.0,0.0,0.0020169897238195796,0.0029307094006655963,0.0,0.0,tcp,ftp,SF
253,0,0,0,0,0,0,0,0,0,7,0,0,0,0,0,0,0,0,0,265,271,0.025399685033080637,0.0,0.053627204774135094,0.04540286104825866,1.0,0.028633540402423985,0.24287618641020314,249,255,0.9557653910167925,0.055192102599541736,0.08643391939537295,0.0,0.0,0.038650186165721176,0.03053491559268459,0.1730651766989768,udp,domain_u,SF
254,0,350576,0,0,0,0,0,0,1,4,0,0,2,0,0,0,0,0,0,17,50,0.03645779538364379,0.06440973495281958,0.0002494296043704956,0.13997245319046056,0.9416131921307864,0.0,0.0250703999530157,191,111,0.6286718296471271,0.0,0.35064769518344424,0.07712173457053174,0.0,0.0,0.0,0.0,tcp,smtp,SF
255,522,0,37017,0,0,0,1,0,1,3,0,0,0,1,0,0,0,0,0,0,48,0.08797020111457836,0.0,0.0,0.010729636832094314,0.9297356724159717,0.0,0.0,16,255,0.8651823853046083,0.08125940583533582,0.0,0.027902678738538144,0.036539655885753586,0.0,0.09596941482640982,0.0,tcp,http,SF
256,299,120880,0,0,0,0,0,0,1,0,0,0,10,1,0,0,0,0,0,0,29,0.0,0.010105350188388465,0.0,0.0,1.0,0.0,0.0,156,140,0.4423329236086003,0.0,0.020037781193564135,0.057825999616331974,0.05552112774634149,0.039318704731147514,0.04382685920511112,0.0,tcp,smtp,SF
257,0,81044,41775,0,0,0,0,0,1,13,0,0,0,0,0,0,0,0,0,74,12,0.007504639451534254,0.0,0.025670836023804818,0.0,1.0,0.067715177335693,0.002373468773503321,0,255,0.8269201630490274,0.03121737924086869,0.0,0.012832964781364153,0.1043699799985159,0.028212219082187646,0.02145705386448675,0.0,tcp,http,SF
258,0,355281,55207,0,0,0,0,0,1,5,0,0,12,0,0,0,0,0,0,36,42,0.0,0.0,0.017275694035222045,0.022427211498634716,1.0,0.0,0.1345002564511487,182,82,0.9124175703082623,0.0,0.0,0.0,0.02110868567118178,0.0,0.0,0.0,tcp,http,SF
259,0,181809,0,0,0,0,29,0,1,0,0,0,0,0,0,0,0,0,1,18,0,0.015570851027254709,0.0,0.048299336683981633,0.0,1.0,0.07811192068908478,0.0,101,0,0.160681579655803,0.10775261081809057,0.0,0.0,0.005375910863494408,0.0,0.0,0.09064484361813202,tcp,ftp,SF
260,0,0,10504,0,0,0,0,0,1,0,0,0,0,0,0,0,0,0,0,12,30,0.01936788702892347,0.05797395403331416,0.032919782444526445,0.0,1.0,0.04491684782650457,0.0,84,133,0.8182564607844083,0.16067629626803004,0.0,0.12013612985412972,0.04153845338230494,0.013343810439566067,0.0,0.1188515124488105,tcp,smtp,SF
261,0,0,39010,0,0,0,1,0,0,4,0,0,9,0,0,0,0,0,0,0,0,0.04483166097370959,0.0,1.0,0.8330219591766324,0.9944453556638349,0.04459982871128586,0.0,0,226,0.6050506618714181,0.0,0.6506066783064397,0.012695903888028728,0.0,0.013945018369979056,0.9563384971751389,0.7492826089880423,tcp,http,REJ
262,156,45235,0,0,0,0,0,0,0,0,0,0,0,0,0,0,0,0,0,0,0,0.04464158792729031,0.07174473415332537,0.9841279382767196,0.8316990026295464,1.0,0.0,0.2783320832268398,0,159,1.0,0.0,0.08533751498438616,0.21957054592784828,0.029598748481415905,0.04002724687596747,0.7693620054590137,1.0,tcp,http,REJ
263,0,0,30396,0,0,0,0,0,0,0,0,0,2,0,0,0,0,0,0,14,19,0.025250482306651747,0.0,0.058195856451269505,0.21914149965145532,0.9806973758278897,0.03708285973583671,0.1349481681534272,59,18,1.0,0.002155094941235683,0.02182549394089802,0.011575984552922764,0.047848289961747746,0.03286253695426738,0.0,0.0,udp,private,SF
264,317,156564,0,0,0,0,1,0,1,3,0,0,8,1,0,0,0,0,0,0,46,0.0734218111038182,0.0,0.04888088159289946,0.0,1.0,0.10037156470137559,0.21477456986375593,255,255,0.8448593463327034,0.0,0.0,0.004018406168876192,0.04717830064768005,0.0,0.0,0.0,tcp,http,SF
265,680,258665,0,0,0,0,0,0,1,0,0,0,0,0,0,0,0,0,0,10,7,0.0013008787804472972,0.011284889199005135,0.0,0.08273676386966763,1.0,0.0,0.00419175483051676,0,255,0.9626315783596692,0.0,0.040455101630319526,0.014897451189954902,0.07679908540775345,0.0,0.0,0.24349387893212304,tcp,http,SF
266,137,200638,0,0,0,0,30,0,1,4,0,0,0,0,0,0,0,0,1,1,48,0.0,0.03021345731341347,0.10714692522431424,0.0,1.0,0.0,0.19351328485319572,125,0,0.2448768235465037,0.0587981800416966,0.0,0.0,0.0,0.0,0.0,0.03553160558214655,tcp,ftp,SF
267,2875,0,12049,0,0,0,1,0,0,3,0,0,0,0,0,0,0,0,0,0,0,0.0,0.008368459219502439,0.0,0.0,1.0,0.02603090610626558,0.1711632020725122,255,0,0.0,0.6299224309697574,0.9965293979632721,0.01891566320279693,0.0,0.0,0.0,0.0,udp,other,SF
268,36,0,40487,0,0,0,0,0,0,0,0,0,4,0,0,0,0,0,0,258,162,0.0,0.006716259919435881,0.008056238007599472,0.15852780663541366,1.0,0.017198949587226287,0.09410728649823108,95,86,0.7268190629433009,0.0,0.052492249549244696,0.044238995540483446,0.0,0.03811893912611973,0.00361555736518067,0.02536684292115508,udp,domain_u,SF
269,0,0,0,0,0,0,0,0,1,4,0,0,3,0,0,0,0,0,0,59,5,0.0,0.07131934578202931,0.0,0.21890484976117452,0.9943785546792536,0.1055126280594676,0.10494440939178502,167,176,1.0,0.0,0.0,0.0065821785824456865,0.0,0.0,0.0,0.06781375351783653,tcp,http,SF
270,0,136494,0,0,0,0,0,0,1,0,0,0,8,1,0,0,0,0,0,35,0,0.0,0.004222964104867328,0.21255262100915914,0.04174314854118289,1.0,0.053506487756997276,0.0,182,251,0.9033251719904624,0.08926245192776924,0.0,0.10479979935266648,0.024800163596847388,0.0,0.23152938224757885,0.6424239190080223,tcp,http,SF
271,213,0,0,0,0,0,0,0,1,0,0,0,0,0,0,0,0,0,0,0,0,0.0,0.0,0.0,0.03674122944194528,0.9658889830113684,0.029826122049465602,0.246937669494977,67,255,0.7575866001842411,0.1059458360757643,0.0,0.06572878651639506,0.031099123207731817,0.0,0.2850997386639867,0.7330649127549844,tcp,http,SF
272,0,206722,13901,0,0,0,1,0,0,0,0,0,0,0,0,0,0,0,0,55,6,0.01672271212597131,0.0,0.15134992519635604,0.006311258157957296,0.9044743450888264,0.06005016140619981,0.0,0,71,0.8665976166305496,0.09181354005398872,0.18374670576534852,0.07286959304388593,0.025866652318162684,0.0,0.0,0.0,udp,private,SF
273,1406,297362,64405,0,0,0,3,0,0,8,0,0,0,0,0,0,0,0,0,216,182,0.01720212781758524,0.0566669487581808,0.04324136924276528,0.0,1.0,0.06613456896682451,0.07559533418607159,76,155,0.5141897341272762,0.0,0.035671813424397215,0.008000477891168286,0.006880979814886999,0.034294278529963994,0.2432691374667401,0.0,udp,domain_u,SF
274,1057,41524,13725,0,0,0,0,0,0,0,0,0,21,0,0,0,0,0,0,0,0,0.0,0.0,0.8062202404442149,1.0,1.0,0.003016391716501172,0.09139742911252571,20,202,0.914962412308797,0.0,0.29539968554489504,0.12817889352523415,0.04633016149952729,0.0,1.0,0.7544420164932317,tcp,http,REJ
275,259,0,0,0,0,0,0,0,1,9,0,0,4,0,0,0,0,0,0,15,22,0.0,0.0,0.2071137773779187,0.06852604938411867,1.0,0.0,0.0,107,224,1.0,0.0,0.12211464513726564,0.017634065685444976,0.02649413395279152,0.0653890213526925,0.03122768240336246,0.0,tcp,http,SF
276,0,0,29526,0,0,0,1,0,1,12,0,0,1,0,0,0,0,0,0,45,0,0.08873730791102344,0.04680050727341027,0.052253018867841575,0.16858313487345689,0.97345887372841,0.07273500742749495,0.0,22,232,0.929896598405205,0.04119492394028279,0.11916994320912683,0.038490665666349726,0.0,0.04081910694018604,0.0,0.0040781533408807726,tcp,http,SF
277,0,617352,0,0,0,0,2,0,0,0,0,0,2,0,0,0,0,0,0,0,0,0.030618739860324713,0.09139370763113552,0.7601451280798525,0.9470198615604615,0.9377748483507733,0.0,0.027468593631773806,92,255,1.0,0.08155056726349147,0.22382209114609777,0.18593023063284286,0.0,0.0,1.0,0.8977617982852865,tcp,http,REJ
278,800,0,0,0,0,0,1,0,1,0,0,0,0,0,0,0,0,0,0,23,0,0.022089000957931804,0.011182328510844587,0.0,0.012910899723757915,0.9447617882829301,0.0,0.0,0,243,1.0,0.010704596514073744,0.25952780789442964,0.04476213203509119,0.0,0.0,0.0,0.02793471037714526,tcp,http,SF
279,176,0,0,0,0,0,0,0,1,7,0,0,0,0,0,0,0,0,0,13,0,0.0,0.0,0.054363343637153484,0.0,1.0,0.0,0.0,228,255,1.0,0.055288460335457014,0.00303452207837726,0.017361162054686033,0.0017988442915578605,0.0,0.04786457028416917,0.06081486665494999,tcp,http,SF
280,356,405789,53248,0,0,0,31,0,1,0,0,0,13,0,0,0,0,0,1,0,24,0.013967146748801881,0.0,0.17424652285051964,0.10379087698259964,0.9889412894583736,0.05373918525374806,0.20160765384023185,63,30,0.516704322593424,0.088671127151585,0.0648442726444512,0.0,0.002181276773442081,0.06639255086903602,0.0,0.0,tcp,ftp,SF
281,0,4415,0,0,0,0,3,0,0,0,0,0,5,0,0,0,0,0,0,192,250,0.0,0.0,0.0,0.24325332406745004,0.847122387995289,0.10052477777900701,0.0,46,55,0.7023205582814409,0.0,0.06976830772606567,0.0,0.0,0.012436669673075954,0.0,0.0,udp,domain_u,SF
282,630,373865,29269,0,0,0,1,0,1,0,0,0,0,0,0,0,0,0,0,0,33,0.0,0.0,0.0,0.10728777370406066,1.0,0.0,0.0,248,160,0.6224260368538418,0.08506188025096431,0.12171681339552469,0.0,0.0,0.0,0.0,0.0,tcp,smtp,SF
283,305,90754,0,0,0,0,0,0,0,0,0,0,0,0,0,0,0,0,0,25,11,0.0,0.0,0.14839111207140437,0.08090372958688859,0.9690982215554745,0.0,0.0,0,114,1.0,0.09094365719492109,0.0,0.0,0.0,0.0,0.14742316304487205,0.0,udp,private,SF
284,0,150328,0,0,0,0,1,0,1,9,0,0,0,0,0,0,0,0,0,0,0,0.0,0.04052036367792954,0.05067013546257911,0.0920150151291324,1.0,0.0,0.10052080942992074,229,210,1.0,0.0,0.0,0.0,0.0,0.0257679736745943,0.0,0.0,tcp,http,SF
285,0,119054,59329,0,0,0,0,0,1,1,0,0,0,0,0,0,0,0,0,12,0,0.0,0.0,0.0,0.12845600402191185,0.9480457844225139,0.07897920297175448,0.11368010207906433,255,248,1.0,0.052019325221205066,0.12389617894081631,0.0,0.02003522485906164,0.01073785299444739,0.032579846749840394,0.08701408352688171,tcp,http,SF
286,2816,228434,0,0,0,0,1,0,0,9,0,0,15,0,0,0,0,0,0,0,33,0.0,0.06047890104755559,0.03485424494773351,0.24470940170600625,1.0,0.10407192466342756,0.08184969505068011,239,0,0.01956575033396918,0.6704865340080808,1.0,0.021204338594740683,0.050129249411300765,0.00824548569855884,0.0,0.09416250237350422,udp,other,SF
287,35,745701,0,0,0,0,0,0,1,3,0,0,0,0,0,0,0,0,0,0,0,0.0,0.0,0.045621889960842016,0.0,1.0,0.0,0.12315271786500377,170,125,0.7891901838048847,0.0,0.1723181359537085,0.0,0.0,0.03299748635949501,0.002422268158952733,0.0,tcp,http,SF
288,0,318028,0,0,0,0,0,0,1,0,0,0,0,0,0,0,0,0,0,0,0,0.0,0.0,0.0,0.060770231065034756,1.0,0.0,0.034581635915724586,251,245,0.7634373687090531,0.02517537542574876,0.06291224630542024,0.007931597484521963,0.0,0.03143739683847867,0.4594181690925377,0.676479270623027,tcp,http,SF
289,0,0,14573,0,0,0,0,0,0,0,0,0,0,0,0,0,0,0,0,0,23,0.0,0.056855565510616046,0.0,0.0,0.9802710637828927,0.08466947326615751,0.0,71,115,1.0,0.053184111553006265,0.0,0.0,0.036330635488635334,0.012699355051172069,0.04884340666064399,0.1321472356370565,udp,private,SF
290,0,146239,0,0,0,0,0,0,0,4,0,0,2,0,0,0,0,0,0,273,233,0.0,0.0009588093895590096,0.0,0.09642171463067421,1.0,0.003312073747621298,0.0,255,251,0.7985354026428025,0.06727728806789536,0.02089167190765924,0.07217608394049205,0.0,0.0,0.0,0.11625109266262341,udp,domain_u,SF
291,102,373841,0,0,0,0,2,0,1,5,0,0,0,0,0,0,0,0,0,14,17,0.038958989249849585,0.0,0.0,0.0558488765918552,1.0,0.003595472994995436,0.0,255,234,1.0,0.0,0.004289691301262868,0.01709830542511062,0.03298106019840445,0.0,0.004248125814154169,0.019690530000237082,tcp,http,SF
292,988,393886,0,0,0,0,1,0,1,7,0,0,3,0,0,0,0,0,0,0,15,0.10114906477617834,0.0014931893339086696,0.03607718517078707,0.0,0.9891085036283758,0.07078162839841791,0.0,255,244,1.0,0.03645381773850506,0.15653958307827237,0.0,0.049671398328611734,0.0,0.0,0.0,tcp,http,SF
293,0,0,47196,0,0,0,0,0,1,0,0,0,9,0,0,0,0,0,0,4,0,0.04995007495423754,0.06525457279440776,0.08018091383020359,0.0,0.9180011069522647,0.0,0.10647668172470352,113,195,0.9644449266673195,0.0,0.1447647703852841,0.014923279488354525,0.01816707828637282,0.0,0.1197402527247188,0.0,tcp,http,SF
294,0,381393,2754,0,0,0,0,0,0,1,0,0,1,0,0,0,0,0,0,0,4,0.054964507137317924,0.013618094473289965,0.0,0.0,0.954015481597784,0.0,0.03199804762602287,113,0,1.0,0.01847901759543579,0.08802583781838835,0.0,0.0,0.04353779870596316,0.0,0.0,udp,private,SF
295,119,303955,18542,0,0,0,0,0,1,4,0,0,0,0,0,0,0,0,0,34,0,0.030440918494158045,0.05559238466862145,0.026033862976781258,0.022585539481916845,0.9720787992826774,0.0,0.003099306973454286,79,226,1.0,0.0,0.0,0.052998194192671204,0.060574944226069204,0.05961665442359204,0.0,0.0,tcp,http,SF
296,200,1092581,0,0,0,0,0,0,1,0,0,0,0,0,0,0,0,0,0,0,14,0.012912292673313905,0.0,0.04962707171804285,0.0,1.0,0.035921798025580036,0.0,110,74,0.6241765134014792,0.09252112316194216,0.0,0.059533447135594074,0.0,0.011376005836982832,0.0,0.10957908683872271,tcp,smtp,SF
297,0,0,0,0,0,0,0,0,1,0,0,0,0,0,0,0,0,0,0,17,39,0.004206583496502348,0.04847005772545614,0.017202688756516153,0.0,1.0,0.06455727228841827,0.3483657469938727,0,226,1.0,0.0005970270960254399,0.003617685485459557,0.04648904573678683,0.0,0.01598030668404015,0.0,0.0,tcp,http,SF
298,0,0,58624,0,0,0,1,0,0,0,0,0,0,0,0,0,0,0,0,0,13,0.0,0.010575138996144259,0.0,0.0,1.0,0.11994980282724277,0.0,154,89,0.8561245074225243,0.013123926198706636,0.0,0.004042309672751008,0.023717038848052395,0.0,0.0,0.0,udp,private,SF
299,230,0,0,0,0,0,0,0,1,0,0,0,2,0,0,0,0,0,0,48,3,0.03354923556482987,0.0392677986552304,0.14440319767166251,0.0,0.9399162919245089,0.029627856310048516,0.016290377210805587,241,118,0.3155345433630963,0.1119035609357062,0.021247297929426427,0.04984655071490169,0.0,0.0,0.01298707713033678,0.0,tcp,smtp,SF
300,1160,0,0,0,0,0,2,0,0,4,0,0,0,0,0,0,0,0,0,0,10,0.030663878961970086,0.04300828974550172,1.0,0.9187280930229053,1.0,0.0,0.13547133193461558,100,133,0.7350945553399422,0.0,0.21846692925116198,0.23809655196897886,0.0,0.0,1.0,0.8644539692551407,tcp,http,REJ
301,0,0,38357,0,0,0,0,0,0,8,0,0,14,0,0,0,0,0,0,0,0,0.0,0.0,0.0,0.08202431926375894,0.9941960672224933,0.06508782314474923,0.005717448822217356,80,71,0.8718756593549447,0.0,0.10921883405456827,0.006533476008363721,0.0,0.0,0.03723195722633173,0.06848312529084222,udp,private,SF
302,580,0,0,0,0,0,0,0,0,0,0,0,6,0,0,0,0,0,0,4,0,0.02557334621678095,0.0032015575784868633,0.9915504722908555,0.9920233090539757,1.0,0.0,0.0,95,250,1.0,0.0,0.3829885096862235,0.06141555385353371,0.0,0.016837506618280814,1.0,0.8882498670064308,tcp,http,REJ
303,0,0,0,0,0,0,0,0,1,0,0,0,0,0,0,0,0,0,0,2,0,0.0,0.04258791409408194,0.07850076329625812,0.0,0.930865926884615,0.1042494261632036,0.1092207438940261,72,55,0.7593729765519941,0.0,0.0,0.0,0.009072723636867057,0.0,0.0,0.089729173092042,tcp,http,SF
304,0,121977,684,0,0,0,1,0,1,0,0,0,0,0,0,0,0,0,0,0,32,0.0,0.04967497359033156,0.13045092861838786,0.01790886930591933,0.9667035133277664,0.015524945374446347,0.0,212,129,0.2804237200966764,0.0,0.0,0.0,0.0,0.0,0.0,0.0,tcp,smtp,SF
305,0,0,9,0,0,0,2,0,0,5,0,0,0,0,0,0,0,0,0,0,23,0.037684189325931074,0.05576815085945968,0.9170563876576507,1.0,1.0,0.0,0.2352876166935277,49,173,0.870194748339631,0.0,0.18512320686139808,0.17248035774163042,0.0,0.024472699014501078,0.9183079618429716,1.0,tcp,http,REJ
306,0,637197,13076,0,0,0,0,0,1,0,0,0,11,0,0,0,0,0,0,0,35,0.0209314480091368,0.004659574697218283,0.0,0.16398653562547844,0.9352919278677672,0.0,0.03811964740266641,0,224,0.8777573871539003,0.015465716950399888,0.1325665056893117,0.09280754192970464,0.0,0.04495472637922556,0.0,0.0,tcp,http,SF
307,873,4378,72912,0,0,0,0,0,0,0,0,0,6,1,0,0,0,0,0,0,53,0.0,0.0685274257531843,1.0,1.0,1.0,0.04604669038354021,0.0,45,144,1.0,0.0,0.1527434979358739,0.23434646777588064,0.0,0.008372603046027835,1.0,1.0,tcp,http,REJ
308,391,426299,15747,0,0,0,1,0,1,0,0,0,12,0,0,0,0,0,0,60,4,0.0,0.0,0.0,0.0,1.0,0.0,0.0,117,255,0.9014184126238355,0.0,0.0,0.06897734228996077,0.015574262324596194,0.005114294558817309,0.00038594827511292414,0.0,tcp,http,SF
309,1164,85804,0,0,0,0,0,0,1,3,0,0,0,0,0,0,0,0,0,66,0,0.008497128011876682,0.0,0.0,0.14451056492637204,0.9246850070952399,0.0,0.0,164,255,0.9680130412924676,0.0,0.0,0.0,0.0,0.0,0.0,0.039425993197464745,tcp,http,SF
310,791,270484,11374,0,0,0,1,0,0,0,0,0,0,0,0,0,0,0,0,0,0,0.0,0.0,0.9165628665133919,0.8595226711219869,0.8691270330669809,0.0,0.0,22,235,0.863119331980501,0.0,0.7131648763526661,0.0400079308797778,0.032379737075989824,0.0,0.976917973808118,0.8329346568726576,tcp,http,REJ
311,295,91700,4138,0,0,0,1,0,1,0,0,0,0,0,0,0,0,0,0,0,0,0.0,0.05320574322178092,0.042428031714916166,0.002854779707218142,1.0,0.0,0.25564164122452987,81,215,0.92342707546106,0.0,0.0,0.0,0.016012372387732187,0.03110544054279886,0.0,0.0,tcp,http,SF
312,1171,448051,1647,0,0,0,0,0,0,0,0,0,3,0,0,0,0,0,0,288,222,0.0,0.0,0.15801144806251557,0.07642641651238195,1.0,0.0,0.03146657921432049,254,255,0.9703845965905878,0.14819678669776637,0.08122851754524882,0.0,0.0,0.0,0.18653104733671003,0.0,udp,domain_u,SF
313,295,22255,8902,0,0,0,1,0,1,8,0,0,0,0,0,0,0,0,0,0,20,0.0005762742397878238,0.0,0.0,0.1478419083689557,1.0,0.030742070344223365,0.046875183109142855,140,255,0.6883190420306073,0.19693782419203879,0.07747590678229861,0.04296958732145765,0.06518035676805009,0.058456286129162933,0.0,0.0,tcp,smtp,SF
314,589,163872,3152,0,0,0,32,0,1,0,0,0,0,1,0,0,0,0,1,0,0,0.05292661729625134,0.0,0.0,0.19144416269305833,1.0,0.0,0.05214904776990621,66,95,0.619161882556805,0.1464839440026794,0.0,0.0,0.01150135682336042,0.02758100585934786,0.0,0.0,tcp,ftp,SF
315,0,119901,0,0,0,0,2,0,0,0,0,0,12,0,0,0,0,0,0,10,0,0.023198574935075857,0.03274383513845859,0.8658198611400101,0.949195986450117,0.9349090852956878,0.0,0.3892964853451551,0,183,0.9954582605676416,0.0,0.0376511495713027,0.15749635938803888,0.0,0.009864980944609776,0.8537360321483962,0.8584810173245168,tcp,http,REJ
316,45,0,21370,0,0,0,0,0,0,8,0,0,0,0,0,0,0,0,0,0,0,0.0,0.0,0.9340335696004402,0.9861538169331273,1.0,0.0,0.0,43,115,0.966204166345589,0.0,0.08350444580637181,0.2435552145459708,0.0,0.07884254730586665,0.933963516972653,1.0,tcp,http,REJ
317,0,132656,0,0,0,0,0,0,0,1,0,0,10,0,0,0,0,0,0,0,0,0.0,0.024427607995978227,0.0,0.05875098750249828,0.9722601288311308,0.0,0.21143799201844213,53,105,0.5876623935383232,0.0,0.0,0.040511761635467276,0.0,0.03705278836593048,0.0,0.1260420731935872,udp,private,SF
318,675,732403,0,0,0,0,0,0,1,4,0,0,0,0,0,0,0,0,0,0,28,0.0,0.0,0.03406997045532336,0.022743826811022258,1.0,0.0,0.0,229,164,0.5086593471327217,0.1387730088623058,0.0,0.0,0.010032233077776096,0.0,0.0,0.12638233838056154,tcp,smtp,SF
319,0,0,105550,0,0,0,1,0,0,3,0,0,20,1,0,0,0,0,0,0,4,0.09721768834697081,0.0,0.0,0.0,1.0,0.07373204133812973,0.0,61,58,0.5217531235759292,0.1035647099671183,0.0,0.0,0.029996093134142705,0.0,0.0,0.022137336394739082,udp,private,SF
320,525,137291,0,0,0,0,0,0,0,0,0,0,0,0,0,0,0,0,0,55,4,0.0033090630462595367,0.0,0.7719494384386081,0.8082811350880313,1.0,0.0,0.05924746205185506,107,210,1.0,0.0,0.27710027659785036,0.13524345367284765,0.0,0.0,0.9653321799322245,0.9330285936428853,tcp,http,REJ
321,0,423890,4948,0,0,0,0,0,1,0,0,0,5,0,0,0,0,0,0,0,30,0.009711521486419617,0.009178348718502908,0.0,0.1822129538533835,1.0,0.021655301260809303,0.0,206,182,0.6329478092858463,0.043813204790436114,0.0,0.0,0.0,0.0,0.11395183525186547,0.1982850394007776,tcp,smtp,SF
322,791,373311,0,0,0,0,0,0,0,6,0,0,6,0,0,0,0,0,0,5,24,0.0,0.0,0.032796226348107124,0.06548986077732658,1.0,0.0,0.0759076662754418,105,74,0.9685657191466596,0.0,0.10563702945883924,0.0,0.006473067173490874,0.0,0.0,0.06544244294208489,udp,private,SF
323,505,254428,4392,0,0,0,0,0,1,8,0,0,0,0,0,0,0,0,0,0,0,0.0,0.0,0.0,0.20872131464873173,1.0,0.0,0.0,192,29,0.5177740273752588,0.021203417110126833,0.10998218094628913,0.0,0.05502927023020282,0.0,0.0,0.057152323645322765,tcp,smtp,SF
324,1223,0,0,0,0,0,0,0,1,7,0,0,6,0,0,0,0,0,0,45,27,0.0,0.017859483162456072,0.0,0.0,1.0,0.0,0.01997052810915433,0,255,1.0,0.0,0.023071261723028678,0.027673335850164058,0.050245845113084414,0.006837952596350025,0.012842232387774797,0.0,tcp,http,SF
325,491,169117,0,0,0,0,3,0,0,0,0,0,6,0,0,0,0,0,0,0,0,0.0,0.027258691830500704,0.8687122612931812,0.9613283253841876,0.946543757690126,0.023467942989757934,0.0,16,255,1.0,0.04767153486938201,0.5045569357718283,0.06117400963638255,0.038182369152656104,0.025797504834659552,0.9292197410578409,0.8645599114630471,tcp,http,REJ
326,0,0,38960,0,0,0,0,0,1,9,0,0,0,0,0,0,0,0,0,40,0,0.0064690379085395894,0.041570040270489904,0.0,0.04208733773909768,0.9824165534926914,0.03171466394696363,0.0,93,81,0.8502212979371375,0.06366794169863892,0.07401195678343969,0.0,0.09305239473718123,0.053955757467930396,0.12777673354543462,0.0,tcp,http,SF
327,0,482603,20605,0,0,0,30,0,1,0,0,0,0,0,0,0,0,0,1,5,58,0.0058282891181814095,0.007329138763048044,0.08020804216581691,0.07523955864197951,1.0,0.0,0.0,4,67,0.3982952467444945,0.06130991474181322,0.0,0.0,0.0425776604015832,0.002227554626486897,0.07440256584904678,0.20007146094522396,tcp,ftp,SF
328,0,55764,22345,0,0,0,1,0,1,0,0,0,0,0,0,0,0,0,0,0,13,0.02919287834177359,0.0,0.0,0.0,1.0,0.0845022374590547,0.0,133,153,1.0,0.0,0.0,0.0006558132155164189,0.05327893755428079,0.017499264238764748,0.03523330875779494,0.0,tcp,http,SF
329,2291,327340,0,0,0,0,0,0,0,0,0,0,0,0,0,0,0,0,0,0,0,0.0,0.020721268446093406,0.16975439674430282,0.08113247558149474,0.9760022756034185,0.0,0.0,201,41,0.0,0.47148192224352103,0.9069759029713734,0.00401784886604121,0.004011227019216972,0.0,0.006689496593812549,0.0,udp,other,SF
330,1015,0,64153,0,0,0,2,0,0,6,0,0,10,1,0,0,0,0,0,259,201,0.0,0.029195992606016255,0.0,0.08036799782935304,1.0,0.03854206819044521,0.0,113,128,0.8743502412837092,0.12068152864843264,0.23007695259441832,0.0,0.0,0.024938169496439903,0.0,0.0,udp,domain_u,SF
331,428,0,0,0,0,0,0,0,0,4,0,0,5,0,0,0,0,0,0,24,29,0.0,0.0,1.0,0.8593310416259397,1.0,0.0,0.0,0,255,1.0,0.0,0.1267679755480749,0.17348153209381384,0.05226604799492571,0.0,1.0,0.9644226893757782,tcp,http,REJ
332,0,89089,57309,0,0,0,0,0,1,0,0,0,0,0,0,0,0,0,0,38,0,0.0,0.0,0.08083333529533678,0.07636291694329525,0.9042991837585492,0.0,0.013256481040095459,47,255,0.7302425811891107,0.006583528171813952,0.04663487097649691,0.0742879715987531,0.0,0.018852831300295848,0.05667985133595353,0.06443414640981697,tcp,http,SF
333,0,0,39635,0,0,0,0,0,1,6,0,0,4,1,0,0,0,0,0,64,0,0.0,0.11012627176501766,0.0,0.10877764285801017,1.0,0.0,0.0,0,133,1.0,0.14560232910454976,0.0,0.025103995175650005,0.01952073016126791,0.008747428452824994,0.03995908469608943,0.0002912512740278846,tcp,http,SF
334,22,0,20247,0,0,0,0,0,0,1,0,0,0,0,0,0,0,0,0,205,218,0.005300711693541342,0.0,0.0,0.03001594981289145,1.0,0.0,0.0,122,107,0.5139584638769238,0.0,0.1808883537374395,0.05626628395345965,0.0,0.0,0.0,0.004068623389691998,udp,domain_u,SF
335,0,27951,0,0,0,0,0,0,1,0,0,0,0,0,0,0,0,0,0,41,0,0.0,0.02196469568988534,0.0,0.0,1.0,0.0,0.0,235,255,1.0,0.0013709776119026568,0.0,0.015285243753606322,0.01562682242793239,0.0,0.0,0.06911505573183192,tcp,http,SF
336,0,1156378,5616,0,0,0,0,0,1,0,0,0,2,0,0,0,0,0,0,0,31,0.009347817958010693,0.046540318290037797,0.0,0.0,1.0,0.0,0.0,87,135,0.6676185107324207,0.06202336815528997,0.0,0.040437854218921834,0.012340222353654437,0.0,0.04828698668494622,0.0,tcp,smtp,SF
337,210,273141,0,0,0,0,0,0,0,3,0,0,8,1,0,0,0,0,0,21,0,0.02644752238360088,0.0,0.9418832798718789,1.0,1.0,0.023094688499676146,0.0055561515455534,96,78,0.5743343161925707,0.07041099990830266,0.013010740473256278,0.24290506080548643,0.007507199911300469,0.0,1.0,1.0,tcp,http,REJ
338,776,343718,1779,0,0,0,1,0,1,0,0,0,1,0,0,0,0,0,0,0,0,0.0031640239952601705,0.0,0.015847925484162383,0.0,0.8651904094949394,0.032715531003386894,0.0,123,255,1.0,7.86326080318295e-05,0.3299722104038583,0.04536079884163633,0.0,0.0,0.45840913055966104,0.622941733006419,tcp,http,SF
339,409,276222,0,0,0,0,0,0,0,0,0,0,11,0,0,0,0,0,0,0,0,0.03504045239820745,0.0,0.8525699769428989,1.0,0.9341092869110724,0.19874902523182902,0.0,11,255,0.9642843747115811,0.07576827191735161,0.2562174838305643,0.13814828440579585,0.024529835053555455,0.03434309526784608,0.9282007949800347,0.9324542518644146,tcp,http,REJ
340,0,488176,0,0,0,0,0,0,1,6,0,0,6,0,0,0,0,0,0,4,0,0.0,9.891204982462782e-06,0.0,0.07394553257817844,1.0,0.0682096724734777,0.0,177,165,0.6359689947203447,0.07321124502621769,0.0,0.030709864914989414,0.04191219516416363,0.0,0.0,0.012664539113565654,tcp,smtp,SF
341,204,0,40784,0,0,0,0,0,1,0,0,0,0,0,0,0,0,0,0,0,43,0.0,0.04002047004584108,0.0,0.013630512673766474,1.0,0.0864042304414674,0.0,255,255,0.9319709442638808,0.035030623601681375,0.0,0.0,0.0,0.0,0.0,0.010890176305883419,tcp,http,SF
342,48,0,0,0,0,0,1,0,1,11,0,0,0,0,0,0,0,0,0,28,51,0.043383479358257065,0.0,0.0,0.0017675950236514008,1.0,0.0,0.15358481505492608,72,255,1.0,0.026680210354253463,0.22226995981626008,0.02818166885156948,0.0,0.018865951595785645,0.0,0.0,tcp,http,SF
343,278,0,0,0,0,0,0,0,0,0,0,0,3,0,0,0,0,0,0,0,36,0.0,0.1383973194334126,0.9218734054686921,1.0,0.948991393338171,0.0,0.17529409256861225,45,177,0.85155501189804,0.0,0.4115231870985283,0.08015395428890376,0.0,0.009485376343870458,1.0,0.9721352624355232,tcp,http,REJ
344,3725,265827,0,0,0,0,0,0,0,0,0,0,0,0,0,0,0,0,0,0,0,0.0,0.0,0.0,0.0,1.0,0.0,0.19164398184943435,231,29,0.18938370441381144,0.7008501301529284,0.8914362794911658,0.010390148039693261,0.008942072919290766,0.05902659067406046,0.0,0.1161747175211492,udp,other,SF
345,1253,0,12600,0,0,0,1,0,0,0,0,0,11,0,0,0,0,0,0,0,0,0.0,0.06128878293392256,0.013777438393846412,0.0,0.9342205268903967,0.13123581749058508,0.0,255,0,0.0,0.6236327797694328,0.9028195774553632,0.0007018557487791288,0.0,0.02936749917654999,0.0,0.0,udp,other,SF
346,0,0,0,0,0,0,0,0,1,0,0,0,0,0,0,0,0,0,0,0,14,0.0,0.02420045430586324,0.0,0.0,1.0,0.1817338636547708,0.175192534039906,208,178,1.0,0.0,0.18653397983538517,0.002098249646207255,0.05873410057655786,0.0,0.0,0.0,tcp,http,SF
347,397,0,0,0,0,0,0,0,0,0,0,0,2,0,0,0,0,0,0,50,50,0.0,0.004826215886130579,0.8504888280854013,0.8273455539584854,1.0,0.0,0.12497067611815874,0,248,1.0,0.0,0.034631572293519014,0.15413556864815436,0.0,0.023385838221072038,0.8834725829335934,1.0,tcp,http,REJ
348,0,503833,15649,0,0,0,1,0,1,12,0,0,5,0,0,0,0,0,0,9,0,0.0896311520714132,0.0654375063930292,0.0,0.14377843436963864,1.0,0.0,0.0,182,152,0.7305093703806791,0.0,0.0,0.038595941250399106,0.04544283612091464,0.019928864032454734,0.03748390812223589,0.06386353309893601,tcp,smtp,SF
349,991,245514,18862,0,0,0,0,0,1,1,0,0,0,0,0,0,0,0,0,47,0,0.013928650884917296,0.0,0.0,0.07014013592943344,0.9887016869890843,0.03994722904105958,0.0,192,255,1.0,0.07335776298654859,0.0,0.1500856603801084,0.0,0.04819892331465573,0.13014264295066943,0.6473708771550521,tcp,http,SF
350,251,213355,0,0,0,0,0,0,0,0,0,0,0,0,0,0,0,0,0,16,0,0.0,0.018917156702623995,0.20756444357989548,0.14922257900606117,1.0,0.0,0.0,0,39,0.8066788626897574,0.0770964058973777,0.0,0.009814102601886112,0.0,0.0,0.12072079642065814,0.041892704228563796,udp,private,SF
351,570,454044,0,0,0,0,0,0,1,0,0,0,0,0,0,0,0,0,0,0,51,0.0,0.0,0.0,0.0,0.8804607712816628,0.0,0.013837510920607442,157,108,0.5313805476057541,0.0498466590688027,0.055778531360939444,0.07298984523283121,0.0,0.031843639514021485,0.0,0.035944013563732835,tcp,smtp,SF
352,0,0,3100,0,0,0,2,0,0,0,0,0,6,0,0,0,0,0,0,0,0,0.019718381782579376,0.0,0.7857636484327655,0.9639006716722825,1.0,0.04663126537291398,0.04901527596128325,2,255,0.803030555479077,0.0,0.15079937204882754,0.13535599942110688,0.018133941226548378,0.0,1.0,0.8976576970568374,tcp,http,REJ
353,547,64765,0,0,0,0,0,0,0,0,0,0,0,0,0,0,0,0,0,0,2,0.0,0.0,0.03479648288758264,0.21018996140182747,1.0,0.19944592175090492,0.0,45,113,0.8795175055477256,0.05062786670487243,0.0,0.0,0.0,0.008435391263196996,0.0036738379700935212,0.0,udp,private,SF
354,718,0,0,0,0,0,2,0,0,0,0,0,0,0,0,0,0,0,0,14,4,0.10465637146554507,0.0,0.9279953232305782,0.9246985822170972,0.9802423333350603,0.09581664947282519,0.0,58,214,0.8450923809819357,0.0,0.48949712047967614,0.03356978078469597,0.0,0.0,0.9988715075302073,0.9358608238326612,tcp,http,REJ
355,157,0,0,0,0,0,0,0,1,0,0,0,8,0,0,0,0,0,0,3,35,0.02080578810948327,0.0,0.024800686328194158,0.0,1.0,0.13728123611668014,0.18261849662412183,71,81,0.4386770162486988,0.06463735504708751,0.0027685234975311597,0.0,0.0,0.0,0.0,0.0630740656184598,tcp,smtp,SF
356,190,50613,33570,0,0,0,31,0,1,0,0,0,3,0,0,0,0,0,1,0,0,0.027224802165701136,0.017297894943850218,0.0,0.0,1.0,0.0,0.0,195,17,0.5906331087341474,0.14915065042479292,0.0,0.0,0.025845880355337664,0.025257395200667814,0.0,0.027295855726397252,tcp,ftp,SF
357,186,106147,0,0,0,0,1,0,0,0,0,0,7,0,0,0,0,0,0,2,37,0.012090710447566088,0.0,0.05592569820665479,0.2045399465256959,1.0,0.07893918684736198,0.0,28,61,0.5629475059426625,0.023644405213466557,0.0,0.029713705065990213,0.0,0.00010363646949647548,0.02630054508630867,0.0,udp,private,SF
358,0,396880,0,0,0,0,1,0,1,7,0,0,6,1,0,0,0,0,0,14,0,0.05452863280428052,0.0,0.0,0.0,1.0,0.0,0.0,255,133,0.6513541504825143,0.0,0.03598383958511681,0.033631215308003955,0.012233152617036164,0.0,0.010539289958874928,0.1150764854341457,tcp,smtp,SF
359,0,514300,68137,0,0,0,0,0,0,11,0,0,16,0,0,0,0,0,0,0,36,0.0,0.033777408645925766,0.9769582815454033,1.0,1.0,0.12312966138579509,0.0,118,93,0.8007615780913735,0.05917511875614196,0.0,0.20290992874058614,0.0,0.02365703310943671,1.0,0.9070958427698497,tcp,http,REJ
360,0,513906,12408,0,0,0,1,0,0,0,0,0,8,0,0,0,0,0,0,208,146,0.0,0.020107608172445814,0.11675036441448097,0.039733490444231176,1.0,0.10969119770497335,0.0,97,39,0.4553040740649439,0.0,0.0,0.0,0.0,0.0,0.10757857320194106,0.1423268136090702,udp,domain_u,SF
361,258,0,12155,0,0,0,3,0,1,0,0,0,0,0,0,0,0,0,0,0,1,0.05027787834455826,0.0,0.0,0.0,0.900379881869414,0.044348225536786245,0.0,255,255,0.8326697070851364,0.0056325675623533945,0.09496299453653236,0.0,0.03924283461023418,0.0,0.0,0.0,tcp,http,SF
362,672,0,0,0,0,0,0,0,0,0,0,0,3,0,0,0,0,0,0,229,247,0.07295542156062584,0.13574253407049827,0.0,0.0,0.9346028849171675,0.0,0.33036425956901017,0,0,0.4410682785299273,0.0,0.0,0.007849845321285154,0.02991137794486043,0.0,0.06379220091704679,0.0,udp,domain_u,SF
363,0,157447,0,0,0,0,0,0,1,1,0,0,0,0,0,0,0,0,0,18,25,0.0,0.04529263342536735,0.0,0.0,0.8980085803088638,0.0,0.0,232,255,1.0,0.0,0.007678033421690635,0.01967398553225874,0.0,0.03482933886677281,0.0,0.002901279223211299,tcp,http,SF
364,0,828742,0,0,0,0,0,0,0,0,0,0,0,1,0,0,0,0,0,313,281,0.0,0.1087747443009824,0.0,0.0687139152652966,1.0,0.0,0.03670718571355161,255,255,1.0,0.09411082013957262,0.08436266931918704,0.0,0.0019757224369807763,0.0,0.1390886884473301,0.020435273355322695,udp,domain_u,SF
365,3634,484583,33874,0,0,0,0,0,0,11,0,0,0,0,0,0,0,0,0,0,0,0.00814459962844838,0.0,0.0,0.1762584925018658,1.0,0.05599090902743654,0.046262663554686334,255,29,0.0,0.7016194528506446,0.9767444037773709,0.0,0.0,0.002291746282791768,0.0,0.009327993311468953,udp,other,SF
366,0,366684,18445,0,0,0,2,0,1,0,0,0,0,0,0,0,0,0,0,50,0,0.02359985453722731,0.011109681845292142,0.0,0.0,1.0,0.029664236431612413,0.13678233901980089,58,255,1.0,0.05796897643050203,0.0,0.08542641732487846,0.0,0.008835564291344062,0.12730009199008238,0.0,tcp,http,SF
367,0,0,0,0,0,0,0,0,1,0,0,0,4,0,0,0,0,0,0,45,60,0.007165458748854245,0.0,0.09913282967068356,0.0,1.0,0.10429673390939274,0.04953878744533449,53,255,0.9973048063752157,0.061636112277269874,0.0,0.030658222508468676,0.06015792921769396,0.02348489969553962,0.0,0.040515772695760094,tcp,http,SF
368,136,0,0,0,0,0,0,0,0,11,0,0,0,0,0,0,0,0,0,0,16,0.0,0.0,0.9910222103697043,1.0,0.9534901954627404,0.11830945662388964,0.2553876161349793,59,255,1.0,0.08696199711599245,0.1425173254793756,0.1307316223519343,0.0,0.020195255402360956,1.0,1.0,tcp,http,REJ
369,567,261955,29687,0,0,0,2,0,1,0,0,0,0,1,0,0,0,0,0,4,41,0.0,0.0,0.0,0.0,1.0,0.0,0.032367476727504146,62,233,0.8895227075926652,0.0,0.0,0.047131803525475205,0.016658116419513074,0.03327161283124502,0.042499482442337685,0.0,tcp,http,SF
370,41,0,0,0,0,0,31,0,1,3,0,0,0,0,0,0,0,0,1,0,3,0.0,0.13327684182051103,0.0,0.0,0.8619197693639026,0.03490163087476977,0.1820463618033528,0,43,0.17033272250308162,0.12073158756734359,0.05728518429138147,0.00262055018986925,0.0,0.0,0.08301607786219503,0.0,tcp,ftp,SF
371,893,0,0,0,0,0,2,0,0,0,0,0,15,0,0,0,0,0,0,0,0,0.0,0.0,0.8930057377953042,1.0,0.9699438332484116,0.03400849421603514,0.14046261577365357,75,255,0.9140990898296819,0.14486283601178732,0.5004078505375765,0.008330030227160626,0.02039989832537897,0.024778157245249424,0.9842884104282043,0.8196908019222837,tcp,http,REJ
372,579,0,0,0,0,0,0,0,0,0,0,0,2,0,0,0,0,0,0,0,25,0.0,0.0,0.09059906008893548,0.0,0.827191642691208,0.0,0.2082670467589471,0,31,0.9772397163459585,0.04830411221972452,0.0,0.0,0.052748976724126914,0.0,0.06646356448299316,0.0,udp,private,SF
373,565,521666,64570,0,0,0,0,0,1,0,0,0,0,0,0,0,0,0,0,0,27,0.0,0.0,0.12307205633749621,0.028715031805818785,1.0,0.06916953442355896,0.0033546488352233558,35,221,1.0,0.0,0.17548172118460004,0.054082583593133726,0.007675130024763409,0.0,0.0664238043772484,0.0,tcp,http,SF
374,405,0,34676,0,0,0,29,0,1,15,0,0,3,0,0,0,0,0,1,45,0,0.028428809391668225,0.023746566606784446,0.0,0.22616792091243965,0.9794363051160052,0.03606039085868272,0.05374105008320391,88,0,0.5079555680341101,0.021654174309319284,0.0,0.06721643429469445,0.016608515633636557,0.0,0.0,0.0,tcp,ftp,SF
375,1563,0,0,0,0,0,0,0,0,4,0,0,16,0,0,0,0,0,0,0,0,0.04209177153268857,0.0,1.0,0.6778050684061726,0.9902610392678446,0.0,0.020137617599292,29,240,0.884456890315322,0.0301850978767236,0.22842869867668444,0.14226499289721786,0.040443034497700626,0.04868963472085202,0.9246239382760966,1.0,tcp,http,REJ
376,0,165338,0,0,0,0,0,0,1,2,0,0,5,0,0,0,0,0,0,8,33,0.0,0.04086818875345919,0.0,0.0,0.931410956122721,0.0,0.021576925505301957,199,187,1.0,0.0,0.0,0.025648535684511902,0.032582152788462763,0.0,0.0,0.0,tcp,http,SF
377,0,0,0,0,0,0,1,0,0,0,0,0,0,0,0,0,0,0,0,13,14,0.0,0.0,0.0,0.0,0.9507546062440749,0.0,0.029037013992652575,0,44,1.0,0.0,0.0,0.006009284036980085,0.048095868534609135,0.04097642202267971,0.0,0.0,udp,private,SF
378,3717,14098,0,0,0,0,0,0,0,6,0,0,19,0,0,0,0,0,0,11,0,0.0,0.0,0.04808594056164305,0.033971561167772446,1.0,0.0,0.0,204,0,0.0799632828057283,0.6587449371185589,0.8823068060047348,0.03889844883236947,0.014780020606344422,0.015605595622427021,0.002089646902344174,0.06824100081281147,udp,other,SF
379,0,0,0,0,0,0,30,0,1,0,0,0,0,1,0,0,0,0,1,13,37,0.0,0.0,0.05716324631316389,0.0,0.8942675676396673,0.0,0.0,121,63,0.16081923841447976,0.06708053676826785,0.02159686564343219,0.0,0.014754979756844595,0.005787703935441315,0.04900354408685243,0.058734553024324,tcp,ftp,SF
380,72,0,67913,0,0,0,0,0,0,0,0,0,0,0,0,0,0,0,0,225,205,0.02397681376374821,0.0,0.0,0.0,1.0,0.0,0.12018958293414418,14,108,0.4526282411359982,0.13578811189706924,0.0,0.0369929441406765,0.011025924514175186,0.010659186832789741,0.09490496870233792,0.0,udp,domain_u,SF
381,880,258912,12575,0,0,0,0,0,1,0,0,0,0,0,0,0,0,0,0,0,12,0.02515109120387071,0.0,0.0,0.07421788809655484,0.9402727703372177,0.034805131627172844,0.0,210,255,1.0,0.044330764398421825,0.018385837437205104,0.047015400928866656,0.039832713915537096,0.0,0.0,0.17964049136169039,tcp,http,SF
382,0,0,19082,0,0,0,1,0,1,13,0,0,0,0,0,0,0,0,0,11,36,0.05225339092333146,0.0,0.11923529104077422,0.0010468780627486823,0.8762340965310182,0.10312790578337792,0.0,136,200,1.0,0.0,0.0,0.048441813551717415,0.0,0.04663246109529191,0.0,0.019008702579753223,tcp,http,SF
383,0,0,0,0,0,0,0,0,1,13,0,0,2,0,0,0,0,0,0,0,24,0.051240080814195954,0.0,0.0,0.0,1.0,0.0037069456828552364,0.1560861047331472,203,255,0.9003719188729968,0.24927383795612854,0.0,0.04786496728712307,0.024438505713377894,0.0,0.08509327107709296,0.08714262667999988,tcp,http,SF
384,0,223886,25177,0,0,0,1,0,0,0,0,0,0,0,0,0,0,0,0,38,11,0.0,0.04320948526486332,0.9930057754116772,0.8793541613808142,1.0,0.06951202846946201,0.18140796918453791,0,255,1.0,0.0,0.19469940734300828,0.15640032177714944,0.10582573470489588,0.029419144366431282,1.0,0.9428105355748938,tcp,http,REJ
385,0,0,0,0,0,0,3,0,1,0,0,0,0,0,0,0,0,0,0,62,0,0.13817786418449585,0.09674641851546988,0.17226830324114883,0.021061805873748833,0.9602810054659253,0.011408447899773692,0.0,255,250,1.0,0.0,0.12792125871698382,0.019614864449141404,0.016534314845464956,0.0,0.07223827497713176,0.0,tcp,http,SF
386,295,0,0,0,0,0,2,0,1,0,0,0,8,0,0,0,0,0,0,0,69,0.0753557991747413,0.015096549165214494,0.0,0.0,0.959558953352416,0.0,0.02349903634757503,129,99,0.941703275785957,0.0,0.0,0.0,0.0,0.0,0.0,0.0,tcp,http,SF
387,353,469412,21631,0,0,0,0,0,1,1,0,0,0,0,0,0,0,0,0,0,0,0.0,0.0,0.0,0.02305601770359784,0.9815290435100407,0.14741237508060379,0.0,59,98,0.3881631331606631,0.0,0.03344421908179773,0.0,0.0,0.057607132582177416,0.2488356539699891,0.0,tcp,smtp,SF
388,186,367823,0,0,0,0,0,0,1,1,0,0,0,0,0,0,0,0,0,20,27,0.00615499899208002,0.002850951021726807,0.10426237959255719,0.13576695516507611,0.9403579356839787,0.0,0.158966834128013,255,248,0.7883080187949945,0.0,0.05657034222373486,0.008580189343315548,0.02859521091272193,0.0,0.007747872981629994,0.11256033060941263,tcp,http,SF
389,1690,0,55775,0,0,0,0,0,0,5,0,0,0,0,0,0,0,0,0,30,0,0.0,0.0,0.05370075813833043,0.06760798924302953,0.9533322010816914,0.0007570450218278527,0.0,255,27,0.0,0.7130613138647981,0.8459568077022759,0.0,0.0,0.013413870352477996,0.021131879995750877,0.0,udp,other,SF
390,0,0,10510,0,0,0,30,0,1,6,0,0,0,0,0,0,0,0,1,55,15,0.0013252157235653637,0.039571111505679,0.09092692914998772,0.0,1.0,0.0,0.0,14,53,0.22813348324141328,0.0,0.07656062936409685,0.032294208476241766,0.0,0.0,0.1594360809522294,0.002552952646611318,tcp,ftp,SF
391,70,232556,48804,0,0,0,28,0,1,0,0,0,0,0,0,0,0,0,1,21,38,0.08137194560817662,0.01280760073399925,0.0,0.02780497396062224,1.0,0.11617018595452797,0.18108910169510348,90,13,0.294176927747715,0.12330773647627515,0.11381815309926635,0.0289044847502863,0.0,0.0,0.1491952859580478,0.05760905440436787,tcp,ftp,SF
392,0,0,0,0,0,0,0,0,0,4,0,0,0,0,0,0,0,0,0,65,19,0.13522188223593634,0.0,0.8826593155065556,0.6931500732692949,0.9738840503619903,0.015862170052405127,0.0,0,255,0.9974511952555438,0.05248998939962028,0.16301410658514698,0.12438259434865966,0.0,0.017544519680648834,0.9190796749865964,1.0,tcp,http,REJ
393,316,113287,0,0,0,0,0,0,1,0,0,0,4,0,0,0,0,0,0,46,19,0.0,0.04884964714713202,0.0,0.01381266042634599,1.0,0.18769141682484322,0.0,195,144,0.5661142921567862,0.0,0.0,0.08843843826121862,0.07423939780656826,0.004139365371973941,0.0,0.0,tcp,smtp,SF
394,471,0,0,0,0,0,2,0,1,4,0,0,4,0,0,0,0,0,0,59,27,0.016281362545621222,0.04301693472217939,0.23111837969773744,0.0,1.0,0.002644575948752013,0.017949756626073732,56,255,1.0,0.05901923986592902,0.0,0.05301523336668755,0.0,0.0,0.010999930934504123,0.0,tcp,http,SF
395,93,0,10405,0,0,0,0,0,1,0,0,0,0,0,0,0,0,0,0,28,0,0.029429151953647852,0.06651722752444413,0.08231855755459268,0.0,0.8768796026148327,0.0,0.20580612626973524,246,210,0.8774160236781194,0.0,0.0,0.0,0.04034303277313992,0.0,0.05052146178466437,0.0,tcp,http,SF
396,511,0,2300,0,0,0,1,0,0,3,0,0,0,0,0,0,0,0,0,0,39,0.09624952825648604,0.0,0.9977300638768614,1.0,0.9982008632720166,0.0,0.0,86,108,1.0,0.0,0.015835678081176988,0.18163428035328658,0.0,0.02528522157527078,1.0,0.9272203814189943,tcp,http,REJ
397,154,0,0,0,0,0,0,0,1,3,0,0,1,0,0,0,0,0,0,4,26,0.0,0.013391007911872482,0.029077584867166106,0.0,0.9889522260026542,0.0812794881957189,0.0,255,255,1.0,0.035419399785314894,0.0024591335666376397,0.0,0.0,0.0,0.2880063939277254,0.0,tcp,http,SF
398,363,0,0,0,0,0,0,0,1,0,0,0,0,0,0,0,0,0,0,9,0,0.12910613583502312,0.0,0.005521388887004714,0.0,1.0,0.0,0.08003215979682571,235,113,0.7496692268962271,0.006494712173781943,0.0,0.035607175448932216,0.023812138195154,0.0,0.0,0.0,tcp,smtp,SF
399,0,196427,0,0,0,0,1,0,1,5,0,0,1,0,0,0,0,0,0,11,47,0.0,0.0,0.07109400173683991,0.0,1.0,0.0,0.10088589378529358,59,255,0.8937334689451852,0.0,0.05366081756241908,0.032332707061832736,0.0,0.05166969297913107,0.08325173736832348,0.0,tcp,http,SF
400,0,104594,0,0,0,0,1,0,1,0,0,0,11,0,0,0,0,0,0,0,0,0.0,0.017662780628843733,0.0,0.0,1.0,0.09020044822735719,0.028573511553860075,168,51,0.6012406357864669,0.02268251902573469,0.0,0.0018194949217552846,0.07689529342479387,0.0,0.0,0.0,tcp,smtp,SF
401,132,320818,0,0,0,0,0,0,0,0,0,0,0,0,0,0,0,0,0,44,0,0.0,0.0,1.0,1.0,1.0,0.07736625460024221,0.0,59,19,1.0,0.08499659990406,0.11379005766304204,0.19840596024098023,0.024750186860589916,0.0,0.9878082540282198,0.8632639257979058,tcp,http,REJ
402,551,92072,0,0,0,0,0,0,0,0,0,0,0,0,0,0,0,0,0,178,185,0.0,0.015231484439927875,0.0,0.076445852861582,0.9792240582408388,0.0,0.017511345113491287,3,81,0.5877876915290503,0.102497865620055,0.1974077000575145,0.0,0.048430838501587185,0.0,0.0,0.0,udp,domain_u,SF
403,0,0,56747,0,0,0,0,0,1,0,0,0,3,0,0,0,0,0,0,41,42,0.020383436751954274,0.007474706310873077,0.020854181850685764,0.010673603073011248,1.0,0.0,0.0,0,229,0.8873454921398674,0.027464565040722446,0.0,0.0593033748756685,0.0,0.008742108917051138,0.16297972362169313,0.0,tcp,http,SF
404,350,0,0,0,0,0,0,0,1,0,0,0,0,0,0,0,0,0,0,13,0,0.0,0.0,0.0,0.005895054185602265,1.0,0.0,0.013698443913500986,244,255,0.8808821041949794,0.0,0.02576495406144655,0.0,0.022864848518682528,0.0009594792801051958,0.02322140412330719,0.0,tcp,http,SF
405,0,0,44418,0,0,0,1,0,0,0,0,0,0,1,0,0,0,0,0,0,25,0.0068862768354266655,0.06217668146083524,0.004355808417221532,0.0,1.0,0.0,0.2001811368347476,33,77,0.7287298567482904,0.08360593930668789,0.2939910047448576,0.0,0.04296736120433968,0.0,0.028650927278478948,0.0024737067314481733,udp,private,SF
406,0,107374,0,0,0,0,0,0,1,9,0,0,3,0,0,0,0,0,0,0,19,0.03228094251530758,0.0,0.1004874080177257,0.13903739611903715,1.0,0.056091125922265256,0.0,207,166,0.4229374705681194,0.0,0.014260779168750789,0.025593884032124092,0.0,0.0007042091016497772,0.004809498350337223,0.0,tcp,smtp,SF
407,590,0,12685,0,0,0,30,0,1,1,0,0,5,0,0,0,0,0,1,0,0,0.0720926477653928,0.005910741930674322,0.0,0.0,1.0,0.06419550253352647,0.0,38,39,0.7625020811309228,0.13534069656715428,0.048888326815304646,0.0,0.0,0.001909653816028373,0.03674082984033343,0.0,tcp,ftp,SF
408,0,0,2218,0,0,0,29,0,1,7,0,0,0,0,0,0,0,0,1,14,56,0.03308980991102229,0.0,0.0,0.07819905929067705,0.9453996719850565,0.0262358927902208,0.0,181,0,0.0,0.12125649240128208,0.24449443791744177,0.01952562082853198,0.0,0.0,0.040077091120547394,0.062212474870877194,tcp,ftp,SF
409,0,0,0,0,0,0,0,0,1,2,0,0,0,0,0,0,0,0,0,12,0,0.06909973800840617,0.023099991715865346,0.0,0.0,0.969036931187737,0.013751045879599837,0.0,33,255,0.8419645447600744,0.12449423952376693,0.2892879952516283,0.03331865801359148,0.0,0.0,0.0,0.0,tcp,http,SF
410,0,0,50128,0,0,0,3,0,1,0,0,0,15,1,0,0,0,0,0,0,0,0.0,0.0,0.0,0.05097914579490428,1.0,0.0,0.24870172781386252,255,246,1.0,0.0,0.0,0.05280786782593582,0.010455428004046535,0.0,0.0,0.06273117752285438,tcp,http,SF
411,0,766314,0,0,0,0,0,0,1,1,0,0,9,0,0,0,0,0,0,0,27,0.019164801616035083,0.04258849324666872,0.0,0.051464181131331735,1.0,0.10782954836668686,0.0,78,0,0.5102054233526844,0.0,0.0,0.036997285360959344,0.0,0.0,0.0,0.03772954006617261,tcp,smtp,SF
412,2183,0,26124,0,0,0,0,0,0,5,0,0,6,0,0,0,0,0,0,13,0,0.0,0.0,0.016454573979179953,0.0743159449413462,1.0,0.0,0.0,204,40,0.0,0.7155337762884109,1.0,0.04112013427025527,0.0,0.026921705370811046,0.0,0.0,udp,other,SF
413,513,0,0,0,0,0,0,0,1,8,0,0,1,0,0,0,0,0,0,0,46,0.0,0.019162686987144236,0.0,0.1605060649423457,0.9770071776084915,0.0,0.1041438655491168,249,173,0.5336770869690581,0.002355556025684012,0.06329510790983472,0.017362020804093745,0.031231516262884618,0.03470327689214504,0.04903070897742732,0.0,tcp,smtp,SF
414,0,363399,0,0,0,0,0,0,0,0,0,0,0,0,0,0,0,0,0,0,4,0.018803132458800165,0.0,0.07598682489775171,0.0,1.0,0.011802992055392352,0.0,68,134,1.0,0.09440781184632635,0.09989669537667362,0.01939135686376727,0.0,0.0,0.0,0.0037987391213048435,udp,private,SF
415,133,444374,0,0,0,0,0,0,1,0,0,0,8,0,0,0,0,0,0,0,0,0.023202164078863885,0.02740137251363057,0.12495169846476503,0.10190397343159134,0.979496882804585,0.0,0.10638632168373013,15,255,0.9559437629579474,0.08492864262972499,0.0,0.014769248990264213,0.0,0.035086799295612245,0.09569448652695667,0.04311626287789019,tcp,http,SF
416,732,0,45903,0,0,0,2,0,1,0,0,0,1,0,0,0,0,0,0,12,0,0.0,0.0,0.0010829762334565744,0.0,0.9799065533938849,0.0,0.0,103,255,1.0,0.1097486461290482,0.0,0.07914556112331507,0.04327018429118733,0.01166083502697909,0.02349768688000571,0.0,tcp,http,SF
417,892,0,10977,0,0,0,0,0,0,0,0,0,0,0,0,0,0,0,0,212,148,0.0,0.017768145967535065,0.09089005010814569,0.0,1.0,0.0,0.06199696349133813,82,79,0.3464935253090773,0.023763869152781204,0.23717498704184584,0.007235053330817341,0.02536016888781677,0.0,0.0,0.05861256455047334,udp,domain_u,SF
418,0,205641,13124,0,0,0,2,0,1,0,0,0,0,0,0,0,0,0,0,0,13,0.0,0.0,0.14060430191339526,0.2061261457908144,0.9649916779112794,0.039727884338124686,0.0,183,245,0.6123585522438506,0.1567422790907214,0.10853338135530753,0.0,0.0,0.0,0.0,0.1671215788324787,tcp,smtp,SF
419,909,0,49024,0,0,0,0,0,1,12,0,0,0,0,0,0,0,0,0,0,0,0.0,0.0,0.0,0.07114020709629817,1.0,0.0,0.06154268143323727,255,214,1.0,0.0,0.045027408548299994,0.0,0.0,0.0,0.0,0.0,tcp,http,SF
420,2701,0,40413,0,0,0,0,0,0,4,0,0,8,0,0,0,0,0,0,0,16,0.03524844412365904,0.0,0.14594660365806247,0.0,1.0,0.0,0.029416414870661985,246,0,0.32794155965767763,0.6939998745615303,0.8418255890270842,0.004692570203265531,0.0,0.026817344776312837,0.0,0.12525672160961088,udp,other,SF
421,0,0,26826,0,0,0,1,0,0,0,0,0,5,0,0,0,0,0,0,30,0,0.0,0.008543050273517094,0.0,0.09702565414470841,0.9096939414869145,0.03172171700495667,0.0,94,44,0.8344457516422831,0.02655589503779442,0.0,0.05056318767600914,0.0,0.0,0.0,0.04564875992159461,udp,private,SF
422,0,507585,0,0,0,0,0,0,1,0,0,0,1,0,0,0,0,0,0,20,5,0.004829093222985241,0.02565294034833941,0.0,0.0,0.9071559646761531,0.0,0.0,0,255,0.8160786295634255,0.0,0.12253089121833075,0.00958082986565776,0.05428217626095564,0.061658952049017224,0.0,0.02532450334793647,tcp,http,SF
423,0,0,0,0,0,0,0,0,1,7,0,0,0,0,0,0,0,0,0,21,34,0.0,0.013518694059943145,0.030355407657591992,0.0,0.9940276287245557,0.0003515879131175509,0.029286587103146383,0,224,1.0,0.11755451916650385,0.0,0.008452115993812091,0.06666990637950942,0.03364933970544566,0.1840384186522974,0.0,tcp,http,SF
424,0,33037,0,0,0,0,0,0,0,0,0,0,0,0,0,0,0,0,0,0,20,0.05176979608326805,0.0,0.992667494348665,0.9385717736269011,0.8562304212595091,0.01582881050639232,0.09779240249739299,8,255,1.0,0.0,0.4102036117766038,0.049394927946485784,0.03456951302487785,0.0,1.0,0.8072218337976237,tcp,http,REJ
425,0,371091,25361,0,0,0,2,0,0,0,0,0,0,0,0,0,0,0,0,0,36,0.05538746031663909,0.08176253717917055,0.8568984948055562,1.0,1.0,0.0,0.0,27,148,0.884238400132672,0.0,0.07779785131688083,0.25692754973627885,0.08811224522654057,0.047587115678860696,0.9679922428712707,0.9057314571137397,tcp,http,REJ
426,540,693532,6278,0,0,0,1,0,1,0,0,0,0,0,0,0,0,0,0,0,0,0.0,0.014807655103137219,0.0,0.0,0.9733756676504491,0.0,0.0,146,206,0.5139542053501058,0.10346560092395439,0.08508890391016746,0.0,0.019287356456984463,0.02119775442482916,0.13931726835445685,0.09065733605982682,tcp,smtp,SF
427,3795,0,0,0,0,0,0,0,0,1,0,0,0,0,0,0,0,0,0,0,0,0.13859037933522797,0.0,0.1665246476307416,0.015753050956157245,0.9673694699312649,0.009836629872680486,0.10722563176425558,255,0,0.0,0.7214618251880839,0.9334029049926221,0.0,0.05108461450696998,0.0,0.0,0.0,udp,other,SF
428,0,0,0,0,0,0,1,0,0,4,0,0,0,0,0,0,0,0,0,34,0,0.0,0.018874521833716976,0.02833272692121342,0.08990095851601687,1.0,0.0,0.23098894654166768,48,47,0.9239873354018905,0.0,0.20506714639836682,0.0,0.0,0.019626413443117226,0.0,0.16935153182318116,udp,private,SF
429,2903,596506,0,0,0,0,0,0,0,8,0,0,2,0,0,0,0,0,0,14,6,0.048968052195695735,0.011389456296266575,0.15070732617220686,0.01120053841965196,0.9896393565458531,0.0,0.12690851936974482,219,0,0.0,0.6607299014006363,1.0,0.018848822760184472,0.0,0.026856003508393622,0.08337308533214513,0.0421302321353091,udp,other,SF
430,0,0,678,0,0,0,0,0,1,7,0,0,6,0,0,0,0,0,0,11,0,0.0,0.0,0.0,0.2003226145576547,1.0,0.041791727562328164,0.030992208262521616,89,194,1.0,0.0,0.0,0.0,0.0,0.0,0.0,0.03787271574850588,tcp,http,SF
431,319,340073,0,0,0,0,0,0,1,0,0,0,0,1,0,0,0,0,0,22,1,0.037583010050779395,0.0,0.0,0.001338479834616508,0.9578427464011177,0.0,0.0,49,255,0.978082642457607,0.0,0.23855382918942944,0.038378210032669224,0.0,0.03425097923773396,0.06688504884321385,0.0,tcp,http,SF
432,0,0,18556,0,0,0,0,0,0,7,0,0,10,0,0,0,0,0,0,208,185,0.03378980947942733,0.04381916109572046,0.0,0.1367279488696634,0.9933450932663145,0.0,0.0,36,37,0.7169209100649763,0.09492367779543148,0.15851375468904436,0.0,0.11906550470614459,0.0,0.02858663168489775,0.06396115527164672,udp,domain_u,SF
433,0,34625,13502,0,0,0,2,0,1,0,0,0,0,0,0,0,0,0,0,0,10,0.0,0.07687587118247204,0.09844903392260523,0.09894963106940076,1.0,0.12170334854428606,0.0,224,203,0.5148706812157084,0.0,0.026301337803999677,0.026317360971545,0.0,0.023649761368012355,0.08741828599613205,0.0,tcp,smtp,SF
434,624,0,66655,0,0,0,0,0,0,0,0,0,0,0,0,0,0,0,0,0,1,0.0,0.0,0.04176375586607094,0.15459254697246455,0.9365479271134253,0.08885904948900655,0.0,94,82,0.9249568080510924,0.0,0.0,0.037610453744127095,0.0,0.0,0.17549393668927285,0.0,udp,private,SF
435,0,0,29893,0,0,0,1,0,1,0,0,0,0,0,0,0,0,0,0,0,19,0.0908060394517964,0.05474932667797545,0.0,0.1998769711843325,1.0,0.08792818570514292,0.151255850568998,254,178,1.0,0.06107623039260728,0.10050303376226723,0.034358690597209945,0.04443412071510169,0.0,0.044477319376924486,0.0,tcp,http,SF
436,0,0,0,0,0,0,1,0,0,0,0,0,8,0,0,0,0,0,0,70,0,0.0,0.0008867098268601835,0.9193817879849707,0.8214847233634416,0.8220813354890096,0.0,0.005353234097590621,0,251,0.8038579984967071,0.0,0.5679556887354053,0.07929498170960311,0.0,0.01830430433306773,1.0,0.7207052036999105,tcp,http,REJ
437,0,90471,28517,0,0,0,1,0,0,0,0,0,1,0,0,0,0,0,0,29,0,0.01953798146288514,0.010530900657019907,1.0,1.0,1.0,0.0,0.0,0,197,0.9108028155384665,0.0,0.0,0.2664061980764615,0.006611822180015348,0.0,0.8538020824391217,1.0,tcp,http,REJ
438,0,329585,0,0,0,0,1,0,1,0,0,0,1,0,0,0,0,0,0,19,20,0.016310606424644644,0.060137641630070654,0.0,0.0,0.9590331511787595,0.0,0.0,0,217,0.9333093941808618,0.0,0.23451827198987363,0.01876037893811417,0.040409999307269434,0.014488592317273407,0.020531708562383632,0.0,tcp,http,SF
439,287,0,0,0,0,0,2,0,0,0,0,0,0,0,0,0,0,0,0,236,170,0.0,0.0,0.0,0.011293979539340747,0.9836933614633739,0.005596168394311278,0.0,81,52,0.6814775907805594,0.08924500935064904,0.0,0.012999999989244879,0.0,0.01187510090700464,0.0,0.0,udp,domain_u,SF
440,0,22994,11745,0,0,0,1,0,0,4,0,0,0,0,0,0,0,0,0,302,285,0.0,0.03625183408889659,0.0,0.0,0.992788043796843,0.0,0.0,255,188,1.0,0.0,0.0,0.07875472239701367,0.06989802808471446,0.04267392933262806,0.0,0.04947471404760388,udp,domain_u,SF
441,221,186946,0,0,0,0,0,0,0,11,0,0,8,0,0,0,0,0,0,0,19,0.04028621749305539,0.057061211367535905,0.808558935700266,0.7649195115420561,0.9282249566715348,0.0,0.0,56,175,0.8686495509686357,0.038352990779810144,0.0970133445380803,0.09840903129455639,0.05190337240168993,0.0,0.8037752225778897,1.0,tcp,http,REJ
442,250,0,162,0,0,0,1,0,1,0,0,0,0,0,0,0,0,0,0,0,7,0.0005647621522798994,0.0,0.05595077832546518,0.0,0.9225724098983318,0.036964722701464406,0.20702814310725942,121,116,0.45594363530661086,0.0,0.003365864140207349,0.0,0.016272960047155963,0.0,0.04799003356933241,0.0,tcp,smtp,SF
443,897,243188,0,0,0,0,0,0,1,0,0,0,10,0,0,0,0,0,0,1,8,0.05366693619885882,0.0,0.0,0.009870003977449407,1.0,0.0,0.0,255,64,0.48266072162712603,0.041271966210543826,0.0890752736358341,0.0,0.08068686177200579,0.04780131528170016,0.0,0.009116475805604162,tcp,smtp,SF
444,0,268277,3677,0,0,0,0,0,0,0,0,0,4,0,0,0,0,0,0,19,51,0.011267650680764782,0.07296416311568632,0.008211460561076467,0.09466446448667092,1.0,0.12652670411706418,0.0,0,2,0.592237622097136,0.10818000530280492,0.0,0.009681561415464461,0.0,9.244883119890905e-05,0.020704095732483208,0.15938413690133607,udp,private,SF
445,0,856116,0,0,0,0,2,0,1,5,0,0,0,0,0,0,0,0,0,0,13,0.003134374871833665,0.0,0.09718870850309422,0.0,0.9348206404977009,0.0063002593816989996,0.03934919668488756,187,255,0.8723932731776955,0.19056084135181278,0.0,0.058214513201442136,0.04658134401290782,0.0,0.0,0.0,tcp,smtp,SF
446,724,0,16246,0,0,0,2,0,1,0,0,0,0,0,0,0,0,0,0,0,3,0.018112256381867683,0.018626681632188065,0.0,0.0,1.0,0.0,0.0,159,153,0.5739338890199998,0.0,0.1564705279998914,0.028024109427708846,0.012843081259077925,0.01052296482151834,0.0,0.042258222951776496,tcp,smtp,SF
447,0,0,2131,0,0,0,0,0,1,0,0,0,14,0,0,0,0,0,0,0,0,0.0,0.04552041743189494,0.10722110794135592,0.0,1.0,0.0,0.011971235715953533,255,191,0.42155115771702956,0.0008773838863777098,0.0,0.002712736038901947,0.0,0.0,0.0,0.03772442081624324,tcp,smtp,SF
448,749,251683,48815,0,0,0,0,0,0,5,0,0,10,0,0,0,0,0,0,30,25,0.07575224468211779,0.01764559182388861,1.0,0.8992204382892707,0.9721531490416468,0.15391778153197946,0.11654326724416343,0,171,0.8083631180603048,0.10301723065152635,0.0,0.23829813431644378,0.0,0.0,1.0,1.0,tcp,http,REJ
449,258,268327,1915,0,0,0,2,0,1,6,0,0,0,0,0,0,0,0,0,0,0,0.0,0.025121788208266087,0.09189972189652854,0.0,0.9047647913913575,0.0,0.0,255,204,1.0,0.05941601185840243,0.0,0.0,0.09355624699628311,0.07475074367208806,0.0,0.1761385845303962,tcp,http,SF
450,0,0,0,0,0,0,1,0,0,0,0,0,1,0,0,0,0,0,0,256,222,0.0,0.0,0.0,0.034785726046527896,0.9972358268990696,0.01762781396612429,0.10187137561766746,220,213,1.0,0.0,0.046265204090648424,0.006516819536854238,0.048794691782770926,0.0,0.013336361618338448,0.0,udp,domain_u,SF
451,234,0,0,0,0,0,0,0,0,0,0,0,0,0,0,0,0,0,0,0,0,0.0628290581944948,0.02058749605860916,0.0,0.12743472296889613,1.0,0.0007145744750557123,0.0,105,101,0.8661816252776756,0.030245501427099218,0.06005068723837971,0.020743783095528903,0.040972952413044945,0.0,0.0,0.018345739610370945,udp,private,SF
452,1310,177354,0,0,0,0,1,0,1,2,0,0,1,0,0,0,0,0,0,0,10,0.012025320344867009,0.0,0.035166893270303506,0.0,0.9956659882190069,0.10402404069083201,0.0,255,226,0.9816515441178595,0.01914335946261836,0.0123631028969481,0.05877702599090622,0.0,0.03559482239837824,0.0,0.0,tcp,http,SF
453,1395,0,14304,0,0,0,0,0,0,0,0,0,0,0,0,0,0,0,0,10,0,0.0,0.0,0.0,0.0,0.9563768883944764,0.0,0.2596050154882753,131,98,0.808050280963627,0.005960699355136476,0.0,0.015070772164273643,0.03260972662506818,0.0,0.05441298245016628,0.0,udp,private,SF
454,80,0,24713,0,0,0,30,0,1,0,0,0,0,0,0,0,0,0,1,10,0,0.020119168021155147,0.0015815118982763132,0.0,0.11940667101232642,1.0,0.0976292214468458,0.0,116,102,0.25836142858359296,0.09526476393444738,0.018055546688598316,0.007299944980836503,0.0,0.00926801100330984,0.0,0.004328640669467166,tcp,ftp,SF
455,115,41541,87529,0,0,0,0,0,1,0,0,0,13,0,0,0,0,0,0,0,0,0.030434188800053136,0.0,0.0,0.0,1.0,0.09257018890930156,0.07978254713268372,154,88,0.8477551311202683,0.05161412460976959,0.0,0.07825270201003968,0.07821595844304767,0.018537133028391457,0.03657716357062459,0.0,tcp,smtp,SF
456,733,327058,0,0,0,0,0,0,1,6,0,0,0,0,0,0,0,0,0,32,0,0.0,0.025673827139886203,0.2586953066376457,0.1284148301668347,0.9432859362787123,0.00045237517115563684,0.1523559270194243,255,105,0.8132987191325751,0.0,0.0,0.0,0.05586950136283598,0.0,0.0,0.0,tcp,smtp,SF
457,0,0,0,0,0,0,1,0,1,2,0,0,0,0,0,0,0,0,0,41,41,0.04484198384868435,0.0,0.0,0.0,0.9780588255043311,0.030354515589981274,0.0,255,246,0.9658789490415626,0.0,0.1855081712882267,0.0,0.0423465007732413,0.033127831969693766,0.013357812518526855,0.0,tcp,http,SF
458,224,0,0,0,0,0,0,0,0,7,0,0,0,0,0,0,0,0,0,25,0,0.0,0.0161424852927755,0.9586906929599571,0.8920956756629417,1.0,0.0,0.0,0,207,1.0,0.0,0.0,0.1351427680047194,0.03766857432153228,0.0,0.9109120668769494,1.0,tcp,http,REJ
459,0,0,9074,0,0,0,1,0,1,9,0,0,1,0,0,0,0,0,0,11,66,0.012728708000498868,0.020327272267932267,0.0,0.0,1.0,0.0,0.0,255,227,1.0,0.0,0.043501367043995924,0.0,0.0,0.05515142815340647,0.03434617235026877,0.0,tcp,http,SF
460,2850,0,13410,0,0,0,1,0,0,3,0,0,0,1,0,0,0,0,0,0,0,0.038907632781984884,0.0,0.17308068656202297,0.04649514653068852,0.906729766745359,0.04262013444169794,0.0,255,0,0.0,0.6973939889443284,0.8800456009890946,0.02025295830218432,0.02244060392458718,0.0,0.08714541158482102,0.11789516886310503,udp,other,SF
461,0,0,0,0,0,0,2,0,1,0,0,0,2,0,0,0,0,0,0,21,22,0.030230528643060937,0.0,0.0,0.16307966211992986,0.964837389342552,0.018110462644781507,0.008977824617834489,255,254,0.8147229262171374,0.011631860852202134,0.24891912300869307,0.03288436222411921,0.07099777284566261,0.0454754301352446,0.0630243772261541,0.0,tcp,http,SF
462,0,0,38014,0,0,0,0,0,0,7,0,0,0,0,0,0,0,0,0,0,6,0.0,0.0,0.005388067910709138,0.0,0.9442707663128513,0.01963667358446529,0.1205587595681652,62,39,0.4668791520134622,0.0036105207180101365,0.09134188998495954,0.0,0.02149546985639613,0.05073240929633591,0.029214727592083586,0.009167510077619156,udp,private,SF
463,0,0,0,0,0,0,1,0,0,3,0,0,5,0,0,0,0,0,0,50,0,0.0,0.028460696658210844,0.0,0.10099741538167385,1.0,0.035422901795581364,0.0,116,110,1.0,0.11638297508259604,0.0,0.02243785577481603,0.0,0.0,0.08260236402112141,0.18916567068360182,udp,private,SF
464,0,0,34508,0,0,0,0,0,0,17,0,0,0,0,0,0,0,0,0,299,236,0.0,0.015380939950203353,0.11356498945608219,0.02783506228465014,1.0,0.0,0.125414069990345,255,250,1.0,0.010325878576102253,0.0,0.0,0.057806015069227085,0.0,0.0,0.07639316401418268,udp,domain_u,SF
465,0,0,19109,0,0,0,0,0,1,2,0,0,0,0,0,0,0,0,0,0,0,0.06251184357501675,0.0,0.1355964202547504,0.0,0.9531378401660515,0.1096755491086988,0.1892257997413763,212,255,1.0,0.09433272649420686,0.0,0.0,0.0,0.0,0.050896282986961645,0.0,tcp,http,SF
466,0,0,0,0,0,0,2,0,1,5,0,0,0,0,0,0,0,0,0,0,34,0.0,0.004701992246963353,0.0,0.0,1.0,0.0005972378390215314,0.058220513441302114,255,228,1.0,0.09282247039278824,0.0,0.0023760368795271037,0.0,0.04413714574065275,0.00212657552767053,0.0,tcp,http,SF
467,1302,683450,0,0,0,0,0,0,1,2,0,0,12,0,0,0,0,0,0,13,0,0.05711192992445216,0.011655053338717632,0.1194846068715053,0.0,1.0,0.039786890592634745,0.07097380144045985,212,16,0.6044535820564345,0.0,0.08840058850625022,0.022671763178950415,0.0,0.005211235012512968,0.18068927615162134,0.0,tcp,smtp,SF
468,776,218147,88742,0,0,0,33,0,1,0,0,0,1,1,0,0,0,0,1,0,0,0.0,0.009769172287423914,0.0,0.0,0.9664463098511067,0.0,0.0,120,10,0.24322255080636535,0.028396843305372857,0.18331941640817384,0.04998175395404807,0.0,0.015473055486929146,0.02670336623490248,0.09905017406593689,tcp,ftp,SF
469,0,5384,0,0,0,0,2,0,0,0,0,0,14,0,0,0,0,0,0,17,7,0.018992330076034274,0.0,0.06428500769783768,0.04652451125941788,0.9100933918610775,0.07713540992466375,0.0,39,52,1.0,0.02310654210480257,0.21759821853395245,0.0713728919769739,0.008073575850947496,0.0,0.0,0.0045422469187545765,udp,private,SF
470,234,0,10507,0,0,0,1,0,0,2,0,0,4,0,0,0,0,0,0,189,212,0.00038605739406172843,0.00692756862043962,0.0,0.06668679856661092,0.9241217842512002,0.0176379344434148,0.07910749280448943,91,95,0.6547490134213397,0.040193394729050605,0.0,0.0,0.1000834548705174,0.013712105503172582,0.024705523522117478,0.0,udp,domain_u,SF
471,0,0,0,0,0,0,1,0,1,3,0,0,10,0,0,0,0,0,0,46,17,0.13438393816903055,0.04083256302688679,0.13590500110513482,0.08233754974652993,0.9082599481000423,0.0,0.10757508397645063,239,255,1.0,0.04681828997127188,0.07258226376309919,0.0,0.014739335308207528,0.015601690328959915,0.0,0.16530979784991331,tcp,http,SF
472,0,119489,63701,0,0,0,0,0,1,8,0,0,0,0,0,0,0,0,0,1,0,0.05726866682733704,0.023890648227051142,0.025344260771353495,0.14491226297627025,0.9859691901644012,0.08867642755404158,0.03274544907948271,179,168,0.43222804103889867,0.029469651573603633,0.11294298045912042,0.0,0.13649715752988384,0.0,0.07112782872820703,0.15188927266429203,tcp,smtp,SF
473,2763,191344,31018,0,0,0,0,0,0,2,0,0,3,0,0,0,0,0,0,67,0,0.054154994242147855,0.018307677341791256,0.09473588380767886,0.09668238449267595,0.9348434497985346,0.0,0.12287686714586127,144,37,0.10685187390399804,0.6444932485195909,1.0,0.0,0.0,0.05148038567065167,0.07288594480567682,0.06715001932122999,udp,other,SF
474,416,0,0,0,0,0,0,0,0,0,0,0,9,0,0,0,0,0,0,285,284,0.09858826410537365,0.07308668378448843,0.1258872468090027,0.0,1.0,0.0,0.0,255,255,0.9558329262718704,0.11644865360315095,0.0,0.0069515292648814914,0.010200462949152748,0.0,0.0,0.0,udp,domain_u,SF
475,0,11984,17990,0,0,0,0,0,0,0,0,0,7,1,0,0,0,0,0,162,241,0.013796255756005236,0.0074654089785837815,0.0,0.0,0.9469704576882092,0.0,0.0700326749263642,148,19,0.6839638482292663,0.0,0.2021830502259163,0.0,0.0,0.029915581772971375,0.0,0.0,udp,domain_u,SF
476,3354,0,9088,0,0,0,0,0,0,0,0,0,4,0,0,0,0,0,0,58,0,0.0,0.0,0.0,0.0850099185991665,1.0,0.02746025034325736,0.19883333038759357,170,0,0.17098190610796082,0.7278121050822611,0.8609562831471655,0.0,0.002779078961322258,0.0,0.0129628532682647,0.0,udp,other,SF
477,0,69340,0,0,0,0,0,0,0,11,0,0,0,0,0,0,0,0,0,298,233,0.0,0.0,0.0,0.03949773734609398,1.0,0.023194643021325546,0.08990763082655102,255,255,0.7165707733326638,0.00760480731081605,0.15023535163040533,0.05989419161308966,0.017043115580964205,0.019866555849154508,0.0,0.0,udp,domain_u,SF
478,4,249452,26428,0,0,0,0,0,0,0,0,0,0,1,0,0,0,0,0,37,15,0.01593783994196002,0.00783184948303661,0.8194857340880672,0.8181933083490341,1.0,0.0,0.2513576837401953,27,255,0.9523682849825421,0.0,0.0,0.18222750660455764,0.06956819897565161,0.030928479201660513,0.7681356975517458,0.9741192972496758,tcp,http,REJ
479,1745,0,16102,0,0,0,0,0,1,6,0,0,8,0,0,0,0,0,0,27,21,0.0,0.0,0.19599483075314697,0.0,1.0,0.0,0.18222219265524361,105,139,0.9290031696265463,0.043424478606792716,0.0,0.0589848276882565,0.0,0.007722842046574855,0.0,0.09014513518793231,tcp,http,SF
480,151,845145,7851,0,0,0,0,0,1,2,0,0,10,0,0,0,0,0,0,0,0,0.00011309591889359475,0.0,0.07686759273850247,0.0,1.0,0.0,0.0,137,113,0.534801878878468,0.12944913266402308,0.0,0.0,0.000401450370189067,0.03124879508137246,0.0609561220366183,0.1899000759092066,tcp,smtp,SF
481,963,0,0,0,0,0,0,0,0,2,0,0,0,0,0,0,0,0,0,150,241,0.011026185321777326,0.02065214154258908,0.0,0.059068981725596936,0.9274915125305769,0.033750367515709624,0.09713532194554922,0,0,0.44003479637425225,0.03965721858329397,0.0,0.042676437844182735,0.02836264850839135,0.0,0.0,0.12240922134862402,udp,domain_u,SF
482,61,71169,15026,0,0,0,0,0,0,0,0,0,0,0,0,0,0,0,0,1,30,0.0,0.05210690498940146,1.0,0.8022774469370972,1.0,0.0,0.0,4,225,0.8827740068157783,0.0,0.2542474101310337,0.14500267845058418,0.058963803000567805,0.013724228480313991,0.9263341193072293,0.9317888058404358,tcp,http,REJ
483,423,0,12148,0,0,0,32,0,1,0,0,0,0,0,0,0,0,0,1,39,7,0.0,0.0,0.03956394689262303,0.0,1.0,0.08134570074404655,0.0,83,0,0.12300591005664269,0.15539317960140242,0.16616927540283802,0.0,0.0,0.0,0.23420656243515797,0.02440881933115733,tcp,ftp,SF
484,0,0,3740,0,0,0,1,0,1,0,0,0,6,0,0,0,0,0,0,15,0,0.0,0.004408188623936359,0.08445913010281256,0.07027528326696268,1.0,0.0449504734352546,0.0,255,255,1.0,0.03182911614000106,0.0,0.0008158411730424216,0.0,0.004314949960769417,0.19076441221361431,0.0386677061087749,tcp,http,SF
485,0,0,0,0,0,0,0,0,0,12,0,0,0,0,0,0,0,0,0,48,0,0.0,0.0,0.04988971059629945,0.0,1.0,0.0013978507522453133,0.23692336862994523,0,49,1.0,0.04098016649202525,0.0,0.0,0.0018708824179012242,0.0,0.11812164489363547,0.0,udp,private,SF
486,2115,35201,59147,0,0,0,0,0,0,1,0,0,6,0,0,0,0,0,0,37,0,0.08623682258474519,0.0016687139493820346,0.04269193976013395,0.047487257007168535,1.0,0.0,0.0,255,6,0.059640909855893404,0.7462353692669887,0.861653673597646,0.0,0.05155760182160187,0.0,0.0042755889474412915,0.0,udp,other,SF
487,290,528131,0,0,0,0,0,0,1,8,0,0,4,0,0,0,0,0,0,2,0,0.0,0.006298571339945296,0.0,0.15979910991599178,0.9049041144750877,0.0,0.0,166,58,0.3095048910591361,0.05076754370983774,0.12523951807832864,0.061736189108184986,0.0,0.04005921347603092,0.07342279776151786,0.0,tcp,smtp,SF
488,0,463152,16364,0,0,0,0,0,1,9,0,0,0,0,0,0,0,0,0,33,7,0.0,0.0,0.11258438125709251,0.0,0.926056533643372,0.046278528976892615,0.0,210,80,0.924018495354761,0.1783547495242113,0.19085261579505627,0.0,0.030814114897126918,0.05047435113242907,0.0,0.20471317618010731,tcp,smtp,SF
489,480,754,0,0,0,0,29,0,1,0,0,0,11,0,0,0,0,0,1,43,7,0.0,0.06194254284423147,0.0,0.0,0.9580911887569774,0.0,0.06461173017078882,67,65,0.23417355798836503,0.06011969790340551,0.0,0.05020907872122911,0.09110563476203319,0.0,0.0,0.037142908496731415,tcp,ftp,SF
490,729,266854,61335,0,0,0,1,0,0,3,0,0,0,1,0,0,0,0,0,25,0,0.043532614448283394,0.055348243434309476,0.9533320708703293,0.7919865063605476,0.9944964596038279,0.022273079019557447,0.0,164,150,1.0,0.07409709023645833,0.0,0.1731579598849161,0.00047663930909063536,0.03616822010714711,0.7943258912440982,0.8536517470746097,tcp,http,REJ
491,250,0,0,0,0,0,0,0,0,0,0,0,12,0,0,0,0,0,0,0,26,0.008560590486379346,0.0953598109966641,0.010126517221946846,0.0,1.0,0.0,0.0,0,0,0.9607081624384624,0.07848688678024934,0.0,0.0,0.0,0.04063664814611743,0.0,0.0,udp,private,SF
492,0,250698,0,0,0,0,0,0,0,0,0,0,2,0,0,0,0,0,0,5,1,0.0,0.0,1.0,0.9974298103370166,0.9455145730822738,0.017075867578455122,0.0,78,60,0.9626718572498564,0.028273968683266596,0.27812947171631774,0.25137373141183333,0.021734929298773777,0.009429359208871176,1.0,1.0,tcp,http,REJ
493,305,0,0,0,0,0,0,0,0,0,0,0,0,0,0,0,0,0,0,0,39,0.0,0.0,0.8661103151424825,0.8745307538165525,0.9270457819831105,0.1028994926350327,0.09254461587250537,39,190,1.0,0.0,0.2079326485367,0.17219971240744378,0.008292466179256976,0.03944082605775504,0.8971562403339971,0.9558634097007473,tcp,http,REJ
494,0,357269,13806,0,0,0,0,0,1,4,0,0,12,0,0,0,0,0,0,17,32,0.0,0.0,0.10615580595019501,0.03311116430115403,0.9517534493920106,0.05778384278995582,0.10528028580745089,217,124,1.0,0.0,0.0,0.0,0.01175742461794522,0.0,0.16119228545026765,0.0,tcp,http,SF
495,628,723778,0,0,0,0,0,0,1,0,0,0,7,0,0,0,0,0,0,24,0,0.0,0.0,0.0016423534167196963,0.004687723098391699,0.8741501685802257,0.0,0.0,255,255,0.9632068254314237,0.03200875464760971,0.08345817234017905,0.0,0.0,0.0,0.003102916252164418,0.07035345918130312,tcp,http,SF
496,0,0,0,0,0,0,0,0,0,0,0,0,0,0,0,0,0,0,0,5,39,0.0,0.03179289501695079,0.028571921398606325,0.10724665017746352,0.9787857076331482,0.0,0.08765353997764255,98,0,0.9269816696801914,0.0,0.0,0.0502840949548055,0.0,0.0,0.0,0.13469882986026363,udp,private,SF
497,0,0,0,0,0,0,1,0,1,0,0,0,0,0,0,0,0,0,0,10,0,0.0,0.038642656680736735,0.041166519645628376,0.06797684177211463,0.9956997567640711,0.032504433764810006,0.12357386793986076,213,169,0.876279417571534,0.06290490589437787,0.0,0.0,0.0,0.020736115606601838,0.0,0.11688747622954104,tcp,smtp,SF
498,0,0,8710,0,0,0,1,0,1,14,0,0,0,0,0,0,0,0,0,0,47,0.0,0.030055187474162363,0.19106914153723853,0.0,1.0,0.08577500745786,0.0,133,114,0.6235517656222382,0.10098600168306307,0.0,0.00339717162510751,0.03824967911982902,0.0,0.06288883504339735,0.0,tcp,smtp,SF
499,0,404280,0,0,0,0,2,0,1,0,0,0,18,0,0,0,0,0,0,0,0,0.04614080614106054,0.0,0.061051560934789695,0.06438380871434295,1.0,0.0,0.0,211,93,0.4090015217439554,0.0999441246872327,0.0,0.0,0.0,0.0,0.019043420728273537,0.004135445000281856,tcp,smtp,SF
500,916,181023,0,0,0,0,1,0,0,3,0,0,0,0,0,0,0,0,0,48,46,0.05207518648361022,0.0,0.8660681998928891,0.8433486774574732,1.0,0.0,0.0,0,255,0.9038131590400843,0.00519043158332199,0.19419575628348285,0.1663568804668958,0.0,0.0,0.9215464228112695,0.9702890462244907,tcp,http,REJ
501,3240,81615,37948,0,0,0,2,0,0,0,0,0,0,1,0,0,0,0,0,0,0,0.0,0.08704753537836425,0.0,0.10781319582800693,1.0,0.17430513523507377,0.07278317448706817,255,37,0.0,0.6841694651629656,1.0,0.0,0.0,3.525344611781441e-05,0.05121800385977697,0.10149354514266036,udp,other,SF
502,0,330184,0,0,0,0,3,0,0,0,0,0,2,0,0,0,0,0,0,251,345,0.0,0.0,0.06082058005572118,0.002249006223802521,1.0,0.0,0.0,255,153,0.8681001328284502,0.0,0.0,0.0,0.0,0.0,0.0,0.0,udp,domain_u,SF
503,0,158562,27780,0,0,0,1,0,0,0,0,0,0,0,0,0,0,0,0,38,0,0.0,0.0630244043602698,1.0,0.8783085619859891,1.0,0.18551597668545333,0.0,28,146,1.0,0.1092899200558033,0.1434869409002395,0.19086005993163235,0.001194370368015545,0.019412369958698696,0.9142184579992022,0.8151341635132623,tcp,http,REJ
504,648,398708,0,0,0,0,0,0,0,4,0,0,0,1,0,0,0,0,0,28,33,0.0,0.01800050860997948,0.0,0.0,1.0,0.0,0.007102547042258797,255,0,0.1723514587471825,0.7513554987186654,1.0,0.0014891245321735002,0.0,0.03471054869028393,0.040626200258447334,0.04637357055085815,udp,other,SF
505,0,301169,56166,0,0,0,2,0,1,5,0,0,7,0,0,0,0,0,0,11,0,0.012487462514430963,0.0,0.22780893309513323,0.10515694046589005,0.9837477653436415,0.0,0.14996739884595756,154,199,1.0,0.07861204207565518,0.09189672498988853,0.009559393029839993,0.0,0.028284813596434213,0.0,0.0508730715931125,tcp,http,SF
506,1626,498270,26895,0,0,0,0,0,1,1,0,0,3,0,0,0,0,0,0,28,29,0.022512767112564287,0.0,0.017859955896556992,0.0,1.0,0.0,0.06895989144895816,73,255,0.9117813487347137,0.0,0.2641987059780403,0.015041275105122917,0.007449670879996167,0.08455115032485176,0.2555779017133018,0.5710440830813894,tcp,http,SF
507,292,117434,0,0,0,0,0,0,0,7,0,0,0,1,0,0,0,0,0,0,27,0.021378464098919265,0.0,0.8927742170273293,0.8616149835950003,1.0,0.0,0.20598698615607347,0,255,0.9111569260201337,0.022658180828005407,0.16162163622122575,0.1363451210166133,0.0,0.011932274970163758,0.8515530216695144,1.0,tcp,http,REJ
508,0,296588,0,0,0,0,0,0,1,8,0,0,0,0,0,0,0,0,0,7,0,0.07554607092995763,0.018581380428254357,0.0,0.08906592749347647,0.9948421452813904,0.0,0.12412651482706558,177,110,0.940925814637299,0.0,0.23977748293432427,0.0053804347750624195,0.0,0.04923677386700102,0.0,0.0,tcp,http,SF
509,316,0,21254,0,0,0,0,0,0,5,0,0,0,0,0,0,0,0,0,37,0,0.0029347892917785355,0.0,0.11345063147222084,0.002476848814590901,0.9019397803161661,0.0,0.005692746521749286,32,0,1.0,0.09973282249497038,0.0,0.040568777819849126,0.08312670851162815,0.0053385104344942525,0.0,0.1362572632332015,udp,private,SF
510,0,0,0,0,0,0,0,0,0,0,0,0,0,0,0,0,0,0,0,0,77,0.0,0.06915925256129872,0.9546610866484803,0.912371634039515,1.0,0.010639853792725947,0.0,51,250,1.0,0.020733605873000743,0.594902619948535,0.08814275068242251,0.0,0.0,1.0,0.7113040059135836,tcp,http,REJ
511,0,558627,0,0,0,0,0,0,0,3,0,0,0,0,0,0,0,0,0,0,3,0.0,0.0,0.9241392606494908,0.9935232803274852,1.0,0.0,0.0,33,87,1.0,0.03343949279882903,0.2223750832483619,0.20474393329239177,0.03263192021795595,0.003459925718620777,0.9104122605782083,1.0,tcp,http,REJ
512,67,70810,44480,0,0,0,0,0,0,3,0,0,0,0,0,0,0,0,0,270,179,0.07952893418483871,0.031164456128217922,0.0,0.0,1.0,0.0,0.0,255,255,1.0,0.0,0.0,0.03350240452012173,0.0,0.004832288295832296,0.16116486809053476,0.0,udp,domain_u,SF
513,0,264524,0,0,0,0,0,0,1,0,0,0,0,0,0,0,0,0,0,4,10,0.024778526248612046,0.027572356024696956,0.14063673271220214,0.0,0.8617044823456466,0.1062095014833995,0.16066507130534552,249,171,0.3272968764929103,0.0,0.0,0.0,0.009217473465892797,0.0,0.0,0.012976760571989026,tcp,smtp,SF
514,531,44244,7208,0,0,0,0,0,1,0,0,0,0,0,0,0,0,0,0,32,35,0.010037330738156611,0.07216205480864843,0.047368817032357104,0.0,1.0,0.07137138931485483,0.0,59,255,1.0,0.0,0.0,0.0,0.0,0.0,0.05935323627906576,0.073193249067992,tcp,http,SF
515,231,0,34957,0,0,0,0,0,1,0,0,0,8,0,0,0,0,0,0,0,0,0.021830106536084415,0.0,0.0,0.0,1.0,0.0,0.0,255,254,0.8266503423396286,0.019838258381857307,0.0,0.04831658725387511,0.0,0.0,0.07158238372563204,0.0,tcp,http,SF
516,449,3828,29885,0,0,0,0,0,1,0,0,0,6,0,0,0,0,0,0,0,0,0.007791978878030301,0.004719841359600828,0.0,0.0,0.9771568353452178,0.031572945362597575,0.16671264222826204,255,255,1.0,0.0,0.07145240652869612,0.015346450913195399,0.0,0.032912520833781565,0.0,0.0,tcp,http,SF
517,0,470219,0,0,0,0,0,0,1,2,0,0,0,0,0,0,0,0,0,32,6,0.021060843739818418,0.0,0.14336134047331156,0.00845470618864886,1.0,0.0,0.012732051830370218,225,207,0.8793739441444717,0.016316592430266,0.0,0.08630597593108336,0.020351821474092962,0.024226781819162102,0.19557654099934846,0.5886069097531353,tcp,http,SF
518,603,181775,0,0,0,0,0,0,0,0,0,0,0,0,0,0,0,0,0,169,234,0.0,0.0045892988509208055,0.0,0.11481881214036328,0.8409334779235753,0.029803214562867414,0.13071059014010505,5,137,0.5278507975098631,0.0,0.010397287028675699,0.0002757957902295294,0.031243119342734153,0.05166252535741553,0.07124218213488329,0.3613442100570631,udp,domain_u,SF
519,1094,0,0,0,0,0,0,0,0,7,0,0,0,1,0,0,0,0,0,0,4,0.051301707705818024,0.05072170744339019,1.0,1.0,1.0,0.0,0.0,0,208,1.0,0.0,0.42305335098568114,0.07015093416165709,0.006588355810412506,0.0,0.8611012400264829,0.8594400475346853,tcp,http,REJ
520,0,0,0,0,0,0,31,0,1,1,0,0,16,1,0,0,0,0,1,0,45,0.0,0.009764794774843648,0.08188846634311292,0.0,0.9601834196234699,0.0,0.0,89,0,0.1874796931981621,0.14991675491770887,0.0,0.00024493061325726515,0.0,0.0,0.0,0.013753726586650833,tcp,ftp,SF
521,0,583452,11243,0,0,0,1,0,0,9,0,0,0,1,0,0,0,0,0,30,36,0.0,0.1028959280767184,0.0,0.0,1.0,0.0024097872598203324,0.060204527184130205,39,94,0.8047034928131768,0.0714196136622188,0.07156795598822493,0.0,0.04238906020634502,0.0,0.059264188993698536,0.041796069761738476,udp,private,SF
522,897,0,0,0,0,0,1,0,1,2,0,0,0,0,0,0,0,0,0,29,12,0.0,0.02312307623588688,0.1285961120366472,0.08642958604213524,1.0,0.0,0.07139944886930369,0,222,0.5749870173575786,0.02545245889295754,0.0,0.018099631255478272,0.0,0.03066934432387061,0.0,0.0,tcp,http,SF
523,0,0,2944,0,0,0,1,0,1,0,0,0,1,0,0,0,0,0,0,9,0,0.0,0.0,0.0,0.07135632729441596,0.9363387225463661,0.0,0.0,85,77,0.5680194390714187,0.05596824283685377,0.11456609529315222,0.0325804151795592,0.0,0.0,0.0,0.08850700168731276,tcp,smtp,SF
524,943,619838,36565,0,0,0,1,0,1,3,0,0,0,0,0,0,0,0,0,12,0,0.06162363161522023,0.020278010293981703,0.0,0.0,1.0,0.12337384552192708,0.17741007827483513,255,207,1.0,0.0,0.1757484661930277,0.0,0.0,0.0,0.0,0.06836928246889779,tcp,http,SF
525,0,223348,0,0,0,0,1,0,0,4,0,0,0,0,0,0,0,0,0,0,44,0.0,0.0,1.0,0.7706952663390596,0.818950705336385,0.06983444005969798,0.19769865368337916,23,255,0.8990675255234681,0.10516840767970627,0.0,0.12168973202592254,0.0,0.009097379697288882,0.7723299084270586,0.8085483654029193,tcp,http,REJ
526,981,0,0,0,0,0,1,0,0,0,0,0,8,0,0,0,0,0,0,0,4,0.0,0.0,0.14716088455856607,0.008337709097041773,1.0,0.0,0.07627916560543904,161,115,0.9301171093660507,0.07301080306615931,0.10766973505235758,0.009047154499630556,0.0,0.0,0.21296134162608674,0.23109291668430043,udp,private,SF
527,95,0,8035,0,0,0,0,0,1,0,0,0,3,1,0,0,0,0,0,0,20,0.013847815194097106,0.0,0.05011865972412173,0.0,0.9069885876631794,0.0,0.0,216,226,0.6073964792989908,0.0314208996959486,0.0,0.042861994425373785,0.013510936997946707,0.022565690027533534,0.09943309405988121,0.0002919779775431881,tcp,smtp,SF
528,180,366472,0,0,0,0,1,0,1,1,0,0,6,0,0,0,0,0,0,0,27,0.0,0.0007168101034858371,0.07408659222500918,0.05324337791497036,0.9659524539892548,0.0,0.0,174,159,0.7852835401556073,0.06427659752042547,0.0,0.0,0.0,0.029336660209490373,0.0,0.0,tcp,smtp,SF
529,1051,0,50666,0,0,0,0,0,1,0,0,0,4,0,0,0,0,0,0,0,23,0.07527388431805895,0.0,0.09946454888846244,0.10977160659952138,0.9822798326930284,0.14723894468853305,0.16194385941102327,167,255,0.8815720806136544,0.06062931226934686,0.14197758395938387,0.05913436032282797,0.0,0.008039042079152556,0.25947377225249973,0.6401425577300693,tcp,http,SF
530,0,375870,31794,0,0,0,0,0,0,7,0,0,6,0,0,0,0,0,0,206,190,0.052244957009856395,0.053618069410699395,0.14545052044910398,0.0,1.0,0.0,0.0,94,53,0.5810788934053386,0.0,0.2655926984714279,0.0,0.0,0.0,0.05827157428821444,0.0,udp,domain_u,SF
531,2007,177606,10219,0,0,0,0,0,0,0,0,0,12,0,0,0,0,0,0,29,17,0.0,0.0,0.1583987753105918,0.0,1.0,0.05603856295580531,0.0,255,54,0.0,0.683632698071395,0.9581909590569355,0.0,0.019694859398588782,0.0,0.0,0.0,udp,other,SF
532,0,80085,62544,0,0,0,1,0,0,11,0,0,10,0,0,0,0,0,0,0,96,0.0,0.0,0.8609539602960751,0.9631714154711003,0.8689782032600508,0.0,0.0898063414387154,0,212,0.9851638268162666,0.1440612231568496,0.27342437160853283,0.1171327594724974,0.013935665983949278,0.04066828094798194,0.7954475961329193,0.9538046525572362,tcp,http,REJ
533,304,47627,0,0,0,0,2,0,0,0,0,0,17,0,0,0,0,0,0,1,0,0.0,0.06937759190160322,0.9250086202518015,1.0,1.0,0.0,0.0,0,194,0.9320746567023913,0.10668775330795593,0.0,0.2526698878673225,0.0,0.0015490159311624865,0.9708925189285128,0.9781299458098945,tcp,http,REJ
534,0,0,0,0,0,0,0,0,0,1,0,0,9,1,0,0,0,0,0,218,213,0.0,0.0,0.0,0.07185457561874099,1.0,0.0,0.0,106,34,0.7747043756406917,0.013142179565687657,0.0,0.0,0.022673910207224708,0.0,0.0,0.0,udp,domain_u,SF
535,428,342239,12770,0,0,0,2,0,0,10,0,0,0,0,0,0,0,0,0,2,84,0.0,0.0017114202074885393,0.8629370064936052,0.6861003808811381,0.95781733996152,0.017734548813407556,0.1267669173750936,70,215,0.8993359823475607,0.04692078500395233,0.2523442369882409,0.17539751241245388,0.0,0.0,0.9570501517577237,0.9050048819465618,tcp,http,REJ
536,0,0,0,0,0,0,0,0,0,0,0,0,6,0,0,0,0,0,0,0,0,0.03978096451093248,0.009681852253642525,0.0,0.0,0.9532474073149124,0.006600545038492177,0.0,82,44,0.9217242816230315,0.008949528267690066,0.0,0.0,0.03653575492298275,0.0,0.0,0.0,udp,private,SF
537,775,0,10628,0,0,0,0,0,0,0,0,0,5,0,0,0,0,0,0,15,32,0.0,0.0,0.0,0.041972071137623336,1.0,0.0,0.11904661715182223,71,40,0.7312077548157285,0.07279426402738066,0.19671606397971278,0.020297488390861117,0.0,0.031841495163490253,0.0,0.0,udp,private,SF
538,0,201212,0,0,0,0,0,0,0,0,0,0,14,0,0,0,0,0,0,2,36,0.0,0.022250225237585568,0.04442457661405316,0.10414590376893565,1.0,0.0,0.07867135334295575,64,13,0.8443770414161011,0.020460777897839715,0.03565560349170211,0.03910542790308709,0.02719736831760745,0.0,0.011392288188787299,0.06225053605561298,udp,private,SF
539,0,207691,24399,0,0,0,0,0,1,0,0,0,0,0,0,0,0,0,0,19,0,0.0,0.004924859562849477,0.0,0.0,1.0,0.0,0.0,180,144,0.7904107528247366,0.0,0.0,0.0,0.039843389231072265,0.0,0.1848671169774168,0.033586449587845464,tcp,smtp,SF
540,0,407777,37206,0,0,0,0,0,1,2,0,0,4,0,0,0,0,0,0,4,23,0.0,0.02223100856019356,0.008684416307041613,0.0,0.9735901121333495,0.0,0.0,126,50,0.05641060030211309,0.0,0.0,0.06801722461886614,0.0031747118783695895,0.061292450345992976,0.0,0.0,tcp,smtp,SF
541,0,133450,9493,0,0,0,1,0,0,0,0,0,0,0,0,0,0,0,0,0,0,0.026827727515858255,0.0,1.0,0.8391315652924995,0.9409122189737614,0.0,0.0,69,255,0.992294351110547,0.10842845637908959,0.22392152298868406,0.11197095071210561,0.0966318362647473,0.01276236160085679,1.0,0.6645832333200824,tcp,http,REJ
542,166,0,0,0,0,0,1,0,0,0,0,0,4,0,0,0,0,0,0,236,266,0.0,0.0,0.011720671140371076,0.0,1.0,0.0,0.2850751206524696,255,255,1.0,0.0,0.16056810042197428,0.04514672976923695,0.02263867675282805,0.0,0.0,0.0,udp,domain_u,SF
543,0,257744,0,0,0,0,1,0,0,3,0,0,0,0,0,0,0,0,0,34,18,0.062355799416317456,0.0,0.9365736296782108,0.7939500741339275,0.9429712654317421,0.029195043541092786,0.0,0,235,0.9170904108201512,0.07358906375975187,0.0688136469841322,0.13745969053241283,0.08119921665433075,0.02957274352398086,0.8284429464406685,0.8754390121284146,tcp,http,REJ
544,0,0,22503,0,0,0,0,0,1,0,0,0,3,0,0,0,0,0,0,22,59,0.0,0.0,0.07308652874624848,0.04954145766718473,0.8589184944476058,0.11042240299077888,0.20675304655054003,2,255,1.0,0.0,0.03115599953847131,0.0,0.1161627407731574,0.010686719588644126,0.0914830868024631,0.0,tcp,http,SF
545,0,0,886,0,0,0,0,0,0,0,0,0,0,0,0,0,0,0,0,0,0,0.009418299565232224,0.0,0.22605966390353954,0.0,0.892991949050814,0.0,0.0,95,118,1.0,0.0,0.0,0.0,0.0,0.010122510415500108,0.18747140804285087,0.08434772275211395,udp,private,SF
546,141,0,0,0,0,0,0,0,0,7,0,0,6,1,0,0,0,0,0,18,0,0.0,0.05167694224862365,0.0,0.13382521785174226,0.9575809895667612,0.002652491529169529,0.0,128,130,0.7954998151144923,0.0750978385468196,0.11969685080361736,0.005981917535020883,0.05304806767232563,0.0,0.0,0.0,udp,private,SF
547,0,661599,43661,0,0,0,3,0,1,5,0,0,1,0,0,0,0,0,0,39,0,0.0,0.06931886565088476,0.028409851372143535,0.0,1.0,0.0,0.0,155,252,0.8948508982709025,0.0,0.11248528629271254,0.0,0.02378392973888497,0.02022453193629764,0.12069528996284494,0.009044990286234735,tcp,http,SF
548,475,0,7582,0,0,0,0,0,1,0,0,0,1,1,0,0,0,0,0,1,9,0.02140638031486017,0.05084159384152268,0.021890865483141002,0.13118893635040407,0.9125053677389897,0.02459096811124726,0.12818752112608683,37,178,1.0,0.04283887894242459,0.015043601385008189,0.04204832597967686,0.011211819048495447,0.02730988991691941,0.08273978095147504,0.0,tcp,http,SF
549,445,163797,0,0,0,0,0,0,1,0,0,0,14,0,0,0,0,0,0,0,0,0.0,0.04259608368348023,0.01710555792067882,0.07081447400767031,1.0,0.0,0.007476747237033582,92,221,1.0,0.0,0.13268895886517995,0.0,0.0,0.0,0.21571963151713353,0.5183541310875771,tcp,http,SF
550,259,0,35450,0,0,0,0,0,1,0,0,0,0,0,0,0,0,0,0,0,0,0.0,0.002667362988955316,0.0,0.0863824625374855,1.0,0.0,0.17694322486473574,165,226,0.9899503797110106,0.0,0.045027025127624076,0.13183509971959223,0.0,0.0,0.28823300529048074,0.7272444306371395,tcp,http,SF
551,3013,0,0,0,0,0,0,0,0,4,0,0,2,0,0,0,0,0,0,0,5,0.0,0.045179412065677854,0.0,0.20476135388345923,1.0,0.03495194461582918,0.0,255,0,0.10849077041445156,0.6306632477264672,0.9881103935207063,0.016009235345772505,0.0,0.027593816429614698,0.0,0.0,udp,other,SF
552,203,0,0,0,0,0,0,0,0,2,0,0,1,0,0,0,0,0,0,57,14,0.06333422296142674,0.01582229601014992,0.0006576786227409373,0.0,0.8123197687722745,0.03802216244558039,0.0,25,0,0.9947389094802186,0.17705595313226108,0.19616648221600513,0.0,0.10241072043421331,0.018253175324496964,0.0,0.0,udp,private,SF
553,1371,0,12638,0,0,0,0,0,0,5,0,0,1,1,0,0,0,0,0,0,39,0.0002989407771041371,0.08664827968214368,0.0,0.013727479200020725,0.9128221619699618,0.0,0.0,69,78,0.8314568552202535,0.04778864063552435,0.015329755650312027,0.0042485816510190256,0.022450073598988284,0.024458187208886442,0.016030184081661195,0.0,udp,private,SF
554,0,127332,62084,0,0,0,0,0,0,0,0,0,16,0,0,0,0,0,0,0,9,0.053799358180319126,0.0,0.9660093190755491,0.899589604957069,0.9533551061875027,0.058900616060595004,0.2736934372807994,63,169,1.0,0.0,0.04064880633555765,0.15838934865116214,0.0,0.0013413353520873128,1.0,1.0,tcp,http,REJ
555,0,0,60748,0,0,0,30,0,1,0,0,0,0,0,0,0,0,0,1,0,0,0.030152608431010627,0.029925876220131466,0.0,0.0,1.0,0.0,0.0,71,67,0.38418558257365476,0.11626320130458967,0.003240407620978052,0.016193471999152134,0.0,0.02796127042459565,0.03658782426887946,0.0,tcp,ftp,SF
556,0,0,12868,0,0,0,1,0,1,6,0,0,0,0,0,0,0,0,0,0,0,0.05379269898225396,0.0,0.0,0.07298313426529868,0.9580943099461251,0.09307013619657323,0.0,119,255,0.6355789321195469,0.045754507687307364,0.014491862637348599,0.012327039386658802,0.0,0.0,0.006818774418364945,0.0,tcp,smtp,SF
557,0,275025,17798,0,0,0,0,0,1,0,0,0,14,0,0,0,0,0,0,0,13,0.0,0.03018127926975146,0.11516441514015545,0.11425794668664058,0.9430919086257672,0.10735198342034678,0.0,255,219,1.0,0.07310740006630083,0.0,0.03168797027692031,0.05486324674081687,0.0,0.0,0.0,tcp,http,SF
558,0,481896,29047,0,0,0,0,0,1,1,0,0,0,0,0,0,0,0,0,40,0,0.0,0.0,0.0,0.0,1.0,0.1179650589460616,0.07743375524750726,231,173,0.4438892918910885,0.017696369181843325,0.16150322088160568,0.0,0.0020859997818291165,0.0,0.2388369772601276,0.0,tcp,smtp,SF
559,0,487825,0,0,0,0,0,0,0,0,0,0,0,0,0,0,0,0,0,0,0,0.037080717799927436,0.0,0.08846376920394688,0.0,0.8962219219877827,0.0,0.0,96,48,0.9688515781703355,0.0,0.07372514204521155,0.0,0.02345405538640561,0.03361824921320035,0.021183231333927757,0.0,udp,private,SF
560,0,117531,22576,0,0,0,0,0,0,0,0,0,0,1,0,0,0,0,0,157,206,0.0063300222506389005,0.0,0.0,0.007429721844229771,0.9881872117984817,0.03954653184047295,0.24610600750077474,53,93,0.7436685936742438,0.0,0.0,0.059911660238720806,0.00011202619840989339,0.0,0.12691895607349626,0.16574634736122532,udp,domain_u,SF
561,226,265668,0,0,0,0,0,0,1,7,0,0,0,0,0,0,0,0,0,16,17,0.0,0.011217926211403918,0.0,0.0,0.9412052234806844,0.0,0.010896931092970552,162,17,0.44977683775544663,0.0,0.009298516336198076,0.01820512716983553,0.04365819041854955,0.006733669187967035,0.04277195200898933,0.0,tcp,smtp,SF
562,44,435793,11429,0,0,0,1,0,1,0,0,0,0,0,0,0,0,0,0,0,9,0.036109353012847484,0.01577363062712199,0.04734877406901652,0.0,1.0,0.09558728729267188,0.05569761551062967,255,115,0.6103978528275876,0.025230489400924896,0.0102661443625459,0.008094374492488116,0.0,0.01258488196492744,0.177138040329591,0.05211862891636794,tcp,smtp,SF
563,0,550646,0,0,0,0,0,0,0,5,0,0,0,0,0,0,0,0,0,0,0,0.014980739966479363,0.10902738418843257,0.9721174599597623,1.0,0.9324388007251412,0.10604025774427897,0.06254837864895595,0,255,1.0,0.0,0.26697959900768853,0.1166266105045366,0.01360888606351206,0.0,0.9242308477096697,0.9912572643580757,tcp,http,REJ
564,605,371064,17603,0,0,0,1,0,0,0,0,0,0,0,0,0,0,0,0,283,244,0.031064007564049624,0.0,0.0,0.04921960511578076,1.0,0.07183465883627327,0.0,255,249,1.0,0.0,0.006688932476477825,0.07232561880937553,0.012623425414407807,0.023886621147720378,0.0,0.0,udp,domain_u,SF
565,497,0,4455,0,0,0,2,0,1,0,0,0,9,0,0,0,0,0,0,8,0,0.0,0.03437204866912749,0.0,0.08454819186978042,0.9160537871589844,0.0,0.016432450212730345,201,180,1.0,0.018832874800660464,0.0,0.009566328393560116,0.0,0.048155934499431584,0.0,0.08643505125901246,tcp,http,SF
566,0,66195,0,0,0,0,1,0,1,0,0,0,5,0,0,0,0,0,0,8,35,0.04752990530319839,0.007157474882215279,0.0,0.0,1.0,0.03997316143491344,0.011444127098826955,78,172,0.9737718745118532,0.0028316267589800557,0.0,0.0,0.0,0.028454649936635358,0.0,0.05576320133245284,tcp,http,SF
567,0,143854,6236,0,0,0,0,0,0,12,0,0,4,0,0,0,0,0,0,0,0,0.0,0.030650641614121208,1.0,1.0,1.0,0.0,0.07013094577216394,0,195,1.0,0.07793220466991622,0.1096253259187076,0.18656304996275472,0.0,0.0,1.0,1.0,tcp,http,REJ
568,368,0,25202,0,0,0,0,0,1,0,0,0,0,0,0,0,0,0,0,0,0,0.05274438240673838,0.006391915102125511,0.0,0.0014542756720394864,1.0,0.0010113547426268792,0.0,26,255,1.0,0.07507657592528381,0.0852691988543846,0.004011864579247196,0.014786041961039555,0.003189050998641281,0.0,0.05285198764485875,tcp,http,SF
569,126,153727,15691,0,0,0,0,0,0,4,0,0,6,0,0,0,0,0,0,0,36,0.047074686669323774,0.048924455768690055,0.09031689601999804,0.0,1.0,0.0,0.0,50,93,1.0,0.03395520954687675,0.033937627280927425,0.022929668178280217,0.06395427906571949,0.004508226882096033,0.0,0.0,udp,private,SF
570,0,745444,576,0,0,0,29,0,1,7,0,0,10,1,0,0,0,0,1,0,0,0.03336653980775049,0.0,0.06257581558628686,0.0,1.0,0.0,0.1108830603114949,98,30,0.31364625246813704,0.09220317452695972,0.0,0.03453792816334024,0.005331154835366574,0.036080521707958196,0.0,0.042354651630045814,tcp,ftp,SF
571,0,213398,57572,0,0,0,1,0,1,0,0,0,3,0,0,0,0,0,0,8,2,0.0,0.0,0.16287548445491729,0.0,1.0,0.0,0.0,142,255,0.6877649329274313,0.009282455494619563,0.0,0.07796018332787577,0.005959625294618859,0.0,0.0,0.0,tcp,smtp,SF
572,2815,482395,10959,0,0,0,2,0,0,0,0,0,3,0,0,0,0,0,0,0,16,0.03449794402209445,0.01857121430142616,0.22193027671879267,0.0,0.9872698484854805,0.1667872048022843,0.0,246,36,0.0,0.724861017250399,0.8816192980671287,0.007506090815754615,0.014278246738421119,0.0,0.08599293627026648,0.0,udp,other,SF
573,0,59868,15257,0,0,0,0,0,0,1,0,0,0,0,0,0,0,0,0,0,1,0.05400434038143674,0.0,1.0,1.0,0.9503440151719299,0.0,0.0,0,112,1.0,0.026470407067920396,0.20375184060375898,0.22163792756183873,0.0,0.024269621114855686,0.8587259395870862,1.0,tcp,http,REJ
574,161,0,40561,0,0,0,29,0,1,0,0,0,8,0,0,0,0,0,1,0,0,0.029498230397153546,0.05836222189414836,0.0,0.0,0.9877969893819268,0.011768182384989244,0.20664412906619078,89,52,0.11722745563621192,0.12149204617938777,0.04197550363793802,0.0,0.0,0.0,0.0,0.0,tcp,ftp,SF
575,0,124791,12639,0,0,0,0,0,0,0,0,0,13,0,0,0,0,0,0,0,13,0.009849908458834733,0.0,1.0,0.833249028725866,0.9868880505249656,0.0,0.0,0,255,0.938324944562878,0.0,0.5547939948240116,0.044686566244926895,0.06982657133153991,0.0,0.9267336495980557,0.8312960212767205,tcp,http,REJ
576,897,0,0,0,0,0,1,0,1,9,0,0,2,0,0,0,0,0,0,18,47,0.0346087749906476,0.0,0.0,0.0,0.9854393139628154,0.0,0.0,147,255,0.8369139741619784,0.0,0.001504809941213452,0.05604880569480636,0.0,0.0,0.3627358217919292,0.5935382059272374,tcp,http,SF
577,3477,0,0,0,0,0,0,0,0,3,0,0,0,0,0,0,0,0,0,0,25,0.0,0.12015228073925022,0.0,0.028356305797420153,1.0,0.0026519558373875062,0.0,241,13,0.0,0.6612272302503917,0.9202529982933041,0.0,0.012065678045703148,0.0,0.0,0.0,udp,other,SF
578,0,414463,0,0,0,0,0,0,0,0,0,0,0,0,0,0,0,0,0,0,0,0.07360737337299228,0.0,1.0,1.0,0.8962369082872077,0.0,0.0,11,235,1.0,0.0924613810397883,0.4432844149710862,0.04256004263906193,0.0,0.004941026950597958,1.0,0.742541875694851,tcp,http,REJ
579,251,461386,27982,0,0,0,1,0,1,1,0,0,0,1,0,0,0,0,0,35,66,0.0,0.0,0.06118206054080805,0.0,0.92434324033945,0.0,0.0,105,165,0.6142330890790495,0.03823485912256749,0.07273597431878455,0.036363746188054956,0.05807757331420734,0.0,0.0,0.021627219552688287,tcp,smtp,SF
580,0,0,0,0,0,0,0,0,0,4,0,0,0,0,0,0,0,0,0,0,0,0.0016725966940057191,0.033279126592867685,0.8092181496267098,0.993831584939155,1.0,0.05774584285996467,0.05796999699476261,35,232,0.8804641347363077,0.0,0.4668831453667779,0.04123631941976684,0.0,0.015480152050250679,1.0,0.7319941624351747,tcp,http,REJ
581,0,317913,28255,0,0,0,0,0,1,5,0,0,5,0,0,0,0,0,0,40,0,0.0,0.036281853624497665,0.0,0.0,0.8343101865794751,0.11846000341454589,0.006657664447346338,240,33,0.4457850983885987,0.061531467119515584,0.06405537164832951,0.01594591219910232,0.0,0.0,0.13795794129602,0.04725049339111956,tcp,smtp,SF
582,0,0,6864,0,0,0,0,0,1,0,0,0,2,0,0,0,0,0,0,0,28,0.0,0.05068233722240564,0.056068980666977915,0.06424770723475576,1.0,0.0,0.0,255,255,0.960353358081087,0.0,0.018204043897569237,0.0,0.04525636079224829,0.0010310337093693148,0.0,0.015053579851286115,tcp,http,SF
583,0,111266,45032,0,0,0,0,0,0,10,0,0,7,0,0,0,0,0,0,268,282,0.014838065387253515,0.0,0.0,0.0,0.9588487693275775,0.0,0.0,160,225,0.988490338279394,0.07990306778279799,0.03763031404485261,0.0,0.0,0.0,0.0,0.0,udp,domain_u,SF
584,487,162847,0,0,0,0,0,0,1,9,0,0,3,0,0,0,0,0,0,0,3,0.0,0.023852610115830356,0.0,0.0,1.0,0.11016673711198598,0.20616683814136702,126,162,0.3671592432346733,0.05472341336340855,0.054125354993943726,0.0,0.03997684957351592,0.0,0.04111498721256885,0.0,tcp,smtp,SF
585,1342,325693,16638,0,0,0,1,0,1,5,0,0,0,0,0,0,0,0,0,10,0,0.10462296574423546,0.0,0.1999969075975073,0.10518783897869395,1.0,0.0,0.0,235,220,0.824164337461616,0.07994873188643122,0.0,0.007812731966973597,0.0,0.0,0.019320722780882156,0.1522542614640099,tcp,http,SF
586,0,27120,17766,0,0,0,1,0,0,0,0,0,0,0,0,0,0,0,0,256,308,0.0,0.0,0.21848417337805337,0.08026077036861295,0.9758947729454365,0.028476553200202995,0.0,255,217,0.7477364578197996,0.07695624277223677,0.0,0.045964436439464934,0.0,0.02998005492612377,0.0,0.05556632356490659,udp,domain_u,SF
587,0,461852,55161,0,0,0,0,0,1,0,0,0,0,0,0,0,0,0,0,22,18,0.0,0.002140650042215522,0.014926613131768535,0.0,0.9835286024485899,0.31779818685606787,0.0,46,207,0.8550477853056231,0.060414887505715366,0.1657188099595548,0.015492952239852288,0.0,0.0,0.06800592779314346,0.01662754365950133,tcp,http,SF
588,159,351864,0,0,0,0,0,0,1,0,0,0,0,0,0,0,0,0,0,43,0,0.0,0.0,0.0,0.0,1.0,0.046438153609592234,0.0,119,116,0.5035473066557868,0.10311879734018206,0.2425411685397731,0.031594107872690576,0.11099411550186823,0.0,0.004659564392136385,0.04080455507970577,tcp,smtp,SF
589,1086,204401,0,0,0,0,0,0,0,0,0,0,13,0,0,0,0,0,0,31,39,0.009650611506011465,0.041063298856453226,0.09178508232709226,0.0,1.0,0.005054995074692535,0.06510700044303198,0,86,0.6733028516555688,0.10253194635503031,0.19688325778671945,0.016224454780020565,0.006700658609102171,0.0,0.01251982327330376,0.0038653082600040374,udp,private,SF
590,0,0,33730,0,0,0,30,0,1,0,0,0,14,0,0,0,0,0,1,30,8,0.04932525909876277,0.0,0.0,0.0,1.0,0.06475875013616908,0.12566939558914833,23,25,0.42317090023818077,0.015280686142849512,0.0,0.0,0.007681803828690178,0.03013490440228906,0.0,0.05306939435846039,tcp,ftp,SF
591,171,706637,54033,0,0,0,2,0,0,3,0,0,6,0,0,0,0,0,0,0,36,0.025573483442982766,0.0,0.0,0.11117279632291575,1.0,0.05704951909898328,0.11555695766709405,51,6,1.0,0.0,0.0,0.0,0.05286709193610135,0.0,0.0,0.0,udp,private,SF
592,1223,154069,10900,0,0,0,1,0,1,9,0,0,1,0,0,0,0,0,0,0,26,0.0715826579248057,0.0,0.0,0.0,0.9199298484412518,0.0,0.3281907405903205,151,37,1.0,0.0,0.024606303047158815,0.016063119649048795,0.0,0.0,0.05325710122283496,0.21247354922086714,tcp,http,SF
593,0,233470,0,0,0,0,1,0,0,4,0,0,0,0,0,0,0,0,0,7,74,0.0,0.0,0.0,0.08661732263338856,1.0,0.0,0.0,78,103,0.8988968498456686,0.07709451963350669,0.0,0.0,0.0,0.0,0.05741307288356912,0.01805757852087059,udp,private,SF
594,0,0,27159,0,0,0,0,0,1,0,0,0,2,0,0,0,0,0,0,28,0,0.0320258198917394,0.050751529201229176,0.08969232043748736,0.004215062825519134,0.9432800581633566,0.043621005259025944,0.03117965548940118,226,223,1.0,0.0,0.0,0.029949575156575488,0.07986558164672873,0.014155452842582385,0.24885205462830345,0.8816443840825328,tcp,http,SF
595,0,0,30609,0,0,0,0,0,1,0,0,0,0,0,0,0,0,0,0,0,1,0.0,0.0,0.001627290954375907,0.1410484356758426,0.9180370924432727,0.054633895219134865,0.0,220,69,0.45929883191525156,0.01900748432171332,0.0,0.0,0.02785208550151846,0.044454836990037785,0.0,0.23305903595486668,tcp,smtp,SF
596,0,405205,0,0,0,0,0,0,0,2,0,0,12,0,0,0,0,0,0,180,220,0.011088542178818692,0.0,0.08237784830980707,0.053664435114243826,1.0,0.0,0.2714457850356965,97,56,0.5219003856768036,0.0028646196952862094,0.05396817533693855,0.0,0.0,0.01292822840481539,0.0,0.0,udp,domain_u,SF
597,546,94133,13194,0,0,0,0,0,1,0,0,0,0,1,0,0,0,0,0,42,0,0.05390202539141771,0.0,0.09253551029195485,0.09244563099540166,0.9695303255182773,0.12083426557662308,0.02371767079636269,169,240,1.0,0.07887885102851047,0.07862777520309867,0.0,0.002642064189177017,0.008927275529763891,0.09714871396493936,0.023020813120889605,tcp,http,SF
598,162,0,41151,0,0,0,0,0,0,3,0,0,3,0,0,0,0,0,0,21,26,0.0,0.0,1.0,0.9399916504541751,0.9877596640458473,0.10611113286794,0.0,16,185,1.0,0.0,0.15322762006833213,0.10186562159366101,0.04846403364923907,0.0,0.9601788943049977,1.0,tcp,http,REJ
599,0,343578,69924,0,0,0,1,0,1,4,0,0,0,0,0,0,0,0,0,43,0,0.09679915606974367,0.0070882176056231245,0.018944217430302793,0.0,0.9631842960880522,0.05688580578346037,0.058646558542063354,113,191,0.7631363897758104,0.0,0.0,0.06274186603671628,0.0,0.0,0.0021988038741448178,0.08974522470714637,tcp,http,SF
600,346,0,25886,0,0,0,1,0,0,7,0,0,0,0,0,0,0,0,0,0,0,0.0,0.0,1.0,1.0,0.9076375638184263,0.0,0.036039400565552944,0,137,1.0,0.08481940122261174,0.0,0.21909611564614845,0.006673823102302591,0.013780777805048147,0.9674314898336231,1.0,tcp,http,REJ
601,0,463012,1866,0,0,0,0,0,1,0,0,0,5,0,0,0,0,0,0,0,0,0.0,0.0,0.0,0.0,1.0,0.0,0.10234402187302058,255,91,0.37477479475695674,0.014076376987295885,0.06456604980718547,0.025406374810473854,0.09375272733075159,0.016126928631958394,0.060793217911210035,0.13599769640397066,tcp,smtp,SF
602,860,0,0,0,0,0,1,0,0,1,0,0,7,0,0,0,0,0,0,28,0,0.0,0.02341305424349139,0.0,0.0,1.0,0.0,0.0,110,55,0.7977325007377241,0.033665794868812514,0.1360089186062661,0.0,0.0,0.03193891988823685,0.0,0.0,udp,private,SF
603,0,67234,21110,0,0,0,0,0,1,0,0,0,0,0,0,0,0,0,0,0,0,0.0049738912765365,0.06884178763344635,0.0,0.0,0.8938167060656549,0.0,0.044277593312901736,220,255,1.0,0.0,0.11548946712130498,0.0,0.023824077366372844,0.04972807186909574,0.0,0.0,tcp,http,SF
604,0,386177,0,0,0,0,1,0,1,0,0,0,6,0,0,0,0,0,0,2,46,0.0,0.002154349629044509,0.11919778257935465,0.0,1.0,0.0,0.0,43,255,1.0,0.018410025080613797,0.06652073038718286,0.06683718717557187,0.0,0.0,0.1070377818080451,0.0,tcp,http,SF
605,363,0,9429,0,0,0,0,0,1,6,0,0,0,0,0,0,0,0,0,0,4,0.0,0.0,0.0,0.06037474594247817,1.0,0.04753168227324816,0.0,99,217,1.0,0.0,0.0,0.0,0.07200573685822555,0.0,0.0,0.0,tcp,http,SF
606,522,0,0,0,0,0,0,0,1,6,0,0,2,0,0,0,0,0,0,0,7,0.004706191456235508,0.0,0.0,0.05371323564373186,1.0,0.08610213640794047,0.0462895826042786,255,132,0.5364595474615158,0.0,0.0,0.0,0.01350120664143954,0.019409310363568476,0.0031685303394179375,0.0,tcp,smtp,SF
607,301,0,45213,0,0,0,0,0,0,9,0,0,7,0,0,0,0,0,0,26,1,0.0,0.0,0.9449142198087687,0.9835850007439977,0.9618084168749202,0.0,0.020635679736529373,45,255,1.0,0.09346994966800087,0.30910718883620797,0.18329103865022808,0.0,3.449736728498665e-05,1.0,1.0,tcp,http,REJ
608,0,270976,0,0,0,0,2,0,1,3,0,0,2,0,0,0,0,0,0,0,19,0.031657220872995724,0.052060295706492975,0.0,0.03243355194458137,0.9635765462969648,0.0,0.1418241640514793,165,226,1.0,0.0031511943565083337,0.0,0.000655932104488663,0.0,0.041922367270573885,0.0729060206552036,0.0,tcp,http,SF
609,361,0,0,0,0,0,0,0,1,0,0,0,0,0,0,0,0,0,0,18,44,0.0,0.0041844876688818256,0.0,0.0,0.9295341225140936,0.0,0.003645230305893948,217,247,0.7923594524435491,0.07111165842347696,0.0,0.0049512395960259565,0.0,0.0,0.04416997779460153,0.0,tcp,smtp,SF
610,0,0,3740,0,0,0,0,0,1,0,0,0,0,0,0,0,0,0,0,0,10,0.1099513864616357,0.0,0.052523507472949,0.24594731399489947,0.9453506389800965,0.0,0.08156537187101184,255,178,1.0,0.0,0.03630674554781818,0.0,0.008550479363621615,0.058118010638361334,0.03796651783122298,0.07255048132876583,tcp,http,SF
611,162,269710,69549,0,0,0,0,0,0,0,0,0,7,0,0,0,0,0,0,0,28,0.024971696388241888,0.053344188509867,0.0,0.030490522478186507,0.9513414389439128,0.0,0.0,0,0,0.7436614571577829,0.06279451266579598,0.33511927358023186,0.0410113887418977,0.05336025691180253,0.0016260276090030515,0.03642071030579933,0.11767740822421509,udp,private,SF
612,0,0,0,0,0,0,0,0,1,9,0,0,0,0,0,0,0,0,0,15,23,0.009567782073980728,0.042438284950182585,0.10553023048256997,0.0,0.8918966680714293,0.09776031425974338,0.18834877391496652,0,176,0.7205218935953352,0.0,0.0,0.03919284378085851,0.0,0.04727463975894288,0.0,0.0,tcp,http,SF
613,300,0,0,0,0,0,0,0,1,0,0,0,0,0,0,0,0,0,0,8,0,0.030295108696706704,0.026766596439382083,0.0,0.08872028193021736,0.9673114128213424,0.0,0.0,69,221,1.0,0.0,0.014507498518777879,0.05152787016812803,0.0,0.0,0.10760854252214455,0.0,tcp,http,SF
614,0,0,0,0,0,0,2,0,0,3,0,0,4,0,0,0,0,0,0,260,264,0.0,0.0,0.0,0.12569551656845487,1.0,0.0,0.12195321631015552,240,244,0.812797074469787,0.0,0.21487370476746306,0.0,0.0,0.014125732182769536,0.0,0.0,udp,domain_u,SF
615,0,0,57973,0,0,0,1,0,0,5,0,0,0,0,0,0,0,0,0,0,0,0.0,0.0,0.13971333035849223,0.0,0.9695189576508941,0.0,0.035537815897839185,124,104,0.9039810832912188,0.0426904942714402,0.0,0.0,0.0,0.0006769468513400033,0.0,0.10713502673962659,udp,private,SF
616,479,0,0,0,0,0,0,0,1,0,0,0,0,0,0,0,0,0,0,3,36,0.0866871740403192,0.03975064306600282,0.02018483955601745,0.0,1.0,0.03535301636407018,0.0184123998131994,35,248,0.9465807760198778,0.0,0.1868367840419244,0.056854060109857246,0.0,0.0,0.0,0.11257623163258243,tcp,http,SF
617,195,306005,0,0,0,0,30,0,1,0,0,0,10,0,0,0,0,0,1,37,4,0.0,0.01688479111952127,0.08780105936154739,0.0,1.0,0.0,0.10269513307826947,82,0,0.21880804943965776,0.0865197032487211,0.059995473696414524,0.0,0.0,0.0,0.0,0.03234217652925943,tcp,ftp,SF
618,0,0,95975,0,0,0,1,0,1,10,0,0,0,1,0,0,0,0,0,8,0,0.0,0.009127650226903036,0.09019892431276366,0.0,1.0,0.0,0.0,130,182,0.8829953989020607,0.0,0.0,0.037674646262940314,0.019214506277655537,0.0,0.22854933292009616,0.6337419922238813,tcp,http,SF
619,975,542702,20935,0,0,0,0,0,1,2,0,0,0,0,0,0,0,0,0,1,0,0.0,0.03984339619311742,0.0,0.0,0.9949987810400214,0.03875411140261445,0.0,255,199,1.0,0.04618854601765238,0.05750209819947469,0.0,0.0,0.0,0.0,0.0,tcp,http,SF
620,0,0,0,0,0,0,0,0,1,0,0,0,0,0,0,0,0,0,0,0,0,0.07120167492925523,0.006198142885816773,0.0,0.0,1.0,0.024430442458752002,0.10077508864411208,255,255,1.0,0.0312760255951827,0.0,0.0,0.0004978061741069796,0.00886389155812236,0.0,0.04470024465087174,tcp,http,SF
621,22,0,219,0,0,0,0,0,1,0,0,0,0,1,0,0,0,0,0,0,0,0.0,0.053551986570240365,0.1051930719792951,0.0,0.9877304521619338,0.0,0.25960518202226823,255,255,1.0,0.006703404224002042,0.28747592996690247,0.0,0.01401701976194663,0.0,0.03651896762944554,0.07551714116416011,tcp,http,SF
622,181,503395,3118,0,0,0,2,0,1,7,0,0,0,1,0,0,0,0,0,0,7,0.0,0.007196927136354263,0.18665258364646564,0.0,0.9640796744219893,0.038013638968455866,0.0,117,235,1.0,0.05453534231338555,0.0,0.04562652776386475,0.0,0.010348913184071868,0.19758787275696857,0.6259013944714534,tcp,http,SF
623,0,69316,29642,0,0,0,0,0,0,6,0,0,5,0,0,0,0,0,0,22,56,0.12537722443732938,0.003656556487821308,0.006436614946469619,0.032925248406702794,0.9177723422475517,0.08675770243963085,0.0,130,122,0.9228598095966971,0.13034805390833892,0.0,0.0,0.02734392545806002,0.004564951798021069,0.05354975194665012,0.0194026357995686,udp,private,SF
624,316,0,65802,0,0,0,0,0,1,0,0,0,1,0,0,0,0,0,0,0,45,0.0,0.03970551483571785,0.0,0.062005443600955376,1.0,0.0,0.0,255,211,0.9325948527472634,0.08175662684906188,0.0,0.03558689011279584,0.00964796151972942,0.06838145851922518,0.07039706748919643,0.0,tcp,http,SF
625,0,0,15224,0,0,0,0,0,1,11,0,0,7,0,0,0,0,0,0,0,0,0.0,0.0,0.17110363540486556,0.04069729181235115,1.0,0.0,0.0,255,237,1.0,0.0,0.0,0.0020361254919784816,0.009695510494257788,0.00752972206479856,0.251221245834373,0.11230200700430827,tcp,http,SF
626,0,442863,0,0,0,0,1,0,0,6,0,0,0,0,0,0,0,0,0,3,7,0.0,0.0,0.9362683042117125,1.0,0.9061692507576596,0.1390989135736734,0.1498477862178672,44,107,0.9159888485371277,0.0,0.16756494365664465,0.2285004528583857,0.0,0.0032676824285482633,0.9556139523328819,0.869363602649646,tcp,http,REJ
627,915,479890,27436,0,0,0,0,0,0,0,0,0,15,0,0,0,0,0,0,0,8,0.0,0.00016913135321978037,1.0,1.0,0.9788623740793068,0.0,0.006529393114300113,64,192,0.9127878210649107,0.0,0.0,0.26290136589821383,0.0,0.012225210489544211,0.9844095819554342,0.998405325534314,tcp,http,REJ
628,0,0,0,0,0,0,0,0,0,0,0,0,0,0,0,0,0,0,0,183,191,0.0,0.026267105428098552,0.0,0.022496327828959346,0.9653100594570725,0.0,0.0,0,61,0.7697705855042363,0.061159498060800774,0.07264895407325885,0.0,0.002478539106424288,0.0,0.0,0.04397433733748048,udp,domain_u,SF
629,0,0,0,0,0,0,0,0,1,7,0,0,0,0,0,0,0,0,0,29,0,0.0,0.041171483862064,0.027366308248528655,0.0,1.0,0.024309396208498597,0.13013349555711085,255,172,0.9970055733905082,0.0,0.02947144961847537,0.013133651580641812,0.00440834912908182,0.0,0.0,0.10966398914327569,tcp,http,SF
630,1082,29803,0,0,0,0,0,0,1,3,0,0,13,0,0,0,0,0,0,0,0,0.047841877778564065,0.04141783708725667,0.0,0.0,1.0,0.0035577834126676953,0.07675902380836401,199,159,0.9186182817709383,0.0,0.11675891880257257,0.01055950127582001,0.0,0.020094039394783856,0.0,0.10126908804851964,tcp,http,SF
631,1712,0,0,0,0,0,0,0,0,0,0,0,3,0,0,0,0,0,0,311,325,0.0,0.0,0.0,0.0,1.0,0.0,0.0,255,255,0.9001409599840585,0.0,0.0,0.027619231012726227,0.07256226434470589,0.03748794865400015,0.0,0.10949040735212447,udp,domain_u,SF
632,0,0,0,0,0,0,0,0,1,0,0,0,2,0,0,0,0,0,0,38,0,0.06129813411898009,0.0,0.0,0.01554182435696572,1.0,0.006553223758951036,0.0972287222508293,119,103,1.0,0.019263905083452597,0.051025014734414585,0.0,0.0,0.045170842293139675,0.0,0.0,tcp,http,SF
633,0,2046,0,0,0,0,0,0,1,21,0,0,3,0,0,0,0,0,0,2,29,0.05291590214934074,0.0,0.06735357991882406,0.033584265268746284,0.9359086647684759,0.11523396287889195,0.0,0,214,1.0,0.04090596910619936,0.03428305041719024,0.020751717521815826,0.0030727020268400546,0.02002239180255679,0.02310790670514323,0.22335733501638955,tcp,http,SF
634,0,373236,11041,0,0,0,0,0,0,0,0,0,4,0,0,0,0,0,0,187,121,0.024749519422463426,0.011117553994687248,0.016599884573038664,0.0904986247035535,0.9218624121925367,0.0693198144221986,0.0,113,95,0.6581131580726921,0.0,0.0,0.0,0.05367220331492051,0.0,0.0,0.1045523678932358,udp,domain_u,SF
635,0,395297,0,0,0,0,0,0,0,0,0,0,2,0,0,0,0,0,0,16,27,0.006134175399143375,0.0,0.0895216741163059,0.027093281586100425,1.0,0.0,0.0,27,122,0.6520669554132739,0.01685631985637901,0.28359714171589456,0.0,0.0,0.007636820394109058,0.055251435124243194,0.0,udp,private,SF
636,0,0,0,0,0,0,0,0,0,0,0,0,0,0,0,0,0,0,0,17,38,0.013449686151640126,0.001012610197156301,0.0,0.10682402092349863,1.0,0.0,0.0,104,70,0.8787983439102889,0.0,0.0,0.07754953726093121,0.010915666010527344,0.0518838610071092,0.08356119289108703,0.0,udp,private,SF
637,0,0,0,0,0,0,0,0,1,12,0,0,6,0,0,0,0,0,0,0,0,0.06920368124766052,0.12678877538582192,0.0,0.10890277733367218,0.8923306045729779,0.0,0.12247047779479876,145,80,0.5757122187233252,0.0,0.0,0.0,0.0,0.0,0.0,0.07308557355559052,tcp,smtp,SF
638,389,217728,0,0,0,0,1,0,1,6,0,0,5,0,0,0,0,0,0,0,3,0.0,0.0,0.0635694419357861,0.0,1.0,0.0697903392434301,0.0,0,255,0.8529770118531551,0.0312375327126132,0.0,0.07109266817104404,0.0,0.0,0.13654729761085294,0.0,tcp,http,SF
639,352,0,0,0,0,0,2,0,1,9,0,0,10,0,0,0,0,0,0,62,18,0.03535948035825306,0.006977972912080861,0.08733493458134214,0.0,0.9851761963157258,0.0,0.1491278939140604,224,255,0.9030646756001635,0.02032976123040825,0.05118733502164389,0.023663977664054966,0.0,0.06416913274790972,0.03917103363635545,0.0,tcp,http,SF
640,0,192663,52968,0,0,0,1,0,0,2,0,0,13,0,0,0,0,0,0,27,2,0.0,0.016810773720317144,0.8529551152410202,0.9988812283129632,1.0,0.17650643266987506,0.023815102788244443,95,211,1.0,0.01111181136755729,0.43911824948845224,0.011706025890419386,0.008727332595557531,0.0,0.9928838182469578,0.847935236952954,tcp,http,REJ
641,470,0,0,0,0,0,0,0,1,8,0,0,2,0,0,0,0,0,0,18,28,0.04014631817091796,0.02253378173072789,0.03232175224063937,0.0,1.0,0.0,0.0,28,255,1.0,0.10228341592442011,0.2229280336680069,0.03239075591506143,0.05095096220415921,0.0,0.0,0.0,tcp,http,SF
642,1379,0,30708,0,0,0,0,0,0,0,0,0,0,0,0,0,0,0,0,6,0,0.0,0.0,0.9172875976663903,0.975338661719913,1.0,0.0,0.0028043411687800196,0,255,0.8296190447188511,0.0,0.5679852039246774,0.062021080789919275,0.03690333899001341,0.009269067647937205,0.832728561384407,0.8744411693058328,tcp,http,REJ
643,116,0,0,0,0,0,0,0,0,1,0,0,13,0,0,0,0,0,0,44,85,0.03436671091858581,0.022939625498111724,0.9424813393306839,0.8505332020798914,1.0,0.013365534514838339,0.0,0,255,0.8499440444296127,0.0,0.004750643387753356,0.1732610994091546,0.0,0.011872538358826219,1.0,1.0,tcp,http,REJ
644,0,477368,2551,0,0,0,0,0,1,2,0,0,0,0,0,0,0,0,0,34,0,0.0,0.0,0.1892244704299861,0.0,0.9515334604031926,0.0,0.0,0,206,1.0,0.0,0.0,0.06108938128884324,0.058419534849618544,0.023304007022703747,0.12884615461967738,0.0,tcp,http,SF
645,0,0,0,0,0,0,0,0,0,9,0,0,2,0,0,0,0,0,0,0,83,0.0,0.0,0.0,3.134975476740404e-05,1.0,0.0,0.0,94,84,0.9240664591468146,0.0,0.0,0.058787711293800365,0.0,0.025508261817068056,0.15618342728164827,0.11052580025775885,udp,private,SF
646,423,537976,0,0,0,0,0,0,1,2,0,0,0,0,0,0,0,0,0,0,39,0.0,0.04235474591264905,0.0,0.0,1.0,0.0,0.0,255,80,0.5590653127907572,0.0,0.06621282085602334,0.030528382501714253,0.03974183371773597,0.0,0.21134043488357898,0.10189123752929076,tcp,smtp,SF
647,1477,0,0,0,0,0,0,0,0,0,0,0,0,1,0,0,0,0,0,0,26,0.06979281636544135,0.02957022456240652,0.026827060415520253,0.0513289916714205,1.0,0.0,0.0,222,13,0.0,0.7175662770983063,0.9941577345058057,0.022028816699644044,0.0,0.0,0.13422318899402988,0.0,udp,other,SF
648,110,95616,8745,0,0,0,0,0,1,0,0,0,6,0,0,0,0,0,0,15,0,0.026073157260215238,0.0,0.0,0.04391200023530914,0.969963974720081,0.0,0.0,0,255,1.0,0.019113890633031056,0.032129360047254904,0.07246948418633095,0.12509649779102838,0.0,0.023274854916042455,0.004252195561988524,tcp,http,SF
649,2377,783271,0,0,0,0,0,0,0,0,0,0,2,0,0,0,0,0,0,22,29,0.02572456713377932,0.0,0.0955681112168843,0.0,0.9893129981827821,0.0,0.1652936101493471,255,0,0.0,0.7462251655832063,0.8700688025374526,0.04536265415641857,0.0,0.003973211662809908,0.05465816827138818,0.0,udp,other,SF
650,1241,0,0,0,0,0,1,0,1,0,0,0,4,0,0,0,0,0,0,0,22,0.04182103318411489,0.0,0.00804132366771321,0.0,1.0,0.0,0.0,255,192,1.0,0.023896587262550492,0.28560845677132357,0.0,0.0,0.01573993166436524,0.0,0.0,tcp,http,SF
651,0,0,34914,0,0,0,0,0,1,6,0,0,0,0,0,0,0,0,0,0,0,0.0,0.0,0.0,0.12468793789676409,0.996917566462196,0.0,0.0,255,255,0.6617484519893193,0.0,0.0,0.0,0.007291839081319215,0.02633673524621168,0.02329615481329291,0.11017330590411888,tcp,http,SF
652,1153,422594,19031,0,0,0,29,0,1,0,0,0,0,1,0,0,0,0,1,0,0,0.029693480662946317,0.03392223320489575,0.0,0.1771813183077379,0.9116747577299709,0.0,0.1508306870192448,158,23,0.44909833067004556,0.026100885901416696,0.0,0.0,0.0,0.0,0.07279925141966254,0.06011000381923152,tcp,ftp,SF
653,0,0,0,0,0,0,0,0,0,0,0,0,0,0,0,0,0,0,0,6,13,0.0,0.035590189430793805,0.8791189750961346,1.0,1.0,0.0024945546215460776,0.11481622061271718,95,255,0.9945184591825504,0.028194728878852337,0.06311979059152859,0.10393821348167474,0.0,0.0,1.0,0.9310349601825288,tcp,http,REJ
654,394,0,5072,0,0,0,0,0,0,6,0,0,0,0,0,0,0,0,0,25,0,0.0,0.0,0.9244579086388921,0.9633424569761329,0.9276375083924293,0.06522108373872844,0.0,118,218,1.0,0.0,0.15618716324493795,0.11703804422499486,0.10152650544623293,0.025703918812405246,0.9877513104573218,1.0,tcp,http,REJ
655,215,0,0,0,0,0,2,0,1,9,0,0,0,0,0,0,0,0,0,49,0,0.0,0.0,0.0,0.1060425169474256,1.0,0.026485782644370105,0.0,240,255,1.0,0.0,0.24761836461662334,0.003346924946619985,0.0,0.0,0.0,0.0,tcp,http,SF
656,0,88065,0,0,0,0,0,0,1,4,0,0,13,0,0,0,0,0,0,1,42,0.0,0.0051031736248512,0.0390299097850993,0.04767098336494619,0.8625867873288097,0.09542654658827113,0.024331843387538837,70,147,0.7251357176184399,0.025150549713610894,0.0,0.0,0.0,0.0,0.0,0.0,tcp,http,SF
657,119,0,6483,0,0,0,0,0,1,13,0,0,0,0,0,0,0,0,0,37,0,0.0,0.010873549668523094,0.0,0.0,1.0,0.0,0.2852855513494642,131,255,1.0,0.01510048317286802,0.0,0.07173169889190845,0.0,0.0,0.046475662499834085,0.14793388750975556,tcp,http,SF
658,814,0,0,0,0,0,1,0,1,3,0,0,0,0,0,0,0,0,0,20,0,0.0,0.0,0.0,0.09811642602461446,0.9949716182749092,0.023849244875970364,0.05578772353137589,138,112,0.7638959578516766,0.20114396703467258,0.11755034799301126,0.020180761650342716,0.018901531837540633,0.04087692406741366,0.0,0.2447878661517123,tcp,smtp,SF
659,0,147269,0,0,0,0,0,0,0,2,0,0,10,1,0,0,0,0,0,214,178,0.0,0.021732011206267773,0.0,0.0,0.8451722120570624,0.036743026565338024,0.09025231444581143,36,185,0.7418677460737428,0.0648864450275167,0.12684411261020032,0.012230946314160052,0.0,0.008006493035164614,0.06495025231134481,0.17098510076128257,udp,domain_u,SF
660,0,0,0,0,0,0,2,0,0,2,0,0,3,0,0,0,0,0,0,26,43,0.0,0.0,0.7785384976496567,0.7499854289937048,1.0,0.08458505454082985,0.3761081420072008,0,241,0.8712216673319569,0.019927071628487884,0.12391826487782223,0.11758240777659121,0.043920111884688376,0.01584342348845482,0.7311527763205058,1.0,tcp,http,REJ
661,0,0,0,0,0,0,3,0,1,0,0,0,0,0,0,0,0,0,0,0,0,0.007548750191249774,0.03031593306153061,0.0,0.03685485717986252,0.9189109753225003,0.0,0.037524282029984916,132,192,1.0,0.0,0.03544918111655811,0.05057188352575068,0.007034994034565178,0.012704542484341946,0.42294177327478744,0.6276806133277751,tcp,http,SF
662,0,0,23790,0,0,0,0,0,1,6,0,0,0,0,0,0,0,0,0,0,0,0.0,0.0,0.0,0.011578611821265957,1.0,0.057937153526078165,0.1550341802374531,0,255,0.7889352426006451,0.0,0.0,0.0,0.0009256692129106639,0.01617298555797152,0.0,0.09797587047245199,tcp,http,SF
663,0,0,0,0,0,0,0,0,1,0,0,0,0,1,0,0,0,0,0,0,0,0.020295959025316307,0.0,0.06845959083044098,0.06458959351184262,0.9696855505524765,0.0,0.06452338406146389,66,255,1.0,0.0,0.0,0.09904792596185608,0.025707405207269517,0.0,0.4341636160434322,0.6197570212479298,tcp,http,SF
664,0,0,88195,0,0,0,0,0,1,0,0,0,14,0,0,0,0,0,0,11,0,0.0,0.0,0.13913828560884997,0.12094664411099822,0.8909921934406537,0.0,0.06255581800357583,223,167,0.31860722194436664,0.08156000018525032,0.0,0.06445515131827319,0.0,0.0,0.0,0.0,tcp,smtp,SF
665,0,42626,34900,0,0,0,0,0,1,0,0,0,0,0,0,0,0,0,0,13,36,0.009636301146804704,0.0,0.0,0.0,0.9230071206377625,0.0,0.0,0,255,1.0,0.02988390841422622,0.0014839572339998067,0.05599579121614849,0.0,0.0,0.058908943464071495,0.17482265442428016,tcp,http,SF
666,0,0,45794,0,0,0,0,0,1,0,0,0,0,0,0,0,0,0,0,0,23,0.0,0.004615924107539458,0.11383480920421343,0.003947846201486889,0.9288996061512141,0.033284111087939085,0.0,255,111,0.5675096931514731,0.08021275531361936,0.0,0.008976556865617703,0.0,0.0,0.0,0.0,tcp,smtp,SF
667,324,0,27721,0,0,0,1,0,0,0,0,0,2,0,0,0,0,0,0,20,0,0.05107314471773618,0.0,1.0,1.0,1.0,0.0,0.0,5,175,1.0,0.006877866324639895,0.1327155628202173,0.13217418515210744,0.04283451584589583,0.0652228897906936,0.9991343150632205,1.0,tcp,http,REJ
668,0,0,64710,0,0,0,0,0,0,12,0,0,9,0,0,0,0,0,0,194,214,0.046484578509528605,0.009023821645483451,0.01829371348624065,0.0,1.0,0.0,0.11911751301501068,117,76,0.579783896411724,0.0,0.045557128679445676,0.0,0.0,0.0011030418944925349,0.10509112629666448,0.07302629378828693,udp,domain_u,SF
669,0,0,0,0,0,0,0,0,1,7,0,0,1,0,0,0,0,0,0,0,8,0.0,0.01321383537560154,0.15527087288745764,0.0,1.0,0.0,0.11270616162129264,62,179,1.0,0.07480130390998357,0.0,0.09274278298226593,0.0,0.0,0.08804642868516689,0.1787497325411163,tcp,http,SF
670,528,476779,0,0,0,0,0,0,1,0,0,0,0,0,0,0,0,0,0,0,42,0.025524489203794132,0.05186523642144638,0.0,0.0,0.9623124683968893,0.0035579972859651134,0.1800651918388694,101,128,0.7658785392449625,0.09896883357959935,0.0,0.033043136886665596,0.0,0.0,0.0,0.08289879879182309,tcp,smtp,SF
671,183,470213,0,0,0,0,1,0,1,0,0,0,0,0,0,0,0,0,0,29,3,0.07031504976143466,0.008232526658866552,0.04087533309035461,0.010312418070017088,0.9599424692929936,0.0,0.0,189,220,0.8271458801905925,0.011957308202831349,0.0,0.10143754955435769,0.0,0.03048447510326016,0.230190476781291,0.5535010781526115,tcp,http,SF
672,0,0,22277,0,0,0,0,0,1,0,0,0,0,0,0,0,0,0,0,0,0,0.0,0.0,0.012583450718438659,0.058845912788238995,1.0,0.019387859292156442,0.07262946115762502,42,255,0.8916266398541863,0.03583298952092599,0.0459447261438614,0.08361992541167931,0.0,0.004203460005041268,0.0,0.10431377959484057,tcp,http,SF
673,0,158806,5282,0,0,0,0,0,0,5,0,0,11,0,0,0,0,0,0,8,29,0.0,0.0,1.0,1.0,0.973843052895687,0.0,0.07320397889105919,0,225,1.0,0.03228718355566486,0.246427404499696,0.1869011043380129,0.0,0.0,0.8250351928900278,0.9650775166078691,tcp,http,REJ
674,561,0,9603,0,0,0,2,0,0,0,0,0,0,0,0,0,0,0,0,0,0,0.03573723182265663,0.0,1.0,0.8948926348682089,0.9571080723567634,0.048321024570518095,0.0,0,98,0.9648651431864668,0.0,0.0,0.2210841924428928,0.016848324824952056,0.0,0.9185841646412285,0.90605263149539,tcp,http,REJ
675,235,119668,46167,0,0,0,0,0,0,0,0,0,0,0,0,0,0,0,0,178,190,0.0,0.014370031672082744,0.004721375457055513,0.0,0.9940070971289223,0.014622854431290664,0.0,115,18,0.49952869939791317,0.0032368545208112144,0.0677056085077952,0.0035486749257707074,0.152874851486356,0.00904167955075008,0.0,0.0,udp,domain_u,SF
676,1600,512723,13656,0,0,0,1,0,1,1,0,0,3,0,0,0,0,0,0,0,14,0.0,0.03529122191201514,0.04740693759262106,0.022454174805894855,1.0,0.12868855220326814,0.0,191,255,0.8983308740997165,0.0,0.033645922725849056,0.0,0.008946881461181399,0.0,0.0,0.0,tcp,http,SF
677,282,166718,29529,0,0,0,0,0,1,3,0,0,1,0,0,0,0,0,0,0,0,0.0,0.0,0.0,0.005281224724288949,0.8444909931501223,0.008897802754144852,0.0,255,226,0.8030220079737367,0.0,0.05330154097587723,0.016730422104142748,0.015327532860830221,0.023673558159994005,0.0,0.0,tcp,http,SF
678,267,0,0,0,0,0,1,0,1,6,0,0,0,1,0,0,0,0,0,4,3,0.03634130472239594,0.011357258085336743,0.0,0.0,0.9578710038888496,0.0,0.0,193,191,0.2942894017020074,0.08643947922118664,0.026963664305177507,0.0,0.0,0.06169293255058896,0.0,0.13807104671433565,tcp,smtp,SF
679,0,148593,0,0,0,0,2,0,0,0,0,0,0,0,0,0,0,0,0,0,17,0.0,0.0,0.9314136751199039,1.0,0.8967176243645575,0.0,0.15321465351434596,0,93,0.7267012890825169,0.05420741156489451,0.0760360905142321,0.23174018695243723,0.0,0.0,0.9987030619867203,0.8490162374838509,tcp,http,REJ
680,549,403759,56603,0,0,0,2,0,1,0,0,0,0,0,0,0,0,0,0,33,15,0.0,0.031957356385457505,0.0,0.0,0.9886739945158898,0.0015526708166779745,0.1665325528874133,255,244,1.0,0.035993857227984045,0.0,0.034816784523289755,0.09471109542581821,0.0,0.0,0.0,tcp,http,SF
681,420,0,3517,0,0,0,0,0,0,13,0,0,8,0,0,0,0,0,0,0,0,0.0,0.03853373173115824,1.0,0.8102781671782762,1.0,0.0,0.019680594703063787,49,123,1.0,0.0618206535892689,0.08645179564592355,0.16345980137869054,0.0,0.0,0.9434612851885961,0.9675812966565827,tcp,http,REJ
682,841,326113,0,0,0,0,0,0,1,0,0,0,2,0,0,0,0,0,0,0,34,0.05583860343009274,0.0,0.0,0.06905186871167623,1.0,0.11142594468947717,0.2786883525851533,255,255,1.0,0.0,0.14573185731901858,0.0,0.0,0.0,0.0,0.016503328955764986,tcp,http,SF
683,0,24717,0,0,0,0,0,0,1,5,0,0,3,0,0,0,0,0,0,33,0,0.0,0.04592202035302152,0.06635916789525666,0.014192934576439968,0.9680649406985872,0.0,0.025660362163425418,119,29,0.6133315832164848,0.0,0.0,0.028502440168208517,0.011311024054751663,0.0,0.07977453044075954,0.0,tcp,smtp,SF
684,0,0,0,0,0,0,0,0,1,0,0,0,2,0,0,0,0,0,0,0,0,0.0,0.011220816521393943,0.02699747054005383,0.059989852003343835,1.0,0.0,0.1395101330383309,222,255,0.793759132758811,0.0,0.0,0.022428241841229515,0.0,0.031929633683347454,0.0,0.10906456560051668,tcp,http,SF
685,0,49949,0,0,0,0,0,0,1,5,0,0,2,0,0,0,0,0,0,0,10,0.0,0.0,0.0,0.0,0.8761514759573508,0.013333601771837143,0.0,68,242,0.9954138282686804,0.0,0.11027899023855264,0.059619962822658204,0.027446533022746775,0.0,0.0,0.015675134856614727,tcp,http,SF
686,531,0,0,0,0,0,1,0,1,0,0,0,0,0,0,0,0,0,0,0,16,0.03372444923558967,0.0,0.13315168410493547,0.06350137142392961,0.9366471329181818,0.0,0.0,104,255,1.0,0.04355241929313345,0.0,0.03939474875774005,0.07220863137324914,0.0,0.2586423078405677,0.6083006504964616,tcp,http,SF
687,1006,0,0,0,0,0,0,0,1,0,0,0,0,1,0,0,0,0,0,50,4,0.03723494678383791,0.0014125142225106123,0.07486690388240824,0.10359487850643677,1.0,0.07097501501847764,0.0,0,254,1.0,0.032963611449059335,0.0,0.0801697534810929,0.016996901627580878,0.012434335287177457,0.0,0.0,tcp,http,SF
688,0,421290,0,0,0,0,2,0,0,0,0,0,8,1,0,0,0,0,0,53,39,0.0607024146876333,0.0,0.00018124912767218427,0.17777053155624958,0.8999408737131983,0.05621263650268929,0.19909091161725243,71,58,0.9903540918798737,0.11513362195899515,0.13375299554850315,0.0639902976116097,0.010452338985181893,0.04000671387135197,0.0,0.052829388804916805,udp,private,SF
689,0,0,0,0,0,0,2,0,1,0,0,0,10,0,0,0,0,0,0,0,10,0.0,0.0,0.0,0.0824859651668023,1.0,0.009593944518280962,0.0,235,176,0.8022916035759836,0.0,0.0,0.0,0.04038359909383265,0.0,0.0,0.1342962730017875,tcp,smtp,SF
690,211,0,38923,0,0,0,0,0,1,8,0,0,0,0,0,0,0,0,0,0,3,0.0,0.0,0.009532551077619425,0.03899925469378988,1.0,0.04344763237324937,0.0,218,159,0.725354766289586,0.04856549394376547,0.16555872790729179,0.0,0.1345854603722431,0.0,0.0,0.2590194286190669,tcp,smtp,SF
691,0,0,14368,0,0,0,30,0,1,0,0,0,0,0,0,0,0,0,1,3,9,0.11801081044813702,0.0,0.0,0.0,0.9333990576974457,0.0,0.0,68,44,0.41872294397295484,0.05411171979641768,0.0,0.0008592039795151108,0.10495365025007768,0.008525199540536281,0.0,0.0,tcp,ftp,SF
692,639,0,9578,0,0,0,0,0,1,5,0,0,6,0,0,0,0,0,0,0,23,0.0,0.059911893011353565,0.0,0.0,0.8908738440684428,0.0,0.0,88,172,0.5190889929233737,0.13089516283423586,0.0,0.0057830348865760065,0.0,0.0,0.0409886635982469,0.0,tcp,smtp,SF
693,0,0,0,0,0,0,1,0,0,10,0,0,14,0,0,0,0,0,0,198,205,0.0,0.002487332389125418,0.047040589480027845,0.0,0.9370408438478613,0.0,0.1612336238309829,163,122,0.2964222231613877,0.154986746926928,0.009390655099605443,0.04034256577223548,0.04375026746140156,0.0,0.0,0.0,udp,domain_u,SF
694,0,457939,0,0,0,0,0,0,0,0,0,0,13,0,0,0,0,0,0,0,0,0.0,0.10023411334276615,0.8390070409726389,0.917005177172186,0.9337864452987601,0.0,0.25465665764006246,0,255,1.0,0.0,0.25544111548467024,0.15950957341269847,0.08227165146920579,0.0,1.0,1.0,tcp,http,REJ
695,0,313850,16736,0,0,0,29,0,1,7,0,0,0,1,0,0,0,0,1,12,34,0.02576522702032235,0.016510031745320588,0.0,0.1981493475705293,0.9103970320405823,0.0,0.0008015894864338751,109,0,0.29242362908272657,0.014249996325703992,0.05078433840966011,0.0,0.03194120173807456,0.0,0.0,0.0,tcp,ftp,SF
696,0,166049,25294,0,0,0,0,0,1,4,0,0,9,0,0,0,0,0,0,0,5,0.024952450517152447,0.026201867720690827,0.0,0.0,0.8964218431954218,0.0,0.07299599259462873,255,168,0.7960273773770989,0.07271586585561668,0.07861700312647134,0.0,0.00694464533403487,0.03573781630670215,0.0,0.0264736388098644,tcp,smtp,SF
697,0,49156,879,0,0,0,29,0,1,1,0,0,0,0,0,0,0,0,1,6,22,0.0,0.0,0.29531902150602396,0.0,0.9830365062069414,0.0,0.1312651365539123,87,0,0.0,0.01194679522448732,0.0,0.0,0.0,0.023690467060038405,0.0,0.11868688906796268,tcp,ftp,SF
698,0,128705,37617,0,0,0,0,0,0,5,0,0,8,0,0,0,0,0,0,0,0,0.0,0.0,1.0,1.0,1.0,0.0,0.014660925664489122,17,255,1.0,0.0,0.6445765702811891,0.10592336306669875,0.004542838611200488,0.0,0.9810652443836952,0.800405348131619,tcp,http,REJ
699,0,0,1735,0,0,0,1,0,1,12,0,0,6,0,0,0,0,0,0,0,0,0.0,0.003234201598882509,0.1116062184398114,0.0,0.9476456871102534,0.09792723185646839,0.0,208,191,0.7962453979850869,0.02295945440225457,0.0,0.031046682490230064,0.0,0.0,0.0,0.0,tcp,smtp,SF
700,748,280566,27637,0,0,0,0,0,0,0,0,0,0,0,0,0,0,0,0,0,0,0.0,0.0,0.9181117182256424,1.0,1.0,0.03760023694887122,0.0,12,252,0.7477329349449922,0.06339756576465612,0.40057753527220824,0.05696579548875665,0.041241348080424706,0.0,0.8214157888837607,0.9666862829839026,tcp,http,REJ
701,0,0,0,0,0,0,2,0,1,0,0,0,4,0,0,0,0,0,0,0,0,0.0,0.0,0.036823250508219746,0.0,0.975869538902529,0.0708740767497194,0.055649381610138896,255,168,0.5588721407815612,0.02769235921754781,0.01488514808953448,0.013646257166556854,0.06406945280293819,0.0,0.10915336389187234,0.06830604018637412,tcp,smtp,SF
702,0,273525,0,0,0,0,0,0,0,0,0,0,7,0,0,0,0,0,0,0,17,0.08789926092074651,0.018693332705634873,0.0,0.0,1.0,0.037427598819297775,0.053189765093251934,24,62,1.0,0.0,0.0,0.0,0.0,0.0,0.02065621058423514,0.0,udp,private,SF
703,0,388331,9502,0,0,0,2,0,0,7,0,0,0,0,0,0,0,0,0,27,40,0.0,0.01956591367582557,0.0,0.12120514845583287,0.9420946102745831,0.07954359315929767,0.0,18,106,0.7863656657413008,0.017353306977742074,0.0,0.0,0.0,0.0,0.0,0.013429751195305829,udp,private,SF
704,715,70102,25611,0,0,0,0,0,1,8,0,0,0,0,0,0,0,0,0,0,10,0.0,0.0,0.05139873358391821,0.0,1.0,0.0019777974083846463,0.0,238,145,0.5487537857809865,0.0,0.0,0.0,0.0,0.0,0.1338138794983284,0.0,tcp,smtp,SF
705,0,0,20178,0,0,0,0,0,0,0,0,0,0,0,0,0,0,0,0,202,166,0.0,0.012624278085263235,0.0,0.0,0.9988448168379254,0.12132114110302616,0.0,177,87,0.7884823830923526,0.0833578188006144,0.0,0.0,0.021508442808875455,0.0,0.27967294851527735,0.10193323467290005,udp,domain_u,SF
706,0,131066,14839,0,0,0,0,0,0,0,0,0,5,0,0,0,0,0,0,198,174,0.0,0.024604903322204028,0.039984375120259714,0.02952432295964631,1.0,0.0,0.11916567198683034,59,46,0.6722390773142009,0.11481829583726423,0.06896125879511456,0.0,0.0,0.015590375326972931,0.0,0.011817163068032623,udp,domain_u,SF
707,375,0,0,0,0,0,0,0,1,0,0,0,2,0,0,0,0,0,0,0,45,0.021137216360982165,0.0,0.04841930857231782,0.0,1.0,0.0,0.0,255,226,0.747633096877017,0.0,0.0,0.0,0.0,0.0,0.0,0.146829523318082,tcp,http,SF
708,0,100015,0,0,0,0,1,0,1,4,0,0,0,0,0,0,0,0,0,0,0,0.0,0.0,0.0,0.0245241986887603,1.0,0.0,0.0,255,152,0.30295177723124794,0.034761137353421616,0.0,0.0569233941839443,0.13426831738188774,0.027814353227458396,0.0951377057535823,0.0,tcp,smtp,SF
709,435,0,19232,0,0,0,2,0,0,0,0,0,0,0,0,0,0,0,0,0,65,0.05539326255594201,0.019641966180714652,0.9150953674664684,1.0,0.8917776489781196,0.09119892152749637,0.0,79,193,0.9800524617808253,0.0,0.0,0.2103982470163977,0.0,0.032682135898446686,0.8408344895459644,1.0,tcp,http,REJ
710,0,0,15632,0,0,0,1,0,1,1,0,0,1,0,0,0,0,0,0,15,64,0.02906470301348788,0.0,0.0,0.0541770578770685,0.9613279387744305,0.030832444604033657,0.10688025778066819,191,255,0.9597864319803528,0.00405252983514788,0.1505498111050181,0.05442263597021131,0.0,0.06388997251903371,0.14094679863862888,0.6088227139764465,tcp,http,SF
711,471,231553,0,0,0,0,0,0,1,0,0,0,0,0,0,0,0,0,0,13,84,0.0,9.274283407225183e-05,0.0,0.18671043199526954,0.9410696962966715,0.08715887863000817,0.13085578744619966,91,255,0.9630595457194076,0.0,0.18949376530315903,0.04177753701128677,0.043276717423747266,0.008606710227789567,0.09302820982976875,0.02447945582918433,tcp,http,SF
712,0,0,40353,0,0,0,0,0,1,7,0,0,0,0,0,0,0,0,0,0,16,0.0,0.07271941504798093,0.0,0.27113835943471887,0.9394641227358544,0.0,0.06666391445362035,255,255,0.9573564486053677,0.0,0.0,0.0,0.0302676608831095,0.04278338791118504,0.0,0.0,tcp,http,SF
713,0,0,0,0,0,0,0,0,0,2,0,0,0,0,0,0,0,0,0,261,258,0.05274712274322941,0.0,0.05183025395972289,0.0469593979573658,1.0,0.0,0.1494358514597472,232,206,0.689318252877035,0.08791028070251315,0.06471757932077807,0.005216567388334801,0.0,0.02836024767936654,0.0,0.0,udp,domain_u,SF
714,2497,0,0,0,0,0,0,0,0,4,0,0,10,1,0,0,0,0,0,0,12,0.0,0.0366115744801108,0.0,0.0,1.0,0.0,0.1668598549739612,255,0,0.13981569821329803,0.6702220676914058,0.9976655587642742,0.0,0.0,0.005531173353241049,0.0,0.06526708275511318,udp,other,SF
715,0,22406,59574,0,0,0,0,0,1,1,0,0,0,0,0,0,0,0,0,30,37,0.0,0.024222593011889976,0.16294579891018088,0.044688066827944545,1.0,0.026534620770134732,0.0,98,179,1.0,0.0,0.17349133784901988,0.007546673519197765,0.02109138363811609,0.0,0.03185822574815967,0.005153458540285918,tcp,http,SF
716,0,41362,34303,0,0,0,0,0,1,3,0,0,0,0,0,0,0,0,0,34,0,0.04964226973178207,0.0,0.16220824038750215,0.0,1.0,0.0,0.07994579036363893,166,169,1.0,0.007496281145334951,0.05439115596958434,0.043955688901039555,0.017417309060887565,0.036002018973012195,0.0,0.0,tcp,http,SF
717,461,53237,0,0,0,0,1,0,1,3,0,0,0,0,0,0,0,0,0,0,0,0.0,0.02315773314842327,0.0240230817727174,0.0,1.0,0.05549538558296414,0.0,228,255,1.0,0.0,0.0,0.0,0.0,0.006962914465201862,0.0,0.0,tcp,http,SF
718,0,340482,12549,0,0,0,0,0,1,0,0,0,7,1,0,0,0,0,0,8,0,0.0422249023372823,0.04455544894707436,0.0,0.0,0.9095979541291752,0.002324934113021183,0.0,140,79,0.9542211123669891,0.0,0.21370420952949798,0.021008584740390884,0.045779890512163184,0.051912577007008485,0.0,0.0,tcp,http,SF
719,0,0,5542,0,0,0,0,0,0,2,0,0,4,0,0,0,0,0,0,10,0,0.0,0.0,0.0,0.10967488098356513,1.0,0.0,0.0,0,120,0.7421822261641955,0.0,0.0,0.02462607081010543,0.02634128722354382,0.021498879613708527,0.0,0.0,udp,private,SF
720,0,57553,0,0,0,0,2,0,0,5,0,0,2,0,0,0,0,0,0,280,306,0.0,0.0,0.03221624313350339,0.0,1.0,0.0,0.09871281836640271,255,248,0.8160312798279007,0.0,0.04064264037228776,0.06817672309266198,0.06156171231916763,0.0306656461954622,0.0,0.09983353320697072,udp,domain_u,SF
721,758,422196,0,0,0,0,1,0,0,8,0,0,6,0,0,0,0,0,0,47,0,0.05639552921918883,0.001161564734088204,1.0,0.9002097070532026,1.0,0.006053034085274202,0.196551214091156,0,255,1.0,0.0,0.37393502377499627,0.17328208778678858,0.0,0.0,0.9072548800483766,1.0,tcp,http,REJ
722,0,0,0,0,0,0,0,0,0,3,0,0,6,0,0,0,0,0,0,1,5,0.0002494466133611398,0.043498768567665186,0.9795566551720948,0.9410179344612806,0.9886474511073925,0.034205758121952964,0.0,39,255,0.9966954303136178,0.0,0.2848187753912878,0.14178536560634053,0.03731945627423211,0.007103950900904233,1.0,0.8701226662428289,tcp,http,REJ
723,0,62745,0,0,0,0,0,0,1,0,0,0,1,0,0,0,0,0,0,33,31,0.029080232059498525,0.0,0.0,0.037737847167987545,0.9893633993784245,0.0,0.0835255811552181,223,180,0.44242968279999006,0.0,0.0,0.0,0.0,0.0,0.01639182261272295,0.24265672538992802,tcp,smtp,SF
724,0,0,12766,0,0,0,31,0,1,0,0,0,0,0,0,0,0,0,1,0,40,0.0,0.0,0.03587610077185404,0.24091396549748129,1.0,0.0,0.2654852967478115,151,8,0.2952927440306053,0.027936628927114286,0.0,0.0116311384080439,0.024923537761594623,0.01610522339596455,0.0015014659398539215,0.0,tcp,ftp,SF
725,981,0,39710,0,0,0,0,0,1,0,0,0,0,1,0,0,0,0,0,0,10,0.016904785410507907,0.0,0.007021932580865382,0.0,1.0,0.0,0.247268526702071,255,223,0.6641618757144805,0.0,0.0,0.04900604864858141,0.016482148990881285,0.035369345677622496,0.042589271502132285,0.06867976036163936,tcp,http,SF
726,197,0,0,0,0,0,1,0,1,1,0,0,3,0,0,0,0,0,0,0,13,0.00018242828519039527,0.001092624751206685,0.0,0.009244852206351505,0.8823152013408702,0.0,0.0,186,109,0.6499619260130827,0.016032140214908903,0.19881282240681247,0.03871373959774418,0.03906548062142365,0.04042758687571865,0.0,0.0003593415813802528,tcp,smtp,SF
727,515,0,0,0,0,0,0,0,1,0,0,0,10,0,0,0,0,0,0,23,0,0.011830452451813743,0.04656909447366301,0.011496794672915428,0.0005856800973776517,0.8665250698664627,0.0,0.29428780066151855,0,240,1.0,0.039583225906740835,0.0,0.016114733151821634,0.02392934360865675,0.0,0.03548833315021928,0.0,tcp,http,SF
728,0,602645,11324,0,0,0,2,0,0,0,0,0,0,0,0,0,0,0,0,19,32,0.09914601942500584,0.004711591161166189,0.9384405016397395,0.9694680829715792,1.0,0.009072071153830703,0.12980185388935686,0,229,0.9126800128630812,0.1103473400252183,0.5908337652887122,0.07517655362634068,0.0,0.0,1.0,0.8736082640224306,tcp,http,REJ
729,0,0,0,0,0,0,0,0,1,0,0,0,11,0,0,0,0,0,0,0,42,0.06342673666514555,0.0,0.0,0.0,0.8738246696027252,0.0,0.0,255,197,0.8486193877727725,0.02760143293662023,0.0,0.007444746922699854,0.0,0.0,0.0,0.0,tcp,http,SF
730,301,0,0,0,0,0,1,0,0,0,0,0,3,0,0,0,0,0,0,6,0,0.03850525247696865,0.0,0.0,0.0,0.9876888167881193,0.0,0.0,75,56,1.0,0.0,0.3355813107949536,0.035179610614124945,0.0038311549585178396,0.0,0.05825988481961579,0.0,udp,private,SF
731,40,0,0,0,0,0,0,0,1,0,0,0,3,0,0,0,0,0,0,18,54,0.03911909532933315,0.0,0.0,0.27800664844586565,1.0,0.008492858165250049,0.16987838352104392,125,93,0.6066234785490995,0.07295649003363826,0.0,0.040107072655378426,0.02148226104979189,0.011873632330485351,0.023011853273121722,0.12678628234694259,tcp,smtp,SF
732,369,565386,78147,0,0,0,0,0,0,0,0,0,17,0,0,0,0,0,0,17,0,0.0,0.0,0.9254496616315634,1.0,0.8700786089105874,0.0,0.04866152756045284,0,214,0.6871330557357347,0.09027132374115591,0.2054140724345735,0.15885333178176128,0.03799519570793895,0.0,1.0,1.0,tcp,http,REJ
733,0,0,0,0,0,0,0,0,0,15,0,0,12,0,0,0,0,0,0,0,20,0.0,0.05354280534762146,1.0,0.953768814964383,0.9203687557457901,0.0,0.0,78,247,1.0,0.0,0.35432540704163806,0.11038913957745958,0.0252739185475983,0.0,1.0,1.0,tcp,http,REJ
734,187,0,0,0,0,0,1,0,1,12,0,0,12,0,0,0,0,0,0,30,11,0.0,0.07286542554029352,0.0,0.11995856264819535,0.9082071794145198,0.0,0.008976710088020664,40,180,0.8485645780260859,0.0,0.0,0.02655991400364494,0.0,0.0,0.011946810302830494,0.0,tcp,http,SF
735,106,0,2402,0,0,0,1,0,1,0,0,0,0,0,0,0,0,0,0,9,7,0.0,0.0,0.18748089236142382,0.02601628971532375,1.0,0.0,0.07373387822519585,85,49,0.7876008314461508,0.0,0.08178210418459123,0.0,0.042290783390057,0.042013077707137476,0.0,0.03384592967188126,tcp,http,SF
736,522,0,0,0,0,0,2,0,1,1,0,0,16,0,0,0,0,0,0,30,8,0.0,0.025900265288599775,0.06373292557275179,0.005873095652817184,1.0,0.003232597898962607,0.0,0,255,1.0,0.0,0.0,0.05300445484817973,0.0,0.0,0.012722533139602681,0.0,tcp,http,SF
737,546,0,31512,0,0,0,1,0,0,0,0,0,0,0,0,0,0,0,0,0,0,0.0,0.03821590382522893,0.0,0.0,0.945945694380292,0.0,0.0,26,0,1.0,0.07405437858779795,0.1294264693338524,0.0,0.058188738296714795,0.029413090739420455,0.0012958954860823792,0.04798002010535485,udp,private,SF
738,0,804881,30880,0,0,0,0,0,1,0,0,0,0,1,0,0,0,0,0,19,25,0.0,0.0,0.11795448000717007,0.0,1.0,0.012148769600973748,0.12114102377811595,178,124,0.9322431349488964,0.09559499357390326,0.1476089089431044,0.0,0.06126180793453584,0.0,0.0,0.0,tcp,http,SF
739,0,455671,0,0,0,0,0,0,0,0,0,0,0,0,0,0,0,0,0,229,189,0.0,0.0,0.0,0.0,1.0,0.006429964892820789,0.0,73,114,0.41818609002558604,0.07746987362434839,0.0,0.019536001384592567,0.0,0.0,0.0,0.0,udp,domain_u,SF
740,673,0,0,0,0,0,0,0,0,0,0,0,2,1,0,0,0,0,0,21,0,0.0,0.0,1.0,0.6503707780053248,0.9793262441851481,0.06020385166712758,0.0,32,255,0.8534160077582059,0.024847840784942694,0.23059394272368533,0.15989192978810293,0.0,0.0487197665751421,0.8436389408133319,1.0,tcp,http,REJ
741,798,212057,0,0,0,0,2,0,0,0,0,0,0,1,0,0,0,0,0,9,0,0.0,0.0845774451504771,0.023005186293966914,0.03757527317972057,0.8802265594911431,0.11639384100399207,0.0,101,88,0.919505507047815,0.032949164712875297,0.05487297922883755,0.0,0.0,0.03921626970041261,0.092083268673748,0.0,udp,private,SF
742,0,0,0,0,0,0,0,0,0,2,0,0,3,1,0,0,0,0,0,36,0,0.07417121337633086,0.07352126869111358,1.0,0.9805320512349927,1.0,0.0,0.0,0,223,1.0,0.025233949188735016,0.44808819616942813,0.1433656571249117,0.0,0.03630533797993548,1.0,1.0,tcp,http,REJ
743,0,0,0,0,0,0,2,0,1,4,0,0,0,0,0,0,0,0,0,5,0,0.0,0.0,0.0031480853407911177,0.08892958664704918,0.8662937294064141,0.0,0.0,134,79,1.0,0.029031914073047057,0.0,0.0,0.0,0.002704576607377066,0.02758416504689801,0.0,tcp,http,SF
744,67,337633,0,0,0,0,1,0,1,0,0,0,13,0,0,0,0,0,0,0,16,0.05432226712176187,0.0,0.027041847056496027,0.0,1.0,0.0,0.0,200,168,0.7367443311356773,0.18399320110857914,0.0,0.052165188920595115,0.0016877617467514674,0.0,0.1532951848516304,0.0,tcp,smtp,SF
745,625,379700,8800,0,0,0,0,0,0,0,0,0,4,1,0,0,0,0,0,21,0,0.0,0.03439150319604837,0.9766981773541028,0.8887210706789761,0.9523198142005267,0.047472172011514165,0.031823863947090594,0,255,1.0,0.0,0.1704267190230336,0.10833885924571955,0.0,0.0018909675729309153,1.0,1.0,tcp,http,REJ
746,1211,342479,26402,0,0,0,0,0,0,0,0,0,17,0,0,0,0,0,0,41,32,0.0,0.024201462401050793,0.0,0.0786674066308201,1.0,0.0,0.11718151945123702,13,13,0.8062648951172292,0.06687007021556873,0.0,0.06427992787381928,0.0,0.015859637022835427,0.0,0.03497173813773093,udp,private,SF
747,357,0,0,0,0,0,1,0,1,0,0,0,0,0,0,0,0,0,0,36,0,0.0,0.055348100381140006,0.03454698500367467,0.0,1.0,0.17241963929451623,0.0,255,136,0.32936128423581384,0.0,0.11788802514116727,0.02872820917651431,0.0,0.0,0.049925338246379916,0.23189895196421784,tcp,smtp,SF
748,0,0,0,0,0,0,0,0,1,0,0,0,11,0,0,0,0,0,0,27,0,0.0,0.0,0.10422821696569143,0.086730453525282,0.9279336459400469,0.2041211962367416,0.0,204,206,0.7582075335318396,0.007308869572123689,0.0003436988346659786,0.0706769047046572,0.004278748593180751,0.0,0.2184288378573886,0.6956923119833183,tcp,http,SF
749,0,245504,0,0,0,0,0,0,0,4,0,0,0,0,0,0,0,0,0,0,2,0.08800636364094763,0.032191985724308904,0.0,0.003391382547248079,0.9418259279100253,0.0,0.0,132,13,1.0,0.013480753503186643,0.0,0.0,0.0,0.014323118575179511,0.0,0.0,udp,private,SF
750,8,128181,30323,0,0,0,1,0,0,0,0,0,2,0,0,0,0,0,0,182,240,0.0,0.0,0.15667538961685312,0.19029096536505571,0.875868177470787,0.0,0.0,195,56,0.765077804472261,0.0,0.0,0.0,0.0,0.0056758715874239505,0.0,0.042446060857553015,udp,domain_u,SF
751,0,0,8726,0,0,0,0,0,0,0,0,0,0,0,0,0,0,0,0,0,0,0.0,0.02772596139217923,1.0,1.0,1.0,0.04801829997738398,0.1328734029447892,30,240,0.9177185203962781,0.05628416656974315,0.08923185458440203,0.16070919954309473,0.0,0.02689356640198791,0.95319588880325,1.0,tcp,http,REJ
752,0,0,19293,0,0,0,0,0,1,0,0,0,0,0,0,0,0,0,0,5,54,0.023707954498732826,0.0,0.0,0.04152881250729125,1.0,0.15414923017493795,0.0,234,243,1.0,0.09592050328875772,0.11760483845942762,0.0,0.052761783483642195,0.04423567131138062,0.08457056443737525,0.02117077827429774,tcp,http,SF
753,1376,37271,0,0,0,0,1,0,0,0,0,0,0,0,0,0,0,0,0,47,30,0.0,0.08456281798391296,0.9537463978726332,1.0,0.9674819317683275,0.0,0.0,36,53,0.9379749786854139,0.0,0.08820991479455419,0.21606532730155245,0.0,0.02487189053331509,0.8587126949108985,1.0,tcp,http,REJ
754,1199,353161,62220,0,0,0,0,0,0,11,0,0,0,0,0,0,0,0,0,0,27,0.0073273956186996935,0.019905563127690255,1.0,0.792341209853559,0.9819759854068307,0.13940573335424997,0.0,21,228,1.0,0.021401403020817833,0.023121088714899464,0.12356328435705694,0.014772265638358855,0.0,0.754893979172921,1.0,tcp,http,REJ
755,763,0,0,0,0,0,2,0,1,0,0,0,0,0,0,0,0,0,0,65,40,0.0,0.0,0.09547390946786873,0.0,1.0,0.0,0.13607367800259054,234,255,0.9643787105475369,0.055534455139086336,0.0,0.023901091654795276,0.008329051280250722,0.0,0.07862678464124737,0.0,tcp,http,SF
756,0,209067,5863,0,0,0,0,0,0,5,0,0,0,0,0,0,0,0,0,17,18,0.0,0.006136971028554149,0.965950015503151,0.85658083429904,1.0,0.0,0.03878960659176424,46,192,1.0,0.0,0.00960366954705295,0.1656829347184365,0.02291004746457378,0.011239562796793097,0.815159319027601,1.0,tcp,http,REJ
757,3213,108659,29887,0,0,0,0,0,0,7,0,0,1,0,0,0,0,0,0,0,10,0.0,0.0,0.0,0.19678422505220639,1.0,0.02269236923224307,0.2691968943382926,255,43,0.08938426434097374,0.6922196908546968,1.0,0.0,0.011081921007063188,0.023502547337525524,0.0,0.12944492771145855,udp,other,SF
758,430,245765,0,0,0,0,3,0,1,0,0,0,8,1,0,0,0,0,0,27,0,0.0388183435195555,0.0,0.05649928343648382,0.0,0.8349266758565526,0.07467392681558861,0.04778079772366522,195,95,0.9905951308514412,0.0,0.0,0.0,0.0045422054990708425,0.024922935791691383,0.0,0.0,tcp,http,SF
759,301,285504,0,0,0,0,2,0,0,1,0,0,2,0,0,0,0,0,0,27,31,0.0,0.08564283019023165,0.0355338918520714,0.04754884612775281,1.0,0.0,0.15646211954489203,92,0,0.8523431379541303,0.014583602496498663,0.18918718909706708,0.0,0.03515932486428121,0.0,0.18869486893410037,0.10046507906226484,udp,private,SF
760,840,23294,6578,0,0,0,1,0,1,4,0,0,8,0,0,0,0,0,0,19,0,0.0,0.07113067681073712,0.0,0.0,1.0,0.03300839076418058,0.0,18,0,0.4284323425939066,0.0636170559841196,0.0,0.0405056164965823,0.04504368511902387,0.0,0.05470585045931356,0.0,tcp,smtp,SF
761,434,0,101064,0,0,0,0,0,1,1,0,0,0,0,0,0,0,0,0,0,0,0.007867363447615534,0.0,0.011112100895218609,0.0,0.907821024842634,0.08111550995291635,0.0,178,212,0.2501238349000553,0.05303291403347028,0.22422385415923213,0.0,0.06371810570231995,0.029296700651931712,0.024600194183940525,0.0,tcp,smtp,SF
762,497,0,10497,0,0,0,0,0,0,2,0,0,0,1,0,0,0,0,0,15,22,0.00386414738067397,0.031139285671150693,1.0,1.0,0.9231417233991444,0.08961865459272049,0.0,98,162,0.9143611665618402,0.05945943932737668,0.0,0.25024501635232044,0.0,0.010967911482322198,1.0,1.0,tcp,http,REJ
763,428,291117,56142,0,0,0,2,0,0,0,0,0,5,0,0,0,0,0,0,0,33,0.027887507762383894,0.09127275746791301,0.1626880148334805,0.0756952222434872,0.9839173924965076,0.0,0.0,98,18,0.9587387383901294,0.02978102058336771,0.11275507923749505,0.005811094992557586,0.011489423798201849,0.00817570857020252,0.0399802423385884,0.0,udp,private,SF
764,229,0,42160,0,0,0,0,0,0,4,0,0,2,0,0,0,0,0,0,246,243,0.0,0.055032330619682,0.0,0.021300464580582375,0.9011939115333881,0.0,0.0,237,255,1.0,0.0,0.0,0.0,0.0,0.0,0.18045453504015666,0.0,udp,domain_u,SF
765,0,0,12974,0,0,0,0,0,0,0,0,0,0,0,0,0,0,0,0,0,25,0.0,0.0,0.0,0.1392090567395594,0.9411947027266622,0.07738171351168018,0.13688982714286996,137,87,0.8137178134490809,0.12139070812371103,0.3618079864410697,0.019706997393994015,0.0,0.060987876692837686,0.0,0.06209912854714787,udp,private,SF
766,66,0,0,0,0,0,2,0,1,2,0,0,7,0,0,0,0,0,0,0,0,0.02050123573752065,0.0,0.16716321883639737,0.11821717450918362,0.9660146380450633,0.0333605129618775,0.004422394889361481,233,184,0.39439560353873643,0.0,0.088789575812512,0.013031395214573752,0.0,0.007233284623006486,0.04647268529794204,0.0,tcp,smtp,SF
767,0,573644,36941,0,0,0,0,0,0,6,0,0,0,0,0,0,0,0,0,31,0,0.0,0.0,1.0,0.980066657405946,1.0,0.04324052261204079,0.0,0,236,0.5250569758172603,0.0,0.0,0.11493714396410488,0.0341281181411755,0.0,1.0,1.0,tcp,http,REJ
768,0,282474,0,0,0,0,2,0,1,4,0,0,0,0,0,0,0,0,0,0,0,0.04308651741120662,0.03447136155409346,0.040721798517595255,0.11091906194851868,0.9479605311189495,0.0,0.050820673345436926,212,53,0.694946022876505,0.0,0.0,0.053839826151424706,0.0,0.007235107230332082,0.08820723833304116,0.0,tcp,smtp,SF
769,1130,251988,55804,0,0,0,0,0,0,2,0,0,4,0,0,0,0,0,0,0,27,0.000799458808048202,0.05529701136519032,1.0,0.9682989976019057,0.9670715909909748,0.046863167709004803,0.00633889835514719,0,213,1.0,0.0,0.2872369379969537,0.06628362551357769,0.030991198649919744,0.0,1.0,1.0,tcp,http,REJ
770,1161,320482,10998,0,0,0,1,0,1,4,0,0,0,0,0,0,0,0,0,0,14,0.0,0.05560226984056032,0.033320435520912996,0.0,1.0,0.0,0.19041167520064453,0,255,1.0,0.0,0.11375327860208777,0.08653535380932943,0.0,0.0,0.0,0.10947594239357311,tcp,http,SF
771,913,188757,0,0,0,0,2,0,0,5,0,0,0,0,0,0,0,0,0,30,0,0.0,0.03119087607620112,0.9075432799996788,0.8779331691404955,0.8701042440004648,0.018159075629423486,0.0584578720363837,37,255,1.0,0.03991753597340285,0.2742463257004186,0.14452928690776962,0.0,0.008674895594091606,1.0,1.0,tcp,http,REJ
772,171,0,0,0,0,0,0,0,0,10,0,0,0,1,0,0,0,0,0,0,3,0.0,0.015676702246009047,0.8665485475198242,1.0,1.0,0.008209202033371114,0.0,0,252,1.0,0.0,0.5199370962135292,0.09321585580738712,0.0,0.0,1.0,0.8846194798001052,tcp,http,REJ
773,907,0,22796,0,0,0,0,0,0,0,0,0,0,0,0,0,0,0,0,32,2,0.0,0.0,0.8655764097618831,0.9695918022614212,1.0,0.008716568426665077,0.09365702855448466,32,227,0.9112922617865302,0.08624904530163409,0.4593932515154047,0.10830128787490748,0.03181650442570328,0.0029943579417124194,0.8640176682455152,0.7992761839728959,tcp,http,REJ
774,8,0,0,0,0,0,0,0,1,1,0,0,0,0,0,0,0,0,0,33,23,0.0366875791040231,0.01422460473456126,0.00046345631635865206,0.0,1.0,0.05737641048902558,0.0,196,255,0.9934648510559847,0.08225347045273695,0.13836997181809038,0.0,0.0,0.0,0.09472374791702731,0.0,tcp,http,SF
775,2775,862499,25029,0,0,0,1,0,0,6,0,0,8,0,0,0,0,0,0,0,0,0.0,0.0,0.0,0.054939552809708185,0.9630871324588208,0.0,0.024829151969239106,255,21,0.0487531992259585,0.7373161691211803,0.8899713522385355,0.0,0.0,0.0,0.15264701626546215,0.0,udp,other,SF
776,0,181995,0,0,0,0,0,0,0,0,0,0,2,0,0,0,0,0,0,200,195,0.014733563768315592,0.0233664272705638,0.0,0.0,0.9115981434129643,0.059718012115724216,0.16561073342935614,2,0,0.7263279577252267,0.0,0.01680340348941837,0.010550427912145225,0.02928388236828955,0.017804312888841236,0.0800340651500585,0.0,udp,domain_u,SF
777,267,0,0,0,0,0,0,0,0,0,0,0,7,1,0,0,0,0,0,0,5,0.0,0.0,0.9891269576078333,0.9697348404951968,1.0,0.001516744757904204,0.0,106,116,1.0,0.09240517274456404,0.0,0.1819858294457624,0.0,0.0,0.938283716213005,0.9340367046127316,tcp,http,REJ
778,41,152404,0,0,0,0,0,0,0,3,0,0,4,0,0,0,0,0,0,283,227,0.0,0.023083305196279588,0.08726081088272496,0.0,0.936939459875923,0.0,0.0,231,255,1.0,0.0,0.0,0.0,0.008898856349433517,0.01261138118316229,0.0,0.03122288251610491,udp,domain_u,SF
779,0,0,2780,0,0,0,2,0,1,0,0,0,0,0,0,0,0,0,0,0,0,0.06395892596708169,0.05886877015280952,0.0,0.0,0.9177573070145912,0.0,0.0,255,252,1.0,0.10817644841571585,0.0,0.0,0.0,0.004917914479289541,0.06259494814754062,0.0,tcp,http,SF
780,0,492643,0,0,0,0,1,0,1,0,0,0,0,0,0,0,0,0,0,0,0,0.0,0.016780335084415888,0.0,0.2764651168156149,1.0,0.13871705123815883,0.0,96,255,0.9689495382846136,0.0,0.0,0.0402249559783093,0.0006785785206299768,0.004265796412396137,0.1846070661332152,0.5502007324146005,tcp,http,SF
781,0,34224,43113,0,0,0,0,0,1,3,0,0,0,0,0,0,0,0,0,2,1,0.0,0.014613876449657935,0.0,0.16851878498644296,0.9455811955401914,0.0,0.15620655530991426,210,0,0.7652211412289711,0.02098911403745847,0.07999220066840389,0.014268231803683685,0.0,0.0,0.0,0.0,tcp,smtp,SF
782,1207,167750,0,0,0,0,0,0,1,10,0,0,0,1,0,0,0,0,0,0,14,0.0,0.040622643356205045,0.09366362224599845,0.07086258802223996,1.0,0.0,0.0,0,189,0.7302170737887621,0.005776719585320744,0.0,0.07525173514499063,0.0,0.006194804050179712,0.020438669960896813,0.0,tcp,http,SF
783,605,349001,11062,0,0,0,2,0,0,0,0,0,0,0,0,0,0,0,0,0,0,0.0,0.07876621544575417,0.0,0.02445879133819817,0.9804761730617441,0.0,0.0,0,0,0.7386237764037251,0.0,0.1348792454883294,0.022831593245852034,0.0,0.0,0.0718453694882062,0.0,udp,private,SF
784,8,126151,3136,0,0,0,0,0,1,7,0,0,7,0,0,0,0,0,0,25,0,0.06851827897350729,0.0,0.02846828754580877,0.11440236702612165,1.0,0.07995808843029058,0.0,141,241,1.0,0.0,0.0,0.07405775606305433,0.0,0.027441688266240685,0.25717954570839135,0.6661134102743669,tcp,http,SF
785,167,31153,0,0,0,0,0,0,1,0,0,0,7,0,0,0,0,0,0,8,0,0.0,0.023181454253226107,0.15795177091676874,0.024695462949755685,1.0,0.07426085249309555,0.22967360246456434,255,255,0.8916258058858395,0.0,0.0038692070037677113,0.002091593169300426,0.03520011403575376,0.0,0.0,0.0,tcp,http,SF
786,30,3840,0,0,0,0,0,0,1,0,0,0,16,0,0,0,0,0,0,45,28,0.0,0.06723817479961128,0.2891778728539161,0.08268980454928013,0.97141751814808,0.06011616303443648,0.11937579371170788,59,255,0.9874072161509984,0.19031397132315703,0.02875654442092725,0.029799445073155434,0.0,0.0,0.0,0.0,tcp,http,SF
787,0,0,1182,0,0,0,0,0,1,12,0,0,0,0,0,0,0,0,0,0,45,0.0,0.029778183545537715,0.06513122541022096,0.05657698470843676,1.0,0.0,0.03223868362614112,198,255,1.0,0.0,0.0,0.02093648043160344,0.0,0.021629774671722942,0.2005582693003696,0.5928703925697434,tcp,http,SF
788,0,0,69828,0,0,0,0,0,1,0,0,0,12,0,0,0,0,0,0,0,0,0.0,0.0,0.05505920608712791,0.013008036361039277,0.9520813146794233,0.05517744035962856,0.13085556678774332,180,220,0.9796817911167597,0.0,0.16446080922488612,0.04590727309362456,0.0,0.0,0.25288616948414144,0.5005099152716327,tcp,http,SF
789,0,0,24344,0,0,0,29,0,1,1,0,0,12,0,0,0,0,0,1,0,20,0.012775360758786205,0.0,0.0,0.09530267833896855,0.9764290638104346,0.0,0.0,37,9,0.1656359676252177,0.09686599433918622,0.0,0.032157605474419496,0.041206090077910505,0.0,0.0,0.12846419527979835,tcp,ftp,SF
790,0,496489,0,0,0,0,1,0,1,5,0,0,0,0,0,0,0,0,0,0,0,0.0,0.03341557132440041,0.0374802321450283,0.0,1.0,0.015983079456564835,0.2738424401037473,228,122,0.8030926564728307,0.0,0.0995733554641175,0.05014653403604755,0.0,0.0,0.07180728984606657,0.0,tcp,smtp,SF
791,0,0,0,0,0,0,0,0,1,0,0,0,3,0,0,0,0,0,0,55,17,0.0,0.0,0.00630529150024873,0.005924367573353936,1.0,0.0,0.0,192,245,0.6633783470763259,0.0,0.10121394680893311,0.0,0.07852904926862338,0.03066416236960548,0.27223776164955005,0.004622398894632633,tcp,smtp,SF
792,343,0,25685,0,0,0,0,0,0,0,0,0,9,0,0,0,0,0,0,276,304,0.014124519130106657,0.06408465569561743,0.09074697706313885,0.0,0.950398989719748,0.019613734436795257,0.1697684226316326,219,255,0.94438289177789,0.0,0.0,0.03752614304147296,0.05663700333326054,0.0023991093496797664,0.005866277628415718,0.04363377553020612,udp,domain_u,SF
793,263,0,0,0,0,0,0,0,0,0,0,0,0,0,0,0,0,0,0,0,0,0.006375691598291252,0.08266326528950504,0.0,0.0,0.8868843079798691,0.0,0.07450808190522118,76,45,0.6709025347067661,0.04886617771814789,0.0,0.0,0.06565292212992997,0.008485378563069372,0.11629198097629943,0.0,udp,private,SF
794,0,360197,39905,0,0,0,0,0,0,12,0,0,0,0,0,0,0,0,0,171,227,0.01647952440352439,0.0,0.020414124341371874,0.0,0.9886273488928459,0.14732249745647297,0.03570071151861777,85,150,0.5994814753245088,0.0,0.0,0.0,0.044589113232683664,0.008589077181036202,0.0,0.0,udp,domain_u,SF
795,0,221127,0,0,0,0,2,0,0,0,0,0,0,0,0,0,0,0,0,0,0,0.0,0.0,1.0,1.0,0.9464650172833978,0.11887582209506399,0.16413284132571318,74,222,1.0,0.04146749960102401,0.6628228414340847,0.056016087728091135,0.0,0.0519387715648939,0.8685364181667994,0.7794482597164746,tcp,http,REJ
796,669,183629,13888,0,0,0,0,0,1,0,0,0,0,0,0,0,0,0,0,0,8,0.014104500306469715,0.0,0.19309312046916,0.07414111013798098,1.0,0.0,0.13460214559571074,229,255,0.930576477076606,0.0,0.06271396463875518,0.0,0.0024159763878131113,0.0,0.21980049739114185,0.07520638648441606,tcp,http,SF
797,718,0,30953,0,0,0,0,0,1,0,0,0,1,0,0,0,0,0,0,22,0,0.0,0.0,0.1590449322239391,0.11000960208639696,0.9690052842170231,0.04240532735596366,0.014503442747352623,160,222,0.4035351632218103,0.025511877594213833,0.027679755243176535,0.0,0.0,0.0,0.0,0.17603342105941683,tcp,smtp,SF
798,689,187878,0,0,0,0,0,0,1,0,0,0,0,0,0,0,0,0,0,0,8,0.03471478708119369,0.06834406182208869,0.12876712133109966,0.0,0.9471681768228262,0.0,0.0,103,191,0.922582974741369,0.0,0.0,0.08424992090312375,0.0386081079866551,0.0008731550352457113,0.38246999447259383,0.788377448232843,tcp,http,SF
799,26,0,0,0,0,0,2,0,1,8,0,0,0,0,0,0,0,0,0,0,0,0.0,0.0,0.07395237311228511,0.04458571128821264,0.9802566684852622,0.006159527589890055,0.016616757382026247,135,255,0.9008712201982505,0.0,0.25050403094081625,0.07603668371076161,0.0,0.009411073675098375,0.02109538891911058,0.12238013362234303,tcp,http,SF
800,0,165621,1213,0,0,0,0,0,1,0,0,0,3,0,0,0,0,0,0,0,14,0.0,0.033032408519937835,0.0,0.0,0.9945940343209653,0.0,0.0,79,0,0.5791315346037474,0.0,0.0,0.0,0.0,0.023221156259726955,0.11591279815431879,0.0,tcp,smtp,SF
801,0,321364,19246,0,0,0,1,0,1,0,0,0,0,0,0,0,0,0,0,19,49,0.0048072215809929625,0.0617480666590686,0.07389332585615795,0.07475547551297233,1.0,0.0,0.04781139609300684,253,233,0.6265985879760175,0.04843366676556975,0.027788445843235886,0.01423247933459245,0.08637298764523939,0.023957986536929418,0.0,0.0,tcp,smtp,SF
802,238,298369,957,0,0,0,0,0,1,0,0,0,6,0,0,0,0,0,0,0,0,0.06560689193531674,0.03644898027815709,0.0,0.0,1.0,0.0,0.13784469600899094,136,104,0.8782151763340922,0.0,0.07389251002135344,0.04235631355350293,0.0,0.0,0.0,0.13335188712528606,tcp,smtp,SF
803,255,0,33952,0,0,0,1,0,0,0,0,0,4,1,0,0,0,0,0,0,8,0.004219911582537278,0.01941888774396071,0.9790263092724868,0.9659158004614917,1.0,0.08495889879338293,0.06328663614720914,31,255,1.0,0.09757865419966319,0.03375110032210424,0.13615982377735725,0.0,0.0,0.9351004882811351,1.0,tcp,http,REJ
804,865,0,0,0,0,0,1,0,1,0,0,0,0,0,0,0,0,0,0,0,33,0.009154105209133442,0.0,0.18087073279444102,0.0,1.0,0.12254420016993625,0.024969203417161086,152,255,0.7195981423317455,0.0,0.0,0.06166169627652544,0.0,0.0728564205756442,0.51966578036314,0.6864778075816855,tcp,http,SF
805,739,35819,0,0,0,0,0,0,1,0,0,0,0,0,0,0,0,0,0,64,0,0.018255640832422863,0.08226517592298255,0.05471595492149045,0.0,0.9504546183443671,0.12419752996159698,0.0,255,255,1.0,0.0,0.0,0.0,0.049343719594407316,0.0,0.03121260216384082,0.07744692408622553,tcp,http,SF
806,0,565181,69681,0,0,0,1,0,1,0,0,0,0,1,0,0,0,0,0,40,48,0.060922783416630134,0.0,0.02308858539263307,0.00031401206960728685,0.9877563137608247,0.08507032181980231,0.04384936847902563,194,255,0.9935622311649371,0.016677552743089966,0.11974261945571553,0.14707745681644752,0.008649822565867889,0.002540777880186042,0.5025969561308787,0.568761944593571,tcp,http,SF
807,0,0,0,0,0,0,0,0,0,0,0,0,5,0,0,0,0,0,0,239,185,0.0,0.042191326195041366,0.03617791949284632,0.017648020256773776,1.0,0.01605330599415298,0.0,92,58,0.8124665559354217,0.0,0.0,0.050070971363609273,0.021117556392019104,0.036662407426833354,0.0,0.16494144735795227,udp,domain_u,SF
808,0,94843,0,0,0,0,1,0,1,0,0,0,1,0,0,0,0,0,0,0,10,0.0,0.0,0.0,0.0,1.0,0.028519186541892675,0.0,11,237,0.9748616060378155,0.0,0.0,0.04011176744812158,0.010870580230830772,0.0,0.0696956608967337,0.0,tcp,http,SF
809,146,0,0,0,0,0,0,0,0,1,0,0,2,0,0,0,0,0,0,0,0,0.0,0.0,0.780740391345786,0.9481633664231758,1.0,0.028162214622351554,0.08188138591985597,88,252,0.9702326991811928,0.0,0.004902278752217354,0.18957812407077063,0.0,0.037517032276381895,0.8746421356598529,0.8452082662231871,tcp,http,REJ
810,0,0,2671,0,0,0,0,0,1,2,0,0,4,0,0,0,0,0,0,0,5,0.03229194581703089,0.0,0.0,0.016248326119557076,0.9251217952429749,0.0,0.11955673068786203,155,143,1.0,0.19604435379166782,0.0,0.0,0.0,0.0,0.0029070675057740617,0.07701416643173802,tcp,smtp,SF
811,0,0,0,0,0,0,0,0,0,0,0,0,0,0,0,0,0,0,0,16,1,0.010851911472361588,0.0,1.0,1.0,1.0,0.08416451866618216,0.0,0,245,0.8277807156016038,0.0,0.31027210102849967,0.05478199380573226,0.0,0.0531251679635347,1.0,0.7839878058469002,tcp,http,REJ
812,170,0,0,0,0,0,0,0,0,0,0,0,0,0,0,0,0,0,0,228,217,0.0,0.0,0.0,0.0,0.9866116699404831,0.06068247522157165,0.027146540185991788,0,42,0.7485314109126235,0.07259732026001894,0.10786744527530662,0.0,0.014498055076091613,0.013224515348717516,0.0,0.0,udp,domain_u,SF
813,0,0,0,0,0,0,0,0,0,14,0,0,7,0,0,0,0,0,0,11,0,0.0,0.0,0.0,0.04966903745430566,0.9317520873414071,0.05409370664278744,0.05000887464846251,0,0,0.8502947114435857,0.09579293462509302,0.18285818051216512,0.0,0.0,0.0,0.0,0.08438674175892728,udp,private,SF
814,2217,2504,6199,0,0,0,0,0,0,14,0,0,5,0,0,0,0,0,0,0,0,0.008791751857992346,0.027841946294902234,0.0,0.0,0.9849965958391362,0.0,0.09203732329491761,255,0,0.0,0.5919231127548537,1.0,0.0,0.0,0.06332757492224134,0.08080408889783897,0.0,udp,other,SF
815,209,0,0,0,0,0,0,0,1,0,0,0,0,0,0,0,0,0,0,0,18,0.010196355620089805,0.032794787609013554,0.0,0.0,1.0,0.033252932646293594,0.0,255,196,0.895568851793671,0.012100550992392909,0.0,0.0,0.0,0.01749623833384713,0.011190488479895452,0.04366629026357854,tcp,http,SF
816,0,0,66331,0,0,0,0,0,1,0,0,0,3,0,0,0,0,0,0,24,49,0.023328438324070725,0.0,0.0,0.0,1.0,0.07386105922358567,0.0,35,108,1.0,0.0,0.10442369398012177,0.09430441348556132,0.061091845056117026,0.0,0.47513309103641244,0.5670745923941478,tcp,http,SF
817,171,267469,0,0,0,0,0,0,1,0,0,0,9,0,0,0,0,0,0,21,20,0.0,0.0,0.0939621452591525,0.0,0.9107617927616192,0.0,0.052293237253164204,149,141,0.6849751072514683,0.0,0.09915030235864097,0.03196193884497751,0.0,0.0,0.0,0.15391017456442588,tcp,smtp,SF
818,184,246460,20362,0,0,0,0,0,0,7,0,0,8,0,0,0,0,0,0,203,254,0.0,0.0,0.11435080946424553,0.0,0.9013139949217954,0.0,0.26449612659286853,93,72,0.7168580747318163,0.0,0.0,0.0,0.0,0.020260721453172086,0.006716601352010627,0.043951414546931085,udp,domain_u,SF
819,0,526565,0,0,0,0,0,0,1,0,0,0,0,0,0,0,0,0,0,5,18,0.0,0.011317158820872381,0.0,0.1062181720294541,0.9092707230108504,0.0,0.0,191,0,0.7633697788330639,0.08293495115803257,0.0,0.0,0.07993439120216014,0.04019953681735218,0.030936657300154113,0.10320871697049772,tcp,smtp,SF
820,0,0,0,0,0,0,0,0,1,2,0,0,0,0,0,0,0,0,0,20,35,0.0,0.06130676802524452,0.031193551402278002,0.0,0.9461395941114176,0.0,0.0,0,255,1.0,0.17034758688592783,0.13996066109234856,0.01793733015031098,0.0,0.011241836372694072,0.0,0.0,tcp,http,SF
821,967,348429,0,0,0,0,0,0,1,13,0,0,0,0,0,0,0,0,0,8,22,0.0,0.06133781193372064,0.0,0.0,1.0,0.011335231860209159,0.0,142,66,0.4490421010773942,0.0,0.04444841768673189,0.08335408334592803,0.0,0.009586524119909247,0.0,0.0,tcp,smtp,SF
822,0,221490,51570,0,0,0,4,0,1,0,0,0,0,0,0,0,0,0,0,24,49,0.07631767972164794,0.0,0.005737294909339591,0.02119554804489158,0.9170835129868175,0.0,0.32593571929728776,242,201,0.7467482331330397,0.013904889088832256,0.07744348072482449,0.02109702494761417,0.0,0.04526900981213153,0.0,0.0,tcp,http,SF
823,1217,0,0,0,0,0,1,0,0,5,0,0,11,0,0,0,0,0,0,18,39,0.0,0.08859265076052006,0.09695812701571149,0.0005283838789234414,0.9684639455154729,0.0,0.0,255,0,0.2580837671345304,0.7000074722049545,0.8861812475715367,0.04771188382568013,0.0,0.017378271296229365,0.0,0.05879399065456575,udp,other,SF
824,0,3002,26425,0,0,0,0,0,0,3,0,0,0,0,0,0,0,0,0,3,0,0.022836174763177064,0.0,0.9931808796261192,0.9930833060654912,1.0,0.11229447135397413,0.0,12,255,1.0,0.0,0.10429495770110139,0.2095866135666334,0.0,0.0,0.9916977591285635,1.0,tcp,http,REJ
825,20,0,0,0,0,0,1,0,1,0,0,0,0,0,0,0,0,0,0,18,43,0.04409657664459507,0.0,0.1338132514319853,0.025742194435822013,1.0,0.0,0.0,37,210,1.0,0.09072241432180402,0.10906459410514059,0.017953304412287076,0.07419136724563231,0.0,0.0,0.11060254292093656,tcp,http,SF
826,21,603233,0,0,0,0,0,0,1,7,0,0,0,0,0,0,0,0,0,7,17,0.0480087052264929,0.0,0.08511969225707125,0.0,1.0,0.0,0.0,119,119,1.0,0.14159684416054796,0.0,0.027502790143885417,0.03319610089590299,0.016136267153385935,0.0,0.05251800010534605,tcp,http,SF
827,0,630106,0,0,0,0,0,0,1,0,0,0,0,0,0,0,0,0,0,0,1,0.013478508230917181,0.0,0.024544148078024373,0.0,0.8678479798877909,0.12442678205209128,0.0,118,255,0.8284991339214447,0.0,0.0,0.04974703305964978,0.0,0.014584009123694444,0.3895977919055693,0.5091373783496033,tcp,http,SF
828,816,0,46433,0,0,0,0,0,1,9,0,0,0,0,0,0,0,0,0,0,0,0.06417156961519169,0.014849288461447853,0.0,0.09995860803439062,1.0,0.0,0.07676801654222445,255,217,0.5933889436111932,0.1117845914426273,0.0,0.03464954696789456,0.0,0.031598938606677354,0.0,0.04465786864122015,tcp,http,SF
829,0,820211,0,0,0,0,0,0,1,0,0,0,0,1,0,0,0,0,0,16,0,0.08670559838502495,0.0,0.0,0.0,1.0,0.0048686159765962125,0.0957133473257774,128,242,0.4181026687639163,0.06476348152135489,0.0,0.037759455775392935,0.03301648867318553,0.01070638804115997,0.06735152252692654,0.01652558837340416,tcp,smtp,SF
830,273,0,0,0,0,0,0,0,1,0,0,0,8,0,0,0,0,0,0,0,0,0.0,0.0,0.0,0.06045060243879327,1.0,0.0,0.0,87,174,0.5244565566319797,0.0,0.2266240682850686,0.0,0.0,0.01974632196222343,0.0,0.12214148306983465,tcp,smtp,SF
831,1053,321081,0,0,0,0,0,0,0,0,0,0,0,0,0,0,0,0,0,24,0,0.02175524693682547,0.0,0.0,0.12405923694962118,1.0,0.05183756746562923,0.19030439435200014,29,19,0.85888027537663,0.041019717235559416,0.0,0.01350610141265676,0.0,0.01011075407466391,0.0,0.0,udp,private,SF
832,0,321591,0,0,0,0,1,0,1,0,0,0,18,0,0,0,0,0,0,0,0,0.06202675003741073,0.0,0.10119079754242956,0.08571787074407602,1.0,0.0,0.0,229,255,0.9342364418905102,0.15600961663710625,0.0021458252788798936,0.0,0.06457410335505402,0.02800596937787835,0.16999302112430517,0.0,tcp,smtp,SF
833,0,0,0,0,0,0,0,0,0,0,0,0,0,0,0,0,0,0,0,23,23,0.0,0.0,0.1539513967611321,0.0,0.8624162574835175,0.0,0.0,37,113,1.0,0.023282734944234672,0.2701155533410285,0.0,0.0,0.021662659095377623,0.0,0.03814746030462196,udp,private,SF
834,0,161751,0,0,0,0,0,0,1,0,0,0,12,0,0,0,0,0,0,36,1,0.0,0.04517717401435154,0.0,0.0,0.9549064150770373,0.003998784735795703,0.0,28,177,0.5872206154458237,0.04755205386971879,0.0,0.01787862941483884,0.0,0.0,0.12573856444078518,0.13588188883975016,tcp,http,SF
835,0,0,0,0,0,0,0,0,1,0,0,0,10,0,0,0,0,0,0,30,10,0.0,0.08023454333458821,0.006935017550609071,0.10549049917838549,0.9730477502215258,0.0,0.0,77,236,1.0,0.014603186832072528,0.094096764057013,0.11044591775803378,0.029055186571900822,0.0,0.5199761404120935,0.5908409615807012,tcp,http,SF
836,0,182519,0,0,0,0,0,0,1,0,0,0,0,1,0,0,0,0,0,0,0,0.022411897110517276,0.08298522278605715,0.0,0.052981382354306786,0.9020574792739101,0.025235690855204274,0.0,255,235,0.40385029408799356,0.10719310231992113,0.0,0.0,0.0,0.009407748543803732,0.0,0.07733383813218664,tcp,smtp,SF
837,959,75499,0,0,0,0,0,0,0,5,0,0,0,0,0,0,0,0,0,12,10,0.0,0.030570060242125215,0.9006552766550056,1.0,1.0,0.05775693619947342,0.0,72,76,1.0,0.03420134710786184,0.08114553471971614,0.17711050764514508,0.05979399836080981,0.003255026880475679,0.9349997936603562,1.0,tcp,http,REJ
838,1234,391796,43525,0,0,0,2,0,1,3,0,0,0,1,0,0,0,0,0,24,19,0.06984614820266506,0.0,0.02642619550315672,0.0,1.0,0.033193335283431484,0.0655134728698577,255,255,1.0,0.09864657470061738,0.29725804869233496,0.0,0.0,0.03817121886290594,0.0,0.0,tcp,http,SF
839,0,24678,14068,0,0,0,0,0,0,0,0,0,0,0,0,0,0,0,0,0,0,0.02595220226033654,0.0,0.9472454131655959,0.9375144769938152,0.9992223572481369,0.13068219273789788,0.19679732387986468,48,178,1.0,0.0,0.13078401372436116,0.2128065331521036,0.0,0.006155084448495082,1.0,1.0,tcp,http,REJ
840,3919,0,6640,0,0,0,2,0,0,0,0,0,0,0,0,0,0,0,0,48,0,0.028681849279213127,0.03364238078180954,0.0,0.0070264631118333075,1.0,0.0,0.10837933112860076,184,32,0.0,0.6668869160848794,1.0,0.013756399890287723,0.0,0.0,0.037030139914769715,0.010559015517101379,udp,other,SF
841,24,362487,0,0,0,0,0,0,1,0,0,0,0,0,0,0,0,0,0,76,0,0.0,0.0,0.1748188141811175,0.0,0.999169313002921,0.03661880505072158,0.007584293614630837,0,255,0.8207635420483904,0.0,0.0,0.09010077993711613,0.0,0.0,0.07525242830359376,0.0,tcp,http,SF
842,1182,190069,0,0,0,0,1,0,0,10,0,0,0,0,0,0,0,0,0,28,17,0.0,0.0183271040493267,0.0,0.08043667787601842,1.0,0.0349638777839744,0.0,31,65,0.6324854728190703,0.0,0.05766456594603461,0.01722243345136076,0.0,0.0,0.13584787718544153,0.0,udp,private,SF
843,0,239523,0,0,0,0,0,0,0,0,0,0,17,1,0,0,0,0,0,23,6,0.07246385599154294,0.08588957684241778,0.8876753587838817,0.9880804086195323,1.0,0.0,0.1487608198208406,28,255,0.9732140467231825,0.0,0.4280159019411487,0.07957620731968511,0.03649406394007818,0.020963932703258352,0.8998323780794037,0.8104853064070292,tcp,http,REJ
844,88,0,2520,0,0,0,0,0,1,0,0,0,0,1,0,0,0,0,0,30,12,0.0,0.009647196645230534,0.01302184370656756,0.0,0.8700129754572431,0.08324444859680458,0.2544918967231568,67,218,0.7763194217003276,0.024627604320365013,0.0,0.07476362742651506,0.0,0.0,0.18268984653037743,0.0,tcp,http,SF
845,246,0,30595,0,0,0,1,0,1,0,0,0,0,1,0,0,0,0,0,0,0,0.0,0.10134679212148216,0.0,0.0,1.0,0.021170042536810006,0.0862102640776945,94,92,0.8855294454429982,0.07287641187910784,0.0,0.05740792653924052,0.0,0.018917408529917572,0.0,0.0,tcp,smtp,SF
846,2135,0,34273,0,0,0,0,0,1,0,0,0,0,0,0,0,0,0,0,16,29,0.010774859657649119,0.0,0.04290218138939544,0.0,1.0,0.0,0.0,57,236,1.0,0.007259564178203947,0.0,0.07465243406306425,0.0,0.0,0.03550771636189691,0.0056556711573893075,tcp,http,SF
847,572,0,23662,0,0,0,0,0,1,2,0,0,0,0,0,0,0,0,0,30,14,0.03301941161846823,0.019906840569219524,0.0,0.0,0.9474697581266212,0.055128795736396716,0.03501233460877715,255,233,1.0,0.06825574970267681,0.0,0.08400246746941395,0.024692474291424148,0.004611536281667185,0.0,0.02755966676956497,tcp,http,SF
848,0,257370,0,0,0,0,0,0,0,1,0,0,0,0,0,0,0,0,0,241,253,0.02584017708152854,0.01395885140600749,0.031961965101685495,0.14388164523618308,0.9629400434692994,0.0,0.0783791667351061,250,255,0.9098091123409386,0.0,0.14251708282308456,0.02685528678654744,0.0,0.012039783312529856,0.0,0.0,udp,domain_u,SF
849,651,319682,1194,0,0,0,2,0,1,9,0,0,0,1,0,0,0,0,0,0,0,0.0,0.0,0.09597341514076137,0.05862819632697916,1.0,0.0,0.0,255,237,0.904849203284487,0.0,0.0,0.009607426284340895,0.0010671642289942092,0.0,0.0,0.0,tcp,http,SF
850,0,0,0,0,0,0,1,0,0,7,0,0,0,0,0,0,0,0,0,257,266,0.05520900288198688,0.03566747861995447,0.0,0.0,0.9022611046049798,0.0,0.11693208482925219,244,255,1.0,0.0,0.024397318799319407,0.0,0.0016690698178045457,0.011490975968834435,0.020533580957933905,0.0,udp,domain_u,SF
851,0,472288,0,0,0,0,2,0,1,16,0,0,6,1,0,0,0,0,0,19,0,0.0,0.06810921854478971,0.0,0.0,0.9875897637288182,0.05400474610518945,0.035662454514721546,181,207,0.6682219090142216,0.1089836614524667,0.0,0.02039325841790217,0.0,0.046922708652368736,0.0,0.0,tcp,smtp,SF
852,610,447902,71011,0,0,0,0,0,0,0,0,0,2,0,0,0,0,0,0,0,64,0.026258130422096435,0.0980017902293973,1.0,0.9729575763081434,1.0,0.0792479858336107,0.15730313631260284,14,248,1.0,0.03144388803131625,0.09808888530093197,0.18869271020740006,0.07782828711071033,0.0,0.978479292099445,0.9443117247219525,tcp,http,REJ
853,21,79881,0,0,0,0,0,0,1,0,0,0,5,0,0,0,0,0,0,1,0,0.006564308251415919,0.018299221242995142,0.0,0.012791681947697552,0.9064851196089654,0.0,0.0,226,170,1.0,0.08648395544356853,0.0,0.03914801485539904,0.0,0.0022202464073158277,0.24975880999460007,0.6965711654640205,tcp,http,SF
854,187,0,0,0,0,0,0,0,0,0,0,0,0,0,0,0,0,0,0,0,10,0.0,0.0,0.0,0.10058029293279169,0.9664142622499828,0.0,0.0,114,164,1.0,0.0,0.2944596151876136,0.04220383845546906,0.032380464680436254,0.007359288610196324,0.0,0.13109550333948675,udp,private,SF
855,9,515864,42578,0,0,0,1,0,1,5,0,0,2,0,0,0,0,0,0,0,18,0.0,0.021222359176516943,0.0,0.17532839157570487,1.0,0.0,0.0,255,255,1.0,0.024003229728696777,0.025209332843009392,0.0,0.058766724860732734,0.002632338430623081,0.0,0.0,tcp,http,SF
856,226,0,0,0,0,0,0,0,1,1,0,0,0,0,0,0,0,0,0,0,46,0.0,0.03301146939746402,0.0,0.18083477263880704,1.0,0.0,0.0032059942994113453,232,150,1.0,0.09255989344870176,0.021188316602127447,0.0,0.0,0.0006984934433507702,0.0,0.0,tcp,http,SF
857,2924,41439,0,0,0,0,2,0,0,4,0,0,7,1,0,0,0,0,0,0,0,0.001568101478313273,0.0,0.0,0.0,0.9940869042903163,0.0,0.0,209,48,0.0,0.6154394391450349,1.0,0.01749697302612206,0.0028025936747477125,0.0,0.0819223110644075,0.0,udp,other,SF
858,0,0,0,0,0,0,2,0,1,0,0,0,2,1,0,0,0,0,0,8,42,0.0,0.009571145861448282,0.0,0.09471878025728062,0.9340777469557392,0.022856151764430517,0.0,255,119,0.6536691150128247,0.0,0.32243209744769546,0.0,0.02442996801878406,0.0,0.1398904169567773,0.02810172794805424,tcp,smtp,SF
859,448,0,0,0,0,0,1,0,1,2,0,0,0,0,0,0,0,0,0,22,5,0.035640504069465444,0.0,0.04670307306872999,0.043138380019740685,1.0,0.0,0.17336187065193945,178,72,1.0,0.0,0.0,0.015385277270159198,0.0,0.013155288710021166,0.0,0.06651663198440293,tcp,http,SF
860,0,0,0,0,0,0,0,0,1,1,0,0,0,0,0,0,0,0,0,15,77,0.0,0.0,0.10804257993900841,0.0,0.9925929945654289,0.0,0.07202729658685639,255,238,0.610465077140534,0.140248625507404,0.0,0.0,0.0,0.0,0.04083071957618926,0.0,tcp,smtp,SF
861,0,207185,20883,0,0,0,0,0,0,1,0,0,0,1,0,0,0,0,0,285,279,0.07624740937689684,0.04527031029148932,0.0,0.0,1.0,0.01121555810945549,0.018669549876598992,130,133,0.9008988964530714,0.0,0.2546728795206508,0.029373404236732112,0.0,0.010934842358646923,0.021210646083015604,0.0,udp,domain_u,SF
862,0,0,27252,0,0,0,2,0,1,0,0,0,0,0,0,0,0,0,0,0,0,0.0,0.06180082559174229,0.09656605142650293,0.014605670549179696,1.0,0.0,0.0,163,222,0.9852064702501642,0.030811357427279765,0.0,0.05657156305900846,0.07580978536486377,0.03036527022611006,0.0,0.23562845212393685,tcp,http,SF
863,2695,1001533,17826,0,0,0,0,0,0,8,0,0,0,0,0,0,0,0,0,0,0,0.044732626847341916,0.0,0.0,0.0,0.8905737668054129,0.0,0.16886782093611508,255,0,0.18909346494663754,0.6660684748966408,1.0,0.0,0.026202510880416544,0.01181810461993649,0.08766461268347377,0.0,udp,other,SF
864,0,0,0,0,0,0,0,0,0,14,0,0,0,0,0,0,0,0,0,11,42,0.04682982356752985,0.0,0.0,0.0,1.0,0.08137314184999013,0.0,113,105,1.0,0.14607124488957512,0.0006009313205972925,0.00921134902143829,0.0035532072466789694,0.0,0.1111303405456011,0.08660873156675651,udp,private,SF
865,558,0,3163,0,0,0,1,0,0,0,0,0,6,0,0,0,0,0,0,0,3,0.008063911890213087,0.0,0.04177032825560767,0.0,0.9812526095933903,0.07424661974217063,0.012830293844982101,0,170,0.9890897642877985,0.0807789911858593,0.06517588390829238,0.0,0.034834606584906704,0.009160828471504285,0.10343437190762676,0.14317944643515865,udp,private,SF
866,0,167273,0,0,0,0,0,0,1,5,0,0,6,0,0,0,0,0,0,44,17,0.0037319283517956016,0.08179122761703178,0.04346655457159567,0.022170915945263724,1.0,0.0,0.055025244366372954,7,244,0.9743558510526225,0.0,0.0,0.054806629060315346,0.0,0.0,0.170361404636396,0.0,tcp,http,SF
867,0,500546,0,0,0,0,0,0,0,0,0,0,13,0,0,0,0,0,0,11,23,0.0,0.038742961444990294,0.9885317636843401,1.0,1.0,0.02589713396316584,0.023129841945966588,44,255,0.9430648523733336,0.0,0.8302268610782646,0.053049737364291055,0.0013577001605482007,0.0,1.0,0.8822820031647529,tcp,http,REJ
868,0,21140,75066,0,0,0,0,0,0,4,0,0,0,0,0,0,0,0,0,36,0,0.0,0.0,1.0,1.0,1.0,0.0,0.20148521020632618,0,255,0.812456852847848,0.050779449401985866,0.45133253566649345,0.05024677380279556,0.0,0.059935662714822105,0.9188183563286312,0.6788372055395264,tcp,http,REJ
869,0,191242,3665,0,0,0,1,0,1,0,0,0,5,0,0,0,0,0,0,0,0,0.010685472183953985,0.0,0.0,0.0,1.0,0.0,0.07767705260949351,40,195,0.838135120818623,0.031124430882799134,0.0,0.0,0.031995113583877466,0.0,0.0016961596014797725,0.0023908097379563968,tcp,smtp,SF
870,187,0,0,0,0,0,0,0,0,0,0,0,0,0,0,0,0,0,0,297,239,0.0,0.0,0.0,0.0,0.9703053916803479,0.1589184457719382,0.04569779639859633,255,255,0.8160639265829672,0.08619260533613723,0.06982125715517522,0.045767884526931125,0.0,0.014369174148115386,0.0376332046437348,0.11144220214946347,udp,domain_u,SF
871,0,0,7966,0,0,0,1,0,1,0,0,0,6,0,0,0,0,0,0,60,56,0.05751936575999367,0.0,0.09812773608323527,0.04645714075789287,0.9622322293859636,0.05506780485271946,0.0,252,198,1.0,0.0,0.0,0.0,0.0,0.04431498322245733,0.14830740640131412,0.011580710171220934,tcp,http,SF
872,486,0,0,0,0,0,0,0,1,0,0,0,0,0,0,0,0,0,0,10,0,0.0,0.04610633488924263,0.09785398679662591,0.0028947704889183633,0.9236426629750064,0.06908421135238257,0.05833486985719286,188,206,0.934121320992074,0.05213561174267606,0.0640443018165595,0.054170752228572254,0.040487653758437464,0.011117856473790256,0.0,0.0036735702771332774,tcp,http,SF
873,42,0,0,0,0,0,0,0,0,6,0,0,0,0,0,0,0,0,0,15,6,0.0,0.04508788561064798,0.0850288064647783,0.0,1.0,0.0,0.0,59,33,1.0,0.017359961592764494,0.0,0.0,0.0,0.0,0.0,0.16668198332211717,udp,private,SF
874,0,38521,0,0,0,0,0,0,1,0,0,0,2,0,0,0,0,0,0,0,19,0.0,0.011988514993224998,0.10381526958842828,0.11818589724757485,0.918906623309694,0.08269931243955858,0.02557825087149564,251,255,0.9448924939588408,0.0,0.018539565099772816,0.040826934077174595,0.02603707634732104,0.0,0.0,0.07872389631448522,tcp,http,SF
875,0,0,0,0,0,0,1,0,1,0,0,0,0,0,0,0,0,0,0,28,4,0.03128713520220275,0.0,0.0,0.0,1.0,0.0,0.0,255,255,0.8378634501328472,0.0,0.0,0.03494876619411189,0.029845797446257982,0.0,0.08524692035380002,0.06807129410706823,tcp,http,SF
876,0,0,32783,0,0,0,0,0,0,0,0,0,0,0,0,0,0,0,0,230,160,0.026896476523370804,0.0,0.0,0.0,0.9735447310222365,0.0,0.0,141,59,0.7794080213329729,0.13165457763834335,0.0,0.03226623079426132,0.0,0.002714824524445662,0.020422481505634724,0.0,udp,domain_u,SF
877,0,0,22693,0,0,0,0,0,1,11,0,0,0,0,0,0,0,0,0,0,0,0.04750391569225304,0.001954401051882677,0.0,0.0,0.8701803478726648,0.0543368144392598,0.0,79,95,0.8669075070278645,0.0,0.0,0.0015571464450416883,0.0,0.0037830277230968276,0.0,0.0,tcp,http,SF
878,0,0,19688,0,0,0,0,0,1,3,0,0,5,0,0,0,0,0,0,17,17,0.05024376116867907,0.0,0.06468456484714398,0.0,1.0,0.0,0.0,237,166,0.6349237364775726,0.21855028664668247,0.12279251596104857,0.0,0.0,0.0,0.07523320343600932,0.035854985638131075,tcp,smtp,SF
879,0,129850,0,0,0,0,0,0,0,0,0,0,0,0,0,0,0,0,0,10,0,0.03835712241675882,0.0,0.081307491667697,0.055820139722470394,0.7514511064850674,0.06688884199889712,0.0,10,112,1.0,0.059785967581271186,0.035385668799675175,0.0,0.0,0.04135370130515711,0.0,0.0005322269750450364,udp,private,SF
880,152,100017,0,0,0,0,0,0,0,0,0,0,0,0,0,0,0,0,0,12,0,0.040407321207848464,0.02483029734703167,0.9464750456968648,1.0,0.9939804075326815,0.022309626546223812,0.24708246874749512,40,226,0.8823525917899444,0.0,0.006586790909084355,0.20945461004749108,0.0280568952276981,0.0,0.870655815429064,1.0,tcp,http,REJ
881,647,293627,9809,0,0,0,0,0,1,10,0,0,0,0,0,0,0,0,0,23,13,0.029660415566230384,0.0,0.0,0.106518062498282,1.0,0.01539571169087623,0.13399752346112262,255,113,0.45332058469849584,0.0,0.05437611531108016,0.0,0.02720529408606559,0.0,0.15993685571700078,0.031982964584672605,tcp,smtp,SF
882,0,246256,0,0,0,0,1,0,0,5,0,0,6,0,0,0,0,0,0,15,0,0.037148804633457114,0.0,0.9116674100460471,1.0,0.8302143502211204,0.0,0.0,45,234,0.9305234990606721,0.07945496156959783,0.6451704032232609,0.018831909227069413,0.0,0.04404511378594869,0.798564568576438,0.8442654919900527,tcp,http,REJ
883,0,373389,0,0,0,0,0,0,0,0,0,0,6,0,0,0,0,0,0,0,20,0.0,0.0,0.9447056424287478,0.9883066353984075,1.0,0.02970011942767438,0.0,18,218,1.0,0.0,0.3824468309199258,0.050400035561345674,0.01825958897719128,0.0,1.0,0.8429475142591749,tcp,http,REJ
884,0,0,15385,0,0,0,0,0,0,0,0,0,0,0,0,0,0,0,0,50,22,0.0,0.06964575491719188,0.6570495783956807,0.7855587298434151,0.9506860316744195,0.14193918384337315,0.15307167837173144,0,255,0.9889680535432581,0.05302336691896597,0.06809328768500132,0.06199512475326395,0.009965369628414367,0.01590348724693914,0.839179802362383,0.8733442374229508,tcp,http,REJ
885,194,99325,0,0,0,0,0,0,0,0,0,0,8,0,0,0,0,0,0,31,0,0.0,0.03761081238486452,0.9463861225943084,1.0,0.9817024995995943,0.012874213578679732,0.2623316139172292,0,255,1.0,0.14967462167007015,0.38417843707549937,0.04992992493145709,0.043092037636536844,0.019712199072685985,0.8399960500523994,0.6626702178072738,tcp,http,REJ
886,836,167714,10411,0,0,0,0,0,1,0,0,0,0,0,0,0,0,0,0,0,11,0.061753463936144774,0.0,0.004869348467121032,0.0,1.0,0.040833849605261596,0.107586442834793,105,167,0.8999830603981371,0.04310760915761504,0.0,0.004218339264790964,0.09974796055116178,0.0,0.03177277263870421,0.0,tcp,http,SF
887,0,46408,55642,0,0,0,0,0,0,0,0,0,2,0,0,0,0,0,0,199,163,0.0,0.017899629446822645,0.0,0.004786581394982666,1.0,0.061671418030779704,0.0,137,87,0.8253103074425383,0.0417394888363064,0.14561207139732504,0.0,0.02647794163666,0.02832188382475981,0.0,0.0,udp,domain_u,SF
888,0,0,0,0,0,0,0,0,1,0,0,0,0,0,0,0,0,0,0,0,0,0.0,0.0,0.0,0.05165749262568603,0.9741893428391335,0.0,0.11658227317131284,162,255,1.0,0.07903747893170321,0.0,0.07094120714237828,0.0,0.00345575036240907,0.4543807358192078,0.6055981429281188,tcp,http,SF
889,0,0,43928,0,0,0,1,0,1,9,0,0,3,0,0,0,0,0,0,35,11,0.00032366399594801944,0.04792813588720725,0.0,0.014042932897768243,0.9874497008385134,0.0,0.14050953196736943,31,244,1.0,0.05182660614419676,0.0,0.0454515657416991,0.034242393597364036,0.0,0.0980305688316516,0.0,tcp,http,SF
890,0,0,19499,0,0,0,0,0,0,0,0,0,19,0,0,0,0,0,0,36,0,0.0,0.019298664294474042,0.9417420895751589,1.0,1.0,0.0,0.2970375488771933,5,204,0.8726834292141536,0.0,0.1705464832031439,0.18396230799096583,0.0,0.0,1.0,0.9542607251328966,tcp,http,REJ
891,0,138300,0,0,0,0,0,0,1,0,0,0,1,0,0,0,0,0,0,12,41,0.018501383752026198,0.056896731555023936,0.0,0.0,1.0,0.0,0.0,35,255,0.9933760947597216,0.08589163966448796,0.09846283411005959,0.0753647351147543,0.10232291705957683,0.0,0.0,0.18544399113283833,tcp,http,SF
892,0,0,0,0,0,0,0,0,1,1,0,0,0,0,0,0,0,0,0,8,0,0.0,0.0,0.0717515468271414,0.13679555377459604,0.9349318694516189,0.057947443622644736,0.01871562105370129,204,255,0.9798781561981373,0.0,0.15530483042821652,0.010240404923875176,0.0,0.08122174063666689,0.0,0.0,tcp,http,SF
893,26,0,0,0,0,0,1,0,1,15,0,0,0,1,0,0,0,0,0,13,0,0.0,0.0,0.0,0.0,0.964047038013733,0.0,0.06081114788997066,59,255,1.0,0.09934301979987091,0.0,0.03901452732703871,0.02019922698647768,0.0226068878770797,0.0,0.004620550212146,tcp,http,SF
894,0,0,0,0,0,0,0,0,0,0,0,0,0,0,0,0,0,0,0,0,0,0.009666075558973553,0.012216303290421376,1.0,1.0,0.9123795083496515,0.049916831620874014,0.0,48,255,0.9833761452798344,0.03267998622726294,0.3802257942870513,0.16190999935642258,8.612254011068655e-05,0.037743671452847564,1.0,1.0,tcp,http,REJ
895,705,0,879,0,0,0,0,0,1,7,0,0,11,0,0,0,0,0,0,20,17,0.0,0.021957435294856404,0.0,0.0,0.9667422798037625,0.0,0.0,20,255,1.0,0.07679745185628857,0.09630966850604109,0.11035742196863715,0.0,0.08433378087306147,0.017376745170396942,0.02037035655105392,tcp,http,SF
896,0,320671,23957,0,0,0,0,0,1,0,0,0,2,0,0,0,0,0,0,0,0,0.06316047774802198,0.1067965173067384,0.044534314803510076,0.10969808912640018,1.0,0.1499865358836007,0.05393876198761361,137,188,1.0,0.0,0.0,0.016816140451901704,0.0,0.0,0.030941031703871878,0.0,tcp,http,SF
897,0,25732,43753,0,0,0,0,0,0,0,0,0,0,0,0,0,0,0,0,0,13,0.002250020760954325,0.0,0.9684677122247203,1.0,0.9877534744936484,0.0,0.0,0,255,1.0,0.0,0.3129552416898663,0.06873955649290152,0.06272776785608561,0.0,1.0,0.8241275438168726,tcp,http,REJ
898,322,0,10742,0,0,0,0,0,0,0,0,0,0,0,0,0,0,0,0,0,18,0.055039157265583866,0.0,0.9659961263020944,0.9997922470859661,0.90156076636732,0.14110300257362843,0.0,11,255,0.942895702890275,0.03633225148124349,0.42711459725028067,0.0959769267250368,0.026092154455959325,0.0,1.0,0.7879092905324272,tcp,http,REJ
899,0,264683,0,0,0,0,0,0,0,0,0,0,0,0,0,0,0,0,0,215,271,0.01740124597201322,0.0,0.15890252100350954,0.1575742410627672,1.0,0.0,0.1101684535656829,81,79,0.5779300156183997,0.08295975935601653,0.1405325726088047,0.0016110495761963931,0.0,0.0,0.14243563402223153,0.0,udp,domain_u,SF
900,262,0,0,0,0,0,0,0,0,0,0,0,7,0,0,0,0,0,0,34,63,0.0,0.010581980840040651,0.9514566284286866,0.8010066878182196,0.971095954190737,0.0,0.13724004752113073,91,216,1.0,0.0,0.043364443118221234,0.13138416382424942,0.0797894834368163,0.0,0.903329344296529,1.0,tcp,http,REJ
901,69,0,2583,0,0,0,2,0,0,6,0,0,0,0,0,0,0,0,0,187,148,0.0,0.07711670741188087,0.0,0.08936136091856087,1.0,0.1250609589065948,0.16879481760926499,78,46,0.5022775319303721,0.006896629344234002,0.0,0.015396948480266792,0.0,0.0,0.0,0.0,udp,domain_u,SF
902,0,334463,1665,0,0,0,0,0,1,0,0,0,8,1,0,0,0,0,0,8,0,0.04517337310820913,0.03898749520592584,0.0,0.0,0.9821530895505506,0.0,0.06256602649922245,183,236,1.0,0.0,0.0,0.08571201878880894,0.03385025973857383,0.03195203686343308,0.3324662147433397,0.7638368578106896,tcp,http,SF
903,1067,0,7144,0,0,0,1,0,1,0,0,0,0,0,0,0,0,0,0,1,0,0.021452985881898673,0.0,0.0,0.04104496255625167,1.0,0.003669195716694673,0.0014077083410750097,119,255,1.0,0.0,0.10353760333535399,0.07266979729142456,0.0,0.0221998526804975,0.286778822050731,0.5364963654243372,tcp,http,SF
904,0,0,73567,0,0,0,0,0,0,5,0,0,0,0,0,0,0,0,0,32,18,0.10135172764650192,0.06824044640668663,0.0,0.0,0.9329525566864754,0.03962721202342657,0.17410657447804492,0,45,0.894638904798983,0.0,0.0,0.018232960379947066,0.0,0.028152267662429155,0.07674318606204075,0.0,udp,private,SF
905,1384,13478,43245,0,0,0,1,0,0,0,0,0,0,0,0,0,0,0,0,15,0,0.040275294628356356,0.06699927110184449,0.6965941226311685,0.8219734542356449,0.9142134831685323,0.029656980667830513,0.012885509867749459,16,251,1.0,0.033335924725475696,0.009872109610364069,0.09922012112128718,0.0326929752186462,0.0,0.7945635762241566,1.0,tcp,http,REJ
906,0,374015,27488,0,0,0,0,0,0,7,0,0,13,0,0,0,0,0,0,216,182,0.0,0.01170478586832524,0.011778058645235833,0.0,1.0,0.013159886256561407,0.0,98,74,0.7889032865289717,0.041586335147409406,0.0,0.0,0.014190027134546326,0.0022524495634595734,0.08821168859310459,0.0,udp,domain_u,SF
907,0,6558,0,0,0,0,0,0,0,0,0,0,0,0,0,0,0,0,0,0,0,0.014071141889555288,0.0,0.808983454836788,1.0,0.8524857168038935,0.0,0.0,10,255,1.0,0.0009796884553230206,0.41784372991882135,0.030535121534957417,0.09888395855720723,0.011393828886710065,1.0,0.6223425791556041,tcp,http,REJ
908,47,0,0,0,0,0,0,0,0,0,0,0,0,0,0,0,0,0,0,23,0,0.020523568156498976,0.0,1.0,0.9320180572843458,0.9873412270899631,0.06216843327121293,0.06084156966860583,47,131,0.8975108122135352,0.08524699064140528,0.0,0.1940170295751431,0.0,0.05566938790780265,1.0,0.8609851623603646,tcp,http,REJ
909,0,428605,0,0,0,0,3,0,1,0,0,0,7,0,0,0,0,0,0,29,0,0.056540882688008956,0.020854774322714296,0.07424298704995319,0.31149063758113354,1.0,0.012984400999247166,0.0,86,46,0.6007597724350567,0.045530587605885325,0.0,0.024836603609169543,0.031125254408427654,0.004803434580584351,0.0,0.0,tcp,smtp,SF
910,0,0,0,0,0,0,1,0,0,0,0,0,2,0,0,0,0,0,0,32,0,0.06426687405686603,0.044338821281573446,1.0,0.8599225473371429,0.8384348444156158,0.07097734542007418,0.0,0,242,0.9805402948474938,0.012468446787170042,0.12112595704779676,0.11948459549361524,0.0,0.0,0.9732846662879121,0.8714241282325841,tcp,http,REJ
911,267,617920,17445,0,0,0,0,0,0,2,0,0,0,0,0,0,0,0,0,42,0,0.0,0.0,0.9853223971017018,1.0,1.0,0.028783385798250755,0.0,0,178,1.0,0.020729076552878895,0.0,0.20623332925910715,0.039071541797007364,0.03297280772929357,1.0,0.9459266428900396,tcp,http,REJ
912,373,0,15259,0,0,0,1,0,1,12,0,0,7,0,0,0,0,0,0,27,49,0.0,0.0,0.15365898663766,0.02916820319864515,0.8898589287742817,0.04775543675481831,0.0,0,249,0.9983785609557116,0.0,0.11184185114340733,0.05514564324478952,0.035413048930390094,0.0,0.0,0.0,tcp,http,SF
913,0,0,0,0,0,0,2,0,1,4,0,0,7,0,0,0,0,0,0,35,15,0.0,0.048853247627364864,0.0337283498330958,0.054536966054511055,0.8641710445141301,0.08325650443169275,0.015508078673979823,107,26,0.5904664744806757,0.09389635621177866,0.0,0.0033625250572420703,0.0,0.01506499076150096,0.0,0.1045188962581249,tcp,smtp,SF
914,663,116966,41719,0,0,0,0,0,0,8,0,0,2,0,0,0,0,0,0,71,0,0.0,0.06681694381929085,0.9360254848892329,0.7677638528937173,0.9215187600851072,0.0,0.00930227540676884,0,236,0.8150323797763498,0.0,0.0,0.10163836586505676,0.0,0.014204155168839829,0.7295115538585174,1.0,tcp,http,REJ
915,784,648686,5023,0,0,0,0,0,1,0,0,0,0,1,0,0,0,0,0,0,2,0.0,0.019155144731084914,0.0,0.02450395657722543,0.986497500787282,0.08126508966271004,0.06829041417731722,244,122,0.45340426371695397,0.04724721175262487,0.005271834680984872,0.0,0.0,0.0,0.033373957776573655,0.0,tcp,smtp,SF
916,965,516017,0,0,0,0,0,0,1,0,0,0,0,0,0,0,0,0,0,0,0,0.07313800496989532,0.051099920721030076,0.1547593480556603,0.0,0.9480290362926208,0.0,0.0,28,159,0.8897627298154887,0.07854613170670925,0.0,0.0689439167994039,0.0,0.0,0.4368741396770762,0.3874505128258203,tcp,http,SF
917,356,599578,1028,0,0,0,0,0,1,8,0,0,2,0,0,0,0,0,0,0,60,0.07387554813227305,0.02025649930257051,0.0,0.18984677687695053,1.0,0.0,0.05615406143559687,34,255,1.0,0.0,0.0,0.018708352702074157,0.01680304065227281,0.0,0.0,0.0,tcp,http,SF
918,916,0,11482,0,0,0,0,0,1,0,0,0,0,0,0,0,0,0,0,33,53,0.04668120702132161,0.04284983146337422,0.16036703707866304,0.0,1.0,0.0,0.24215044464082955,255,244,0.7705402967795146,0.0,0.028244012895107244,0.0852566551790105,0.0,0.0,0.0,0.062489973170772074,tcp,http,SF
919,0,298853,36728,0,0,0,0,0,1,6,0,0,10,0,0,0,0,0,0,0,17,0.05981971890902068,0.006456820107074691,0.1381323020064011,0.0,0.9639999994480328,0.0,0.0,10,255,0.892706521792485,0.0,0.2905179906074336,0.0,0.0,0.0,0.10273965733539775,0.10348562404251599,tcp,http,SF
920,0,0,0,0,0,0,2,0,1,5,0,0,12,0,0,0,0,0,0,0,0,0.0,0.02135400234997716,0.02620332442020895,0.0,0.9035566991297974,0.02756710225405807,0.0077810764107425,189,131,0.310137839554109,0.13711232289984712,0.12588306990592435,0.011711316085740959,0.04164529817193406,0.020955808562761545,0.0010638254356543772,0.0,tcp,smtp,SF
921,0,77154,32887,0,0,0,0,0,1,2,0,0,0,0,0,0,0,0,0,0,0,0.0,0.0,0.04126078419241925,0.0,1.0,0.0,0.0,60,255,1.0,0.0,0.19295931961221685,0.0456430016015334,0.04054344228628111,0.026565436792353063,0.07255310637260763,0.0,tcp,http,SF
922,80,0,6523,0,0,0,0,0,0,0,0,0,3,0,0,0,0,0,0,0,0,0.0,0.03212952949327564,0.9816994072425332,0.8579968751209598,1.0,0.009391785732458677,0.0,65,68,1.0,0.0,0.0,0.2116459252001635,0.0,0.0,0.9711268442993252,0.9443918864972966,tcp,http,REJ
923,0,0,0,0,0,0,1,0,1,0,0,0,9,1,0,0,0,0,0,11,1,0.0,0.0,0.0,0.06811539771769139,0.9482468995182933,0.07449102892209333,0.0,234,255,1.0,0.023612229307473385,0.0,0.0,0.026849802670082513,0.0,0.0,0.029251760542432368,tcp,http,SF
924,0,0,0,0,0,0,0,0,0,12,0,0,14,0,0,0,0,0,0,0,43,0.0,0.03207964475541792,1.0,0.9318084339834551,0.9568880215983186,0.10912524168677859,0.26898744780971495,0,71,0.82436970438474,0.0,0.0047891759525663345,0.21856567895441392,0.0,0.014191511639296944,1.0,1.0,tcp,http,REJ
925,1264,294402,41949,0,0,0,0,0,1,4,0,0,11,1,0,0,0,0,0,0,48,0.0,0.0,0.055332333366924745,0.0,0.9219035692523625,0.02149795818332881,0.052105619962473954,52,255,1.0,0.0,0.23187399007018622,0.046049465955921534,0.0,0.05088835449864234,0.0656605969345998,0.0,tcp,http,SF
926,0,262292,42457,0,0,0,0,0,1,2,0,0,0,0,0,0,0,0,0,6,36,0.00810482491084155,0.016461621196581143,0.0,0.0,1.0,0.07973743714964353,0.0,42,242,1.0,0.09113952384652366,0.1267348357641108,0.10379800208841344,0.035282057988681996,0.02964780811156159,0.25867584502414337,0.5740663859521399,tcp,http,SF
927,282,90708,11402,0,0,0,0,0,0,0,0,0,0,0,0,0,0,0,0,2,7,0.00658568115639753,0.0,0.0,0.03084994401703451,1.0,0.0,0.0,79,69,0.8507832879153069,0.0,0.05910128566523338,0.01620336043511861,0.0,0.03487175682705864,0.0,0.07503880955978831,udp,private,SF
928,0,0,52138,0,0,0,0,0,0,0,0,0,4,0,0,0,0,0,0,0,0,0.0,0.0,1.0,1.0,0.9671427400292179,0.0,0.008306587496716032,0,255,0.9227990113163766,0.0,0.0,0.19085133983902186,0.06572811191745674,0.0,0.8370253644937817,1.0,tcp,http,REJ
929,58,0,38289,0,0,0,0,0,1,1,0,0,0,0,0,0,0,0,0,0,0,0.02766119709176357,0.016371863167840745,0.1490742178195013,0.0026613318812789837,0.955894627657852,0.0,0.0,189,154,0.6989836489839331,0.03895643234961124,0.0,0.0,0.011833921776598472,0.012066719662484564,0.0,0.0,tcp,smtp,SF
930,8,0,23976,0,0,0,0,0,0,3,0,0,13,0,0,0,0,0,0,0,4,0.0,0.03356193012087233,0.07376902122933864,0.0,0.930507641147355,0.0,0.14219813207432153,10,55,0.9583983735157,0.06899215456484481,0.1605900114484158,0.0,0.02131351414004147,0.0,0.0,0.008162024138933242,udp,private,SF
931,302,535239,0,0,0,0,1,0,1,5,0,0,12,0,0,0,0,0,0,0,0,0.000488354777977542,0.04866525734367584,0.0,0.04411177433699703,0.9786990705901458,0.058433786249597296,0.0,185,135,0.7602376403279165,0.0,0.0,0.11398307765567214,0.04961968808434459,0.0,0.03091139153255904,0.0,tcp,smtp,SF
932,783,385621,60355,0,0,0,0,0,0,0,0,0,0,0,0,0,0,0,0,0,11,0.0,0.0,0.8927566981151084,0.9328695381584255,1.0,0.0,0.05251192535229162,18,255,1.0,0.03521534566085279,0.1859674894850388,0.18554785728252868,0.041017536296143804,0.005682883912080011,0.8373714047321446,1.0,tcp,http,REJ
933,1107,345756,18695,0,0,0,0,0,0,0,0,0,0,0,0,0,0,0,0,33,25,0.05292899236015225,0.0,0.9648100286959665,1.0,1.0,0.08709900710056799,0.05883348259730184,0,255,1.0,0.09321159896725845,0.5781306241753794,0.011262316023562063,0.03699875566837601,0.0,0.8437432913374481,0.7509482057128929,tcp,http,REJ
934,208,0,0,0,0,0,2,0,1,1,0,0,0,0,0,0,0,0,0,63,21,0.0010129409768447248,0.0,0.14226752928008907,0.0,1.0,0.13452857446465952,0.13037696853213446,237,255,0.8883950730374102,0.0,0.1441072902469407,0.002955474582399756,0.0,0.0,0.036864094680920334,0.13665818068947938,tcp,http,SF
935,396,0,0,0,0,0,0,0,0,0,0,0,0,0,0,0,0,0,0,0,17,0.033003217499519844,0.0,0.9382567126514393,0.8288684520400368,0.9469772440263411,0.0,0.06653587336602557,0,255,1.0,0.0,0.10083611317720188,0.11487744137326486,0.0,0.0,1.0,1.0,tcp,http,REJ
936,0,0,10408,0,0,0,0,0,1,0,0,0,0,0,0,0,0,0,0,0,0,0.0,0.0697117828521236,0.10766593509461413,0.20562160456306164,0.8297233318596444,0.15606407537246106,0.10037604462789684,255,136,0.5368786940701076,0.013222923119971487,0.0853323095218123,0.0,0.0,0.0,0.10630605384900627,0.16694901587307168,tcp,smtp,SF
937,2580,465445,0,0,0,0,0,0,0,0,0,0,7,1,0,0,0,0,0,0,41,0.008480180789420708,0.05962890659168663,0.0,0.058255962802910476,1.0,0.0,0.1376388464083842,188,0,0.0,0.7251069736291424,1.0,0.06705418195082148,0.021852425460688718,0.0,0.0,0.0,udp,other,SF
938,636,0,24535,0,0,0,0,0,0,3,0,0,0,0,0,0,0,0,0,7,0,0.027825807761810654,0.0,0.05417041423024538,0.018264272654166226,1.0,0.13579084126290122,0.0,92,0,0.765399085212693,0.052134296966387605,0.2618165744770405,0.03214098851374505,0.0,0.0,0.0382478339012493,0.1989869978097171,udp,private,SF
939,582,0,0,0,0,0,0,0,1,13,0,0,0,1,0,0,0,0,0,13,9,0.0,0.07609554140642368,0.0,0.034260661652495854,1.0,0.0,0.2905745195406785,67,208,0.9107491755926691,0.0,0.0,0.0,0.02684780648783899,0.0,0.09332167352390931,0.023505348887498223,tcp,http,SF
940,142,537689,13041,0,0,0,0,0,0,0,0,0,0,0,0,0,0,0,0,216,217,0.05679071704438205,0.056972297195509405,0.0,0.20800805590417545,0.932018206687979,0.0,0.04766048119004877,166,14,0.6588384624977894,0.0,0.047545073954879356,0.0,0.017249023475438916,0.04562505631261251,0.0,0.0,udp,domain_u,SF
941,595,414132,0,0,0,0,0,0,0,15,0,0,0,0,0,0,0,0,0,260,209,0.0,0.0,0.0,0.11522384768615013,0.8896810684500334,0.009411007134632238,0.0,120,16,0.7550260678211278,0.0,0.10558934682266725,2.730808283716431e-05,0.0,0.0,0.0,0.12091817540694318,udp,domain_u,SF
942,337,20219,0,0,0,0,0,0,1,0,0,0,0,0,0,0,0,0,0,0,0,0.010253578636164625,0.0,0.14677184172021843,0.03534797957380436,1.0,0.0,0.0,189,154,0.6410679589904807,0.03241836583304909,0.012565647585228247,0.0011362395816456212,0.002833907343531297,0.016305212629330868,0.03256273749772847,0.0,tcp,smtp,SF
943,813,0,0,0,0,0,0,0,1,2,0,0,1,1,0,0,0,0,0,0,0,0.08691481139044052,0.0,0.0,0.0,0.8533593244735911,0.11028434399781063,0.0,241,166,0.9336531980853731,0.0,0.0,0.020503428904768653,0.0029991558875767906,0.012086967197021738,0.04762815889741754,0.0032198105746746876,tcp,smtp,SF
944,194,0,0,0,0,0,0,0,1,0,0,0,0,0,0,0,0,0,0,43,10,0.04642561936546981,0.0,0.0,0.0,0.9803372828260467,0.0,0.05427620137479646,199,206,0.6254009880349568,0.07795135443421783,0.0,0.0,0.030341814132771802,0.0,0.03682134998721637,0.0,tcp,smtp,SF
945,0,74584,67541,0,0,0,1,0,1,7,0,0,0,0,0,0,0,0,0,0,19,0.0,0.0007747050038654923,0.0,0.0,1.0,0.0,0.012868473344824098,255,221,0.6797185146879776,0.0,0.0,0.0,0.03438189919627686,0.0,0.07071690882500876,0.04013257235799879,tcp,http,SF
946,227,774290,48613,0,0,0,2,0,1,0,0,0,0,0,0,0,0,0,0,23,0,0.0,0.0006914031434900759,0.0,0.0,1.0,0.0,0.2468220231499122,185,118,0.6647933732086401,0.18092540590234357,0.0,0.0036431621934743495,0.13226550296108897,0.0,0.021055913359398108,0.0,tcp,smtp,SF
947,0,142220,12686,0,0,0,1,0,1,0,0,0,0,0,0,0,0,0,0,18,13,0.05996707483417931,0.0,0.0,0.06707873601900506,1.0,0.0,0.0,192,220,0.6222076074725287,0.0679365073845808,0.0,0.0,0.01778822087437249,0.056880749740503465,0.0,0.0,tcp,smtp,SF
948,257,237630,0,0,0,0,2,0,0,0,0,0,0,0,0,0,0,0,0,35,0,0.0,0.0,1.0,1.0,1.0,0.0,0.09175013585959088,17,194,0.8250628435111528,0.089391396699598,0.043941882918205305,0.24360382821440957,0.0,0.0,0.9564281618423588,0.9634080679922644,tcp,http,REJ
949,0,382704,29427,0,0,0,1,0,0,0,0,0,0,0,0,0,0,0,0,53,20,0.0,0.011574882158153565,0.9760872550174599,1.0,1.0,0.0,0.0,0,255,0.9520582581629219,0.08467879007951029,0.6103343974704889,0.06995061291355198,0.0,0.0500048773485583,0.9239237109401708,0.8120811453043528,tcp,http,REJ
950,0,0,40156,0,0,0,2,0,1,6,0,0,5,0,0,0,0,0,0,16,0,0.0,0.027684093678803843,0.11858572834926986,0.0,0.8597842681717328,0.0,0.2948723809528515,162,238,0.8737682879424544,0.051803708971809394,0.0,0.05648338176200017,0.0,0.0,0.2449833336210449,0.6175597772605309,tcp,http,SF
951,303,247283,0,0,0,0,2,0,1,0,0,0,0,1,0,0,0,0,0,0,9,0.027714238877894325,0.0,0.0,0.05584944700478311,0.9890245314195123,0.0,0.0,94,255,0.8896595536936542,0.0,0.0,0.1179691901574321,0.0,0.0,0.34484534578509435,0.733792632181488,tcp,http,SF
952,321,0,0,0,0,0,1,0,0,8,0,0,0,0,0,0,0,0,0,0,0,0.0,0.0,1.0,1.0,1.0,0.11711225990649386,0.2801607169331211,0,255,1.0,0.008841535218503864,0.4849281796943562,0.0956700314083772,0.03175737228492105,0.002219908968180057,0.9245492913448127,0.632735095793183,tcp,http,REJ
953,0,0,0,0,0,0,1,0,0,8,0,0,0,0,0,0,0,0,0,62,37,0.030440321441712513,0.04548948611468938,0.9031192622586581,0.774293470038383,0.9772173307275169,0.0,0.0,0,255,1.0,0.0,0.23488530960047835,0.1499625814809007,0.0,0.0,1.0,1.0,tcp,http,REJ
954,0,0,41681,0,0,0,0,0,1,0,0,0,6,0,0,0,0,0,0,0,16,0.0,0.0,0.0,0.030853868702403812,1.0,0.02747158820290392,0.0,141,148,0.9572421607441869,0.12983252854300878,0.036275686688834574,0.0,0.01873492055200795,0.0,0.0,0.0,tcp,http,SF
955,921,0,72312,0,0,0,0,0,1,11,0,0,0,0,0,0,0,0,0,15,0,0.0,0.0,0.0,0.21091895092576335,1.0,0.06329575097364572,0.18261134637584478,149,189,0.9674247084912817,0.12646730081077842,0.0,0.069102857927723,0.0,0.0,0.019843898114800237,0.0,tcp,smtp,SF
956,2314,174015,2897,0,0,0,0,0,0,0,0,0,8,0,0,0,0,0,0,0,12,0.0,0.0,0.0,0.0,0.969925460065778,0.14872503923346095,0.011119105204105036,189,7,0.0,0.6662600965695911,0.8465742452601348,0.0538844822257243,0.020978778356989965,0.0,0.08160762261706479,0.0,udp,other,SF
957,1511,37352,0,0,0,0,1,0,0,0,0,0,0,0,0,0,0,0,0,0,67,0.029159555158620863,0.03699452336626209,0.0,0.0,0.9204471154366535,0.06682793021561766,0.0,0,25,0.6417885384362321,0.1650411302047372,0.192860742348198,0.0,0.04018564047836781,0.010584168665651497,0.04381970088070137,0.004436042582122846,udp,private,SF
958,0,60343,21225,0,0,0,0,0,0,1,0,0,0,0,0,0,0,0,0,25,23,0.0,0.0,1.0,0.9176352852344488,1.0,0.0,0.08666795014884078,0,216,0.7862670810114422,0.0,0.5447837895120387,0.10004799640790905,0.0,0.006528984059552632,0.8196168869177574,0.8023839835838922,tcp,http,REJ
959,284,639632,0,0,0,0,0,0,1,0,0,0,0,1,0,0,0,0,0,2,0,0.07003126000731703,0.0,0.0,0.0,1.0,0.0,0.08973749028771244,231,22,0.45711018177207474,0.05555211904057862,0.0,0.05780345197114958,0.020036304796052718,0.021156523191095348,0.04301090324880732,0.0,tcp,smtp,SF
960,1086,0,0,0,0,0,0,0,1,0,0,0,0,0,0,0,0,0,0,9,0,0.04810421209075891,0.04183637175431504,0.014419407689080467,0.0,0.8837707812420625,0.02483194607652859,0.05599520456670888,32,223,0.7353829068241189,0.045271689683650924,0.0,0.06201897433995948,0.0,0.0,0.0,0.056045350869468144,tcp,http,SF
961,88,0,21841,0,0,0,2,0,0,0,0,0,0,0,0,0,0,0,0,0,0,0.0,0.0271415601698742,1.0,0.8759382917606128,1.0,0.07802221435642734,0.15330261331036035,0,255,0.811081214695593,0.02238917840318111,0.2283433796328156,0.13434283838715197,0.0,0.02144334552128524,0.8709010859328407,1.0,tcp,http,REJ
962,0,99642,8873,0,0,0,0,0,0,0,0,0,13,1,0,0,0,0,0,0,22,0.0663782537006873,0.0,0.8285545747844238,1.0,0.8497002601613692,0.010424423661238707,0.03411027984659056,21,255,0.9385678877389094,0.0,0.38572013051016346,0.04840819629607061,0.025504619235373022,0.012508388021802194,1.0,0.9764767212032652,tcp,http,REJ
963,0,0,0,0,0,0,1,0,1,11,0,0,0,0,0,0,0,0,0,20,0,0.01552894171660797,0.0,0.05796533291675411,0.07890414248684158,0.9749971911434612,0.00478990897787127,0.08775422334315305,210,232,0.892390019857582,0.15397967621187755,0.058726238884815686,0.06736175401263533,0.02901221609414343,0.0037037235670588984,0.0,0.0,tcp,smtp,SF
964,2615,9416,0,0,0,0,2,0,0,11,0,0,0,0,0,0,0,0,0,0,1,0.008259414276935826,0.0,0.0,0.034762517651300374,0.8781682407360997,0.01567974592968999,0.0,255,0,0.218150685648799,0.6393987892132197,1.0,0.02801417259359529,0.027336184360546814,0.057423738493663994,0.023902600599237288,0.06558227220747741,udp,other,SF
965,1722,0,4491,0,0,0,0,0,0,6,0,0,0,0,0,0,0,0,0,0,45,0.04123835623658213,0.0,0.0,0.12428117672117367,1.0,0.0,0.10339997042556877,158,0,0.1162894005491268,0.7517795752284961,1.0,0.01835091715501451,0.04401423785478317,0.013674595966982676,0.1421576953892005,0.060887155159172694,udp,other,SF
966,0,473681,0,0,0,0,2,0,1,0,0,0,0,0,0,0,0,0,0,2,6,0.0,0.0,0.0,0.0,0.9492716679185794,0.010757636105969536,0.0,132,147,0.6093754937936205,0.001862377368788689,8.110235813209819e-05,0.08822466862957713,0.0,0.0,0.029509835995370666,0.00843557337401639,tcp,smtp,SF
967,0,0,0,0,0,0,29,0,1,0,0,0,0,0,0,0,0,0,1,17,0,0.0,0.0,0.0665747061948222,0.007454505049117359,1.0,0.05378320618629888,0.0,107,0,0.20809018301365845,0.14622316361991525,0.2647464003085479,0.0,0.0,0.04462032304452716,0.0,0.16199080479406633,tcp,ftp,SF
968,628,677097,0,0,0,0,3,0,1,0,0,0,0,0,0,0,0,0,0,0,67,0.0012126080149236146,0.0,0.0,0.22240833702709625,0.9602056252955568,0.0,0.0,200,57,0.6725764748723603,0.08743484804865469,0.020429539843706858,0.0069569370815757425,0.0,0.01481883321851907,0.0,0.0,tcp,smtp,SF
969,23,0,13518,0,0,0,1,0,1,13,0,0,0,0,0,0,0,0,0,7,57,0.0,0.04450774069842209,0.0,0.059319506500648905,0.9534997089352667,0.08251812302607606,0.0,255,184,1.0,0.03540441589454438,0.0,0.00637115925779184,0.015904846434194365,0.05166506891622934,0.08923924707693105,0.014506579871517775,tcp,http,SF
970,0,336716,0,0,0,0,0,0,1,0,0,0,0,1,0,0,0,0,0,5,19,0.10082036377651013,0.0,0.0,0.05906763001232266,0.8810814318597388,0.08496950348647724,0.12530549076881944,176,255,1.0,0.0,0.0,0.0,0.0,0.0,0.0,0.02930897150480787,tcp,http,SF
971,0,0,0,0,0,0,2,0,0,0,0,0,0,0,0,0,0,0,0,0,40,0.0,0.0,0.9869043385463256,0.9222078353410146,1.0,0.0,0.0,0,255,0.9255575793217432,0.07106919412657398,0.3883323435753733,0.0,0.005799908017696676,0.0,0.9545633740088396,0.7248701198527682,tcp,http,REJ
972,150,0,34477,0,0,0,0,0,0,7,0,0,0,1,0,0,0,0,0,2,0,0.0019567516593534608,0.0,0.9838013672923407,0.9577793105502214,1.0,0.032447981981764365,0.14771025618516548,24,156,0.9745952918285853,0.03680801022774376,0.08463255122394628,0.25366258792239316,0.0,0.0,0.9090687864851915,1.0,tcp,http,REJ
973,414,0,0,0,0,0,1,0,1,10,0,0,4,0,0,0,0,0,0,24,26,0.009332957837695104,0.005516937128037416,0.08257488156551304,0.0,1.0,0.003140315495982182,0.0,255,252,0.9570276802835258,0.0,0.016445241809257896,0.0,0.0,0.0,0.0,0.0,tcp,http,SF
974,0,39035,0,0,0,0,2,0,0,11,0,0,0,0,0,0,0,0,0,296,255,0.0598622736867508,0.0,0.0,0.17036409263583033,1.0,0.0,0.0,255,187,1.0,0.0,0.0,0.0,0.0,0.0048182784612184415,0.08721397877043038,0.042026726104665714,udp,domain_u,SF
975,0,104125,0,0,0,0,0,0,0,7,0,0,0,0,0,0,0,0,0,221,157,0.0,0.0,0.09822461867188056,0.0,1.0,0.0,0.0,112,48,0.4969487488625417,0.030875526072927602,0.1398922410692207,0.0,0.0191892243150627,0.0,0.0,0.1518314706857392,udp,domain_u,SF
976,742,0,7696,0,0,0,1,0,1,8,0,0,2,0,0,0,0,0,0,0,88,0.0,0.0,0.0385795572942848,0.09264994221876859,1.0,0.0,0.0,109,143,1.0,0.018028852427271393,0.19804695875396464,0.0,0.0,0.0,0.05421082501511318,0.020665258521476708,tcp,http,SF
977,0,0,19579,0,0,0,1,0,0,0,0,0,0,0,0,0,0,0,0,18,0,0.06779484277599546,0.0,0.9038391068354845,1.0,1.0,0.009841092865441109,0.059998832562995236,72,255,1.0,0.04557750039568468,0.2646031234120195,0.05592558251684069,0.0,0.0,1.0,0.843878865041726,tcp,http,REJ
978,0,0,39409,0,0,0,2,0,0,0,0,0,2,0,0,0,0,0,0,281,277,0.003914679311498587,0.0,0.0,0.0,1.0,0.050145797750373894,0.0,255,255,1.0,0.1098257854562095,0.12885591918348704,0.032315920919249674,0.030555006403682496,0.040266718706010354,0.0,0.006382802266952657,udp,domain_u,SF
979,298,756629,0,0,0,0,0,0,1,0,0,0,0,0,0,0,0,0,0,0,10,0.03936818467863962,0.0,0.1536353534622214,0.11578542732663352,0.8875305986269283,0.0,0.0,130,251,0.5349728950637187,0.13781085691702166,0.2242996035239412,0.04919467264488862,0.07715124201721581,0.026393516509906755,0.0,0.0,tcp,smtp,SF
980,311,0,23265,0,0,0,2,0,1,4,0,0,6,1,0,0,0,0,0,6,35,0.04165103609773415,0.048856324448162965,0.12483703254802382,0.0,0.9659980712935655,0.0,0.0,21,255,0.975915289562039,0.0,0.0,0.031303559064418035,0.0,0.0,0.056362595945085595,0.0,tcp,http,SF
981,0,506051,9357,0,0,0,0,0,1,0,0,0,3,1,0,0,0,0,0,28,6,0.0500771130302573,0.011742216608658759,0.08381371826603998,0.0,0.8805003849396444,0.017184057624834187,0.0,156,96,0.9151169252374028,0.01273860816954461,0.0,0.0,0.0,0.0,0.01371408268427949,0.0,tcp,http,SF
982,154,0,0,0,0,0,0,0,1,0,0,0,0,0,0,0,0,0,0,42,2,0.0,0.0,0.0971789598744065,0.03694106638439876,1.0,0.1794821783317,0.03494860343314674,255,255,0.9880999359576098,0.07836060092113475,0.0,0.0,0.04353482893528716,0.025002713935227128,0.0,0.009437909695339367,tcp,http,SF
983,494,85160,68781,0,0,0,0,0,1,0,0,0,8,1,0,0,0,0,0,0,13,0.0,0.048719621585325924,0.047306042751083216,0.0,1.0,0.0,0.0,94,22,0.8925885825047161,0.007192029472500489,0.13400127804751413,0.0,0.0007107004286632344,0.0,0.04508112190028128,0.1325039587396593,tcp,http,SF
984,258,0,0,0,0,0,0,0,1,0,0,0,0,0,0,0,0,0,0,46,16,0.0,0.01985594948378674,0.03408235048758336,0.0,1.0,0.017098772517509415,0.08289836554463689,202,119,0.8103405463085636,0.033112604925940675,0.0,0.009048938823191015,0.0,0.017240310608694655,0.09885270972788807,0.08930094032927859,tcp,smtp,SF
985,424,0,17441,0,0,0,0,0,1,12,0,0,0,0,0,0,0,0,0,51,19,0.0,0.0,0.005056298977684146,0.0,0.9553050028401082,0.0,0.0,0,255,1.0,0.0,0.0,0.008273749080191878,0.04688026149530774,0.0,0.0,0.0,tcp,http,SF
986,0,68952,13715,0,0,0,0,0,0,12,0,0,10,0,0,0,0,0,0,204,196,0.003021671198343909,0.0,0.17278311478481528,0.0,1.0,0.0,0.0,87,80,0.3592683424288548,0.0811790038197159,0.06363765752021659,0.07133168027852627,0.0,0.04769077494059057,0.0,0.0,udp,domain_u,SF
987,222,519101,9608,0,0,0,1,0,0,0,0,0,13,1,0,0,0,0,0,0,0,0.0,0.0,0.9527414601070204,0.8795527980628605,1.0,0.0,0.2740171560577346,0,247,0.7857418042423966,0.0,0.6985783451421851,0.06428940603812372,0.01828965136297974,0.01912199407161091,1.0,0.9746313999688332,tcp,http,REJ
988,0,72655,0,0,0,0,0,0,0,2,0,0,0,0,0,0,0,0,0,13,63,0.0,0.02646999437503448,1.0,1.0,1.0,0.0,0.08658052957875699,31,232,1.0,0.03821060196188322,0.1921510279918241,0.13196509889723637,0.007382218179487428,0.0,0.9214298984489794,0.834304725709248,tcp,http,REJ
989,0,452893,28837,0,0,0,0,0,0,0,0,0,0,0,0,0,0,0,0,0,18,0.0024514030235733876,0.039664197796847205,0.8262586934851546,1.0,0.9040395442276814,0.044200528736593026,0.0,0,255,0.9709847911709178,0.027620407578773678,0.1400638615869471,0.17366951072631281,0.14944986574878763,0.0,1.0,0.9781358638172882,tcp,http,REJ
990,585,209757,0,0,0,0,0,0,0,4,0,0,8,0,0,0,0,0,0,263,274,0.0652913597816576,0.0,0.0,0.02641865791470642,1.0,0.0,0.0,255,226,0.9171894768521773,0.013494587223054409,0.0,0.0,0.0,0.009215579816531861,0.00018692879332862273,0.0,udp,domain_u,SF
991,994,532696,0,0,0,0,0,0,0,12,0,0,0,1,0,0,0,0,0,228,249,0.0,0.029304579272299985,0.18461284188195845,0.0,0.9132616367656208,0.0,0.14961659003416827,255,204,1.0,0.04120065934290948,0.08379817140246482,0.0,0.04315213511669119,0.0,0.0,0.23484487263973627,udp,domain_u,SF
992,1205,0,0,0,0,0,0,0,0,0,0,0,4,0,0,0,0,0,0,0,0,0.0,0.027618127564348144,1.0,1.0,0.9729980518262688,0.09398752994513464,0.20700837095647473,43,199,0.9755859589081259,0.012998133651487121,0.0,0.23421090394903915,0.0,0.0,0.960479642880788,1.0,tcp,http,REJ
993,884,1032916,0,0,0,0,0,0,1,3,0,0,6,0,0,0,0,0,0,65,27,0.061862937571937476,0.06206858122637285,0.0,0.0,1.0,0.08294181546115154,0.0,80,111,0.42742815863768124,0.11232483364447154,0.007906998492391806,0.03453962395972537,0.020730091687454932,0.013987843004959147,0.0,0.0,tcp,smtp,SF
994,0,0,15077,0,0,0,1,0,0,4,0,0,0,0,0,0,0,0,0,270,263,0.0,0.04228519726551056,0.007966078371485654,0.0,0.9725067663639728,0.0,0.0,244,255,0.7983025059582048,0.053615714784083945,0.0,0.03516782693860544,0.0,0.0,0.07158618428204785,0.0,udp,domain_u,SF
995,237,0,37706,0,0,0,1,0,0,4,0,0,3,0,0,0,0,0,0,7,20,0.07192431861673178,0.06014832591228645,0.0,0.1733364049767136,1.0,0.0036555859574304676,0.03765591004520413,127,75,1.0,0.09701187576966863,0.0,0.0,0.036638250638792697,0.021670589997089276,0.0,0.0,udp,private,SF
996,516,0,0,0,0,0,0,0,1,11,0,0,0,0,0,0,0,0,0,0,0,0.0,0.02172851021543202,0.0,0.08965026391466645,1.0,0.08942793831762251,0.05028202166821396,90,8,0.9470085163624874,0.0,0.0,0.057434066737948083,0.0,0.0,0.0,0.1913936464726598,tcp,smtp,SF
997,81,766893,27542,0,0,0,0,0,1,14,0,0,0,1,0,0,0,0,0,0,48,0.005013995199307446,0.020240509615292546,0.0,0.0,1.0,0.07588250787011877,0.06520589162285334,188,199,0.8452797955205069,0.04672300298937748,0.0,0.0,0.03319248051924668,0.026628204452686526,0.0,0.0,tcp,smtp,SF
998,88,268422,2501,0,0,0,0,0,1,0,0,0,0,0,0,0,0,0,0,0,34,0.07588773609656788,0.0,0.0,0.0,1.0,0.09969433110121381,0.2489725176508306,111,184,0.9384659669776643,0.004041939245495548,0.1473489424700787,0.04075808540388703,0.0,0.0,0.345063231096137,0.6414717893535429,tcp,http,SF
999,553,0,0,0,0,0,1,0,1,4,0,0,0,0,0,0,0,0,0,16,12,0.0,0.036495071312930075,0.06919266076393013,0.0,1.0,0.02750414885545423,0.0,90,255,0.9634687383619953,0.04830377680165402,0.0,0.0,0.0,0.0,0.07101339269582958,0.0,tcp,http,SF
1000,0,408807,0,0,0,0,0,0,0,1,0,0,7,0,0,0,0,0,0,22,42,0.0,0.0,0.8961034227789084,0.7557249398582773,1.0,0.056519725381665636,0.07538341737188653,31,255,1.0,0.034254159508752144,0.10910157475235632,0.14136673495365215,0.0,0.0,0.87556901180277,0.8811237773380073,tcp,http,REJ
1001,0,226168,0,0,0,0,0,0,1,0,0,0,7,0,0,0,0,0,0,0,23,0.0,0.0,0.16162293736031913,0.010916066799356007,0.9340685841463432,0.10346942679991912,0.09740719071028936,216,171,0.14452109057471324,0.0,0.0,0.0533164195067815,0.016849765392909433,0.0,0.09979491264919294,0.0,tcp,smtp,SF
1002,0,647260,0,0,0,0,0,0,1,2,0,0,5,0,0,0,0,0,0,27,0,0.0,0.02402064660681208,0.02997614588991945,0.011996867290370705,0.8858762170779308,0.0,0.0959519487421208,38,251,1.0,0.050308553772866554,0.0,0.08249696084243374,0.0,0.0045180729625745025,0.11347783513737288,0.0,tcp,http,SF
1003,426,0,15274,0,0,0,1,0,1,4,0,0,3,0,0,0,0,0,0,9,55,0.12845254898107383,0.06265468221871665,0.0,0.015032506104021338,1.0,0.032362222400411894,0.0,243,255,1.0,0.0,0.043783929320480856,0.0548049036284427,0.10113009039009137,0.030904926404843623,0.015378654502981077,0.15087876736221267,tcp,http,SF
1004,2,0,8508,0,0,0,0,0,1,1,0,0,3,0,0,0,0,0,0,12,16,0.0,0.0,0.1983944877140363,0.033874120148292164,1.0,0.0,0.0,255,153,0.9956747472146125,0.14343082435901205,0.17686779283279203,0.0061830363148832985,0.0,0.0,0.0,0.002462386441548795,tcp,smtp,SF
1005,2868,0,0,0,0,0,1,0,0,0,0,0,2,0,0,0,0,0,0,20,0,0.0,0.04300538954581808,0.0,0.0,1.0,0.0,0.0,253,47,0.18575083968690023,0.6984688574398964,1.0,0.003580787047042707,0.05741240365794109,0.0,0.0,0.08794777161660054,udp,other,SF
1006,450,0,0,0,0,0,0,0,0,0,0,0,3,0,0,0,0,0,0,194,165,0.0,0.0,0.01648687084851008,0.15281384382582255,1.0,0.04672215146275086,0.2300753920367056,18,86,0.930969981963814,0.0054905596093886375,0.04612197020245218,0.0,0.05271232764330977,0.0,0.0,0.0,udp,domain_u,SF
1007,0,347046,14804,0,0,0,0,0,0,0,0,0,3,0,0,0,0,0,0,22,58,0.01128587960994425,0.043916497182905405,0.8603565375406009,0.7999944676608574,0.9326181320757916,0.04793595474832035,0.0,52,194,1.0,0.0,0.031051030221841008,0.10703622782824623,0.0,0.0,0.8885396259140566,1.0,tcp,http,REJ
1008,509,162092,0,0,0,0,0,0,1,0,0,0,0,1,0,0,0,0,0,42,7,0.02392186931748595,0.0,0.024500838399269743,0.029882942075741475,0.8204561238112369,0.0,0.0,203,97,0.8447279064871419,0.038583712294041554,0.05985447889591075,0.025085754859033825,0.0,0.010163773296282477,0.0,0.0033418068895900085,tcp,smtp,SF
1009,254,242298,11296,0,0,0,0,0,1,2,0,0,0,0,0,0,0,0,0,0,22,0.0,0.03230012646049211,0.004887867737271755,0.0,0.9816900019774372,0.0,0.10473548488045198,200,255,1.0,0.005352546643919726,0.3253789409127198,0.03385274660321743,0.0,0.01684198540392323,0.3009425239255939,0.7131210465622694,tcp,http,SF
1010,0,772660,30040,0,0,0,0,0,1,3,0,0,0,0,0,0,0,0,0,0,20,0.0010227384116604217,0.0,0.006679674026595455,0.03157010737315956,0.8603050879069782,0.0,0.0,0,255,1.0,0.0,0.01273455788841965,0.011255343247015912,0.05227625219953546,0.02179171835070969,0.0,0.05453688615203431,tcp,http,SF
1011,969,0,0,0,0,0,0,0,1,7,0,0,8,0,0,0,0,0,0,19,0,0.09457214210753338,0.0,0.0,0.2105056272255386,1.0,0.014092182309402651,0.034848909535629045,241,217,0.7308841615602486,0.03880465514132707,0.1445057585395596,0.0014509368425998544,0.10527529447268845,0.0,0.0,0.0,tcp,http,SF
1012,0,0,0,0,0,0,0,0,1,0,0,0,12,0,0,0,0,0,0,0,16,0.0017098265807510022,0.0,0.26311159874933804,0.0,1.0,0.0,0.0,185,203,0.7310031925695655,0.17455024606216635,0.0,0.05266513290182399,0.0,0.0,0.02200659185624234,0.0960816083484648,tcp,smtp,SF
1013,0,39925,58695,0,0,0,0,0,1,0,0,0,0,0,0,0,0,0,0,0,0,0.015605941595252974,0.05880593850833181,0.0662549635976846,0.0,0.9546360327880025,0.034198175824461434,0.026013465363213056,254,147,0.5612258111621894,0.0754656444841156,0.0,0.0003300867055392936,0.0006576656800293332,0.0,0.017813482547243145,0.4222665557298032,tcp,smtp,SF
1014,0,323368,12593,0,0,0,1,0,1,10,0,0,11,0,0,0,0,0,0,28,3,0.09183911523856428,0.0,0.005276580069701974,0.0,0.958865357017722,0.0023802778273038553,0.007073930573498641,255,217,0.954341798621682,0.020304544261481643,0.22522503701956179,0.0,0.0,0.0,0.0,0.0,tcp,http,SF
1015,0,0,0,0,0,0,0,0,0,0,0,0,1,0,0,0,0,0,0,23,100,0.0,0.0,1.0,0.786234078964427,0.9259446918191809,0.018172868185640154,0.09209773626993706,9,184,0.7515951373787271,0.0,0.04033834430056276,0.09890988636623695,0.0,0.0,0.7428022400883854,0.968382183330773,tcp,http,REJ
1016,35,0,0,0,0,0,3,0,1,0,0,0,7,0,0,0,0,0,0,0,30,0.0,0.017740961815930482,0.0,0.0,1.0,0.0,0.0,208,255,1.0,0.008310541597850163,0.028592903410487397,0.004020874682634079,0.07862243919621237,0.04675015769359783,0.034754837792368286,0.0,tcp,http,SF
1017,0,596612,0,0,0,0,1,0,1,0,0,0,4,1,0,0,0,0,0,54,29,0.0,0.0,0.08832041321923464,0.0,0.9975533761290989,0.0,0.03075731135545103,160,110,0.6854303156532815,0.02152707416878097,0.07964008564618988,0.008905091397701764,0.0,0.0,0.0,0.03985896091619396,tcp,smtp,SF
1018,0,123975,0,0,0,0,0,0,0,8,0,0,10,0,0,0,0,0,0,224,350,0.0,0.06955721812385651,0.0,0.0,0.9249652464900913,0.0,0.0,198,255,1.0,0.01801142209960742,0.0,0.003895033737934866,0.0,0.0,0.17524092903371857,0.021699786897773736,udp,domain_u,SF
1019,416,0,31132,0,0,0,1,0,1,8,0,0,2,0,0,0,0,0,0,2,16,0.0,0.06843625324170534,0.040919654345718884,0.15822496849212078,1.0,0.11189504685906128,0.17546413318555543,214,255,1.0,0.06035535047326299,0.0,0.0,0.009305746905154582,0.0,0.1256743172990591,0.18671209888793686,tcp,http,SF
1020,229,0,0,0,0,0,0,0,1,7,0,0,0,0,0,0,0,0,0,0,5,0.006709020156642222,0.046195453390326414,0.04316936479107591,0.0,1.0,0.0,0.08614924595613552,54,16,0.8404981981397677,0.02303794750425045,0.0,0.02763782396432419,0.01748440827550201,0.0,0.0,0.0,tcp,smtp,SF
1021,212,491356,38119,0,0,0,1,0,0,0,0,0,0,1,0,0,0,0,0,8,0,0.010547285109438701,0.0,0.7623658468771012,0.9902256966225504,1.0,0.05933136347156564,0.0,33,255,1.0,0.0,0.5422945157877396,0.1002922702057295,0.0,0.0,1.0,0.9314845649693342,tcp,http,REJ
1022,275,131793,0,0,0,0,0,0,1,0,0,0,4,1,0,0,0,0,0,0,0,0.0,0.07406458393972681,0.0,0.03475799119088472,0.9918566267555153,0.0,0.0,255,255,0.8905242594394478,0.051532167881383074,0.04668178456406361,0.03533118684734463,0.0,0.0,0.11114237787853942,0.0,tcp,http,SF
1023,414,0,0,0,0,0,1,0,0,13,0,0,0,0,0,0,0,0,0,49,0,0.01203157494012035,0.05986201833257286,1.0,0.8856422116801373,0.9909776534935568,0.0,0.0,72,138,0.9179892108713672,0.02560064407062572,0.0,0.1723684281197143,0.0073856270797770796,0.05437588139162581,0.792774449558046,0.9945877015266705,tcp,http,REJ
1024,0,0,0,0,0,0,0,0,1,6,0,0,5,0,0,0,0,0,0,19,43,0.012548774700911184,0.0,0.0,0.13917959560309331,0.9621885648516882,0.0,0.024363585616265962,0,207,0.930975153138498,0.00966222171360568,0.30818510700984386,0.009981745293442198,0.0,0.015796077805743214,0.03428143159789434,0.0,tcp,http,SF
1025,0,4437,0,0,0,0,2,0,0,0,0,0,0,0,0,0,0,0,0,39,0,0.0,0.06401708753185195,0.2035726603318655,0.024328708626385642,0.9606708541248548,0.0,0.0,0,8,0.6842900379655731,0.0,0.0765140245077461,0.0,0.019427654094895372,0.0,0.0,0.05692463010314747,udp,private,SF
1026,0,240850,0,0,0,0,1,0,0,9,0,0,0,0,0,0,0,0,0,187,225,0.014033140691151138,0.0,0.13324758332298856,0.0,1.0,0.0,0.0,65,94,0.9044149302028752,0.0,0.023086670920808468,0.025593852793809633,0.0,0.0,0.06657388726214489,0.1106559855506826,udp,domain_u,SF
1027,24,0,0,0,0,0,0,0,0,0,0,0,0,0,0,0,0,0,0,155,197,0.027153824884052033,0.0,0.0,0.0,1.0,0.11605132943959151,0.38057371273274904,79,0,0.6268109467922213,0.0,0.18106004290364108,0.043639562607135154,0.0638889845513413,0.03587864598153625,0.0,0.0,udp,domain_u,SF
1028,0,0,29087,0,0,0,1,0,1,9,0,0,0,0,0,0,0,0,0,11,8,0.0,0.0,0.0,0.07499666157653043,0.9138919366868438,0.1415675727774717,0.0,255,249,1.0,0.0,0.0,0.0,0.014666951516008104,0.0,0.09900059734514238,0.05195551813195132,tcp,http,SF
1029,706,89444,0,0,0,0,1,0,0,10,0,0,1,0,0,0,0,0,0,0,1,0.07113399650490941,0.00649248019118824,0.16765379603748434,0.0,1.0,0.017453160136450967,0.1878556297540291,0,67,0.625530281716574,0.01841125746321906,0.013680056410541624,0.05122226158786534,0.0,0.0,0.0,0.0,udp,private,SF
1030,831,0,44653,0,0,0,30,0,1,0,0,0,0,0,0,0,0,0,1,0,43,0.0,0.0,0.2138896893314403,0.0,1.0,0.0,0.0,103,0,0.4318990207211633,0.0,0.04635183311193451,0.0,0.0,0.013801812379624207,0.0,0.0045470015525265264,tcp,ftp,SF
1031,136,187170,28605,0,0,0,2,0,0,4,0,0,0,0,0,0,0,0,0,0,38,0.0,0.0,0.9708509099223659,1.0,0.9742174136905903,0.0,0.0,0,255,0.9340245104729832,0.1386776603938244,0.3121125075774154,0.08242635189334929,0.0,0.0,1.0,0.879534069342016,tcp,http,REJ
1032,0,0,43766,0,0,0,0,0,0,5,0,0,0,0,0,0,0,0,0,179,197,0.00981869395755355,0.0,0.1564405641681375,0.15623686449019933,0.9744255600757276,0.0,0.02584113766165819,55,95,0.8231811903414886,0.11681240961087731,0.0,0.09392731413763955,0.0,0.0,0.08794343598325373,0.0,udp,domain_u,SF
1033,336,117975,0,0,0,0,0,0,1,17,0,0,0,0,0,0,0,0,0,44,0,0.02599606684176645,0.0,0.10475904061214779,0.07362797163819589,1.0,0.10645048808800954,0.15116755417730054,255,82,0.3595592457338969,0.03786371444183524,0.26112765278746103,0.0,0.0,0.0,0.0,0.0,tcp,smtp,SF
1034,0,357581,38161,0,0,0,0,0,1,0,0,0,9,0,0,0,0,0,0,38,47,0.037808941339812226,0.001854177379168323,0.12230624342662373,0.0,1.0,0.0,0.08555576687132883,0,202,1.0,0.0,0.28287546284101484,0.056940903129398014,0.0023684101976100143,0.012053760904057458,0.0,0.08335436108343261,tcp,http,SF
1035,0,159631,0,0,0,0,0,0,1,10,0,0,0,0,0,0,0,0,0,0,0,0.02727441036931139,0.0571089084131233,0.010287145015579029,0.0,1.0,0.0,0.03459664215000415,131,75,1.0,0.11772301231269422,0.1242379626784305,0.0,0.0,0.0,0.033360060862086593,0.0,tcp,http,SF
1036,662,45575,24978,0,0,0,1,0,0,0,0,0,5,1,0,0,0,0,0,212,151,0.0,0.0,0.0,0.15426943927033296,1.0,0.021406814929177002,0.003204509729459926,104,0,0.544963077061399,0.12465440375977187,0.16059382139994888,0.01499729394731415,0.06579150275520507,0.0,0.0,0.12299346799067096,udp,domain_u,SF
1037,0,0,0,0,0,0,0,0,0,0,0,0,21,0,0,0,0,0,0,0,17,0.005278049418733057,0.038375806450306846,0.8927638061115873,0.9942655141891498,1.0,0.0,0.0,0,240,1.0,0.0,0.26281967501810155,0.12924410113786008,0.0,0.013637427296587649,0.8710192153544245,0.8293933828407876,tcp,http,REJ
1038,551,0,0,0,0,0,1,0,1,0,0,0,11,0,0,0,0,0,0,0,38,0.0,0.00957661566696249,0.0,0.0,0.9795527194024841,0.0,0.12104896673421081,232,131,0.6551071418962847,0.03596316621962274,0.0,0.0,0.0,0.0,0.0,0.10989795180562799,tcp,smtp,SF
1039,455,0,0,0,0,0,0,0,1,0,0,0,1,0,0,0,0,0,0,25,2,0.008472152265463056,0.01664573598213572,0.19434881351019073,0.05626735874204116,0.91770676963308,0.0,0.0,100,199,1.0,0.0,0.23926822595039718,0.02472250962760244,0.0,0.0,0.2842341761322297,0.0007922379191574998,tcp,http,SF
1040,0,412544,531,0,0,0,1,0,1,0,0,0,6,0,0,0,0,0,0,9,16,0.0033282362510585486,0.0,0.0011131488687774328,0.0,0.8853923252080047,0.0,0.0,255,255,0.8398977463773032,0.0,0.0,0.011635999865121543,0.0,0.0,0.0,0.0,tcp,http,SF
1041,664,0,0,0,0,0,1,0,1,2,0,0,0,0,0,0,0,0,0,0,0,0.0,0.0,0.0,0.0,1.0,0.018999411631398115,0.0554615172377375,255,126,0.5989226519906903,0.009335100182263956,0.12330928386014799,0.04524295597360617,0.0,0.0006389737747717468,0.11647287458294227,0.03416401889282602,tcp,smtp,SF
1042,469,0,13876,0,0,0,0,0,1,6,0,0,0,0,0,0,0,0,0,6,29,0.0,0.01979299775832641,0.10195285705364009,0.0,1.0,0.07548685934931298,0.0,235,255,1.0,0.0,0.0,0.09359886262073733,0.0,0.0,0.2156575811226944,0.4710325149530178,tcp,http,SF
1043,68,0,0,0,0,0,2,0,0,2,0,0,0,0,0,0,0,0,0,208,231,0.0,0.023084340463150294,0.0,0.0,1.0,0.0,0.17299842813929128,53,36,0.6279515601648002,0.033582316776138085,0.0,0.04938566137130479,0.0,0.0030572710926367623,0.0,0.10784470328558877,udp,domain_u,SF
1044,0,77956,0,0,0,0,0,0,1,0,0,0,3,0,0,0,0,0,0,1,0,0.04035938709874356,0.0,0.0,0.0,0.9389727322925928,0.0,0.06311264631035264,109,189,0.6218962217451999,0.03394739842278644,0.0785849386887851,0.0,0.05243233444021486,0.03230878883368282,0.0,0.0,tcp,smtp,SF
1045,0,0,50657,0,0,0,0,0,1,0,0,0,8,0,0,0,0,0,0,43,0,0.014466695968421485,0.0,0.21032897361474373,0.0,1.0,0.0,0.0,16,255,0.9951465762184666,0.092693169839922,0.3089757448698647,0.020725880629441938,0.04306954689624107,0.0,0.0,0.0,tcp,http,SF
1046,0,158840,31505,0,0,0,1,0,0,0,0,0,0,0,0,0,0,0,0,10,0,0.0,0.0037955451845932803,0.8646595692912906,1.0,1.0,0.0,0.0,43,236,0.860521494314476,0.0,0.6819041334968089,0.07150434142398707,0.0,0.07744131264824095,0.8468986677934986,1.0,tcp,http,REJ
1047,364,171127,0,0,0,0,1,0,0,1,0,0,1,1,0,0,0,0,0,41,56,0.03856198614559146,0.03357924699038383,0.8739057228621517,0.8877884807468515,1.0,0.030686768825506718,0.0,0,255,0.7558289139898324,0.062319602043618465,0.08313268500856752,0.1474250061652691,0.0016899285581652795,0.008022707527744472,0.7792217646896782,0.9464685716377196,tcp,http,REJ
1048,0,291070,42,0,0,0,0,0,0,7,0,0,1,0,0,0,0,0,0,48,0,0.0,0.04471874244844572,0.0,0.0,1.0,0.032955105557934405,0.3157732686786805,20,102,0.7125803479104447,0.0,0.01800524748676641,0.03764071818015402,0.019490854529202354,0.0,0.0,0.0,udp,private,SF
1049,294,465933,35538,0,0,0,1,0,0,2,0,0,0,0,0,0,0,0,0,24,12,0.0,0.05353858721272175,0.9236692301938688,1.0,0.9455194906415919,0.0,0.0,0,140,1.0,0.015265068219399698,0.1295013633132402,0.17286669975472335,0.026932344235025794,0.0,0.9857410331186645,1.0,tcp,http,REJ
1050,0,325946,14613,0,0,0,1,0,0,0,0,0,0,0,0,0,0,0,0,49,25,0.0,0.016524022953380516,0.8511172202403448,1.0,1.0,0.04696357293710859,0.10241594709871288,57,199,0.6094494054526793,0.06724566206603481,0.20381930452439567,0.2489286962103808,0.07386875713511123,0.0,1.0,1.0,tcp,http,REJ
1051,0,0,5289,0,0,0,2,0,0,0,0,0,0,0,0,0,0,0,0,181,183,0.0,0.0,0.0060600011932286455,0.0,0.9350091878311046,0.019342902649752122,0.0,100,21,0.7370167839361228,0.05667491683142545,0.0,0.040508532249178726,0.0,0.0,0.0,0.09706568522696124,udp,domain_u,SF
1052,74,0,40706,0,0,0,1,0,1,1,0,0,2,0,0,0,0,0,0,0,4,0.0,0.0,0.0,0.0,0.8076161103777437,0.01900570886732455,0.0,76,96,1.0,0.0,0.0,0.012242421513408527,0.0,0.02206615733382217,0.061469149693532746,0.008017182697446645,tcp,http,SF
1053,1642,0,0,0,0,0,2,0,1,7,0,0,1,1,0,0,0,0,0,10,44,0.0,0.0,0.06014666584960803,0.034606394452708404,1.0,0.08663739239108469,0.0,47,219,0.9512214821993447,0.01835558086190726,0.0,0.08060619866960442,0.0,0.0,0.0,0.09179992709176708,tcp,http,SF
1054,0,0,3905,0,0,0,1,0,1,9,0,0,0,0,0,0,0,0,0,13,0,0.08268169205513422,0.0,0.0,0.1890603126688856,0.9723953310609657,0.0,0.2297567619969089,0,255,1.0,0.10649283135761534,0.022156596532311487,0.018230793873871203,0.016875313951443434,0.01255820612155666,0.0,0.19726591979172595,tcp,http,SF
1055,999,0,0,0,0,0,0,0,1,12,0,0,5,0,0,0,0,0,0,41,0,0.018043459837558385,0.0,0.0,0.0014768567435011152,1.0,0.0,0.0,233,108,0.4280944189046802,0.0,0.0,0.0,0.0,0.0012204888163516489,0.0,0.0,tcp,smtp,SF
1056,101,0,0,0,0,0,3,0,0,1,0,0,7,0,0,0,0,0,0,0,21,0.09898705818359581,0.0,0.7616638371996121,0.9212156175586382,0.9513077960585973,0.0,0.0,0,199,1.0,0.036515309954051584,0.0,0.1718102434996869,0.0,0.028311541786534115,0.8580175387092476,0.9358963371279332,tcp,http,REJ
1057,276,0,0,0,0,0,0,0,0,5,0,0,5,0,0,0,0,0,0,0,40,0.01097499422400758,0.00409370274152004,1.0,0.9785419415757578,0.9405579685331966,0.0,0.12178623407520013,0,255,0.6844784080748629,0.062201496433129756,0.3320264843628121,0.03578179448702281,0.0,0.030601721087816797,1.0,0.6859690440847828,tcp,http,REJ
1058,79,0,5358,0,0,0,2,0,1,0,0,0,0,0,0,0,0,0,0,30,68,0.028162828564439576,0.0,0.07482309151439036,0.09342994448545404,0.9597564211104018,0.0,0.21510105516289613,0,255,0.6387736694469355,0.0,0.0,0.050076983430519445,0.0,0.009688948406076241,0.07761992245028786,0.036521224348438894,tcp,http,SF
1059,299,0,1346,0,0,0,0,0,0,3,0,0,1,1,0,0,0,0,0,4,0,0.0,0.0,0.0,0.0,1.0,0.06214073208843691,0.059077347592750316,102,51,0.9520814955916985,0.14184758985227308,0.08468178903659117,0.010113435423059123,0.09535305645129447,0.02221853997489179,0.0,0.012026332150973741,udp,private,SF
1060,0,385708,0,0,0,0,1,0,0,0,0,0,0,0,0,0,0,0,0,0,0,0.0,0.03450792750571711,0.8617607279476647,0.7562148716774508,1.0,0.02913182527533623,0.09128535107525836,1,192,1.0,0.13362292290272557,0.39637031793042077,0.05773964874144909,0.04150249561465445,0.03263324268993261,0.8869282399487357,0.9613660952720156,tcp,http,REJ
1061,977,65211,27949,0,0,0,0,0,0,0,0,0,1,1,0,0,0,0,0,12,34,0.0,0.0,0.8079802222712782,0.9268505924450007,1.0,0.005801857279807943,0.0,0,255,1.0,0.07051210381313751,0.08977425464102433,0.15946626006526862,0.0,0.015606452275152866,1.0,0.9972500850570933,tcp,http,REJ
1062,0,809259,0,0,0,0,1,0,1,20,0,0,0,0,0,0,0,0,0,34,0,0.03014774848103115,0.0,0.1156756339305888,0.013404912853607738,0.9634542210629429,0.0,0.0,255,255,0.9714377311642151,0.0706489792391602,0.05038456767480009,0.021283078199077977,0.0,0.008068120911724463,0.0,0.0,tcp,http,SF
1063,760,55913,0,0,0,0,0,0,0,2,0,0,9,0,0,0,0,0,0,43,9,0.0,0.004228355640489204,0.09246831827701588,0.1097263030977196,1.0,0.0,0.0,87,85,1.0,0.0,0.046515365826235985,0.0,0.0,0.011885322502302963,0.0,0.01881236248065338,udp,private,SF
1064,0,0,0,0,0,0,2,0,0,0,0,0,6,0,0,0,0,0,0,200,197,0.017080893235308522,0.0,0.10644245062698572,0.0,0.9279204759793936,0.0,0.0,69,60,0.7466872801391006,0.0,0.2267306318017316,0.0,0.059631239869313235,0.046809985680025826,0.0,0.0,udp,domain_u,SF
1065,0,1657,15301,0,0,0,0,0,1,3,0,0,8,0,0,0,0,0,0,0,58,0.015340382143845727,0.04922313486983184,0.0,0.003021849928575739,1.0,0.01679898464109335,0.030470706945779972,0,218,0.9794140005665011,0.0,0.16900882088594116,0.06758609705484268,0.0,0.0032710949244695504,0.20240130015446958,0.035372770235355414,tcp,http,SF
1066,0,83950,0,0,0,0,1,0,0,0,0,0,8,0,0,0,0,0,0,44,44,0.0,0.0,1.0,0.940479067397575,0.9032550702073348,0.0,0.0,0,236,1.0,0.0,0.06937745480284518,0.15916366883176805,0.0,0.021171853032052223,0.9884623572662591,1.0,tcp,http,REJ
1067,306,142459,31056,0,0,0,0,0,0,0,0,0,0,0,0,0,0,0,0,0,0,0.0,6.780574077570219e-05,1.0,1.0,0.9394813908254672,0.10746104773988564,0.03382014433878247,0,255,0.8181140348852585,0.040338889919361555,0.4146201225377968,0.07512582835201925,0.0,0.0,1.0,0.8917992121982391,tcp,http,REJ
1068,971,683454,0,0,0,0,0,0,1,14,0,0,0,0,0,0,0,0,0,63,19,0.0,0.0,0.0,0.15209809632854235,0.9688248657705321,0.0,0.0,54,234,0.7330981083434941,0.0,0.125045520772273,0.06953549640191566,0.0,0.05359289219503776,0.0,0.0,tcp,http,SF
1069,0,0,42673,0,0,0,0,0,0,7,0,0,13,0,0,0,0,0,0,38,0,0.05261960477199495,0.00694913692823998,0.0,0.0,1.0,0.040959689204043546,0.0,0,86,0.9039781031377693,0.0699218360026718,0.0,0.004981282999654709,0.07639634934351827,0.013056165647276853,0.0,0.05286906293563763,udp,private,SF
1070,0,281462,0,0,0,0,0,0,1,2,0,0,0,0,0,0,0,0,0,50,0,0.0,0.0,0.0,0.0,1.0,0.0059024012374455665,0.11953654635228653,46,116,1.0,0.0,0.0,0.0,0.0,0.0,0.0,0.05931186195775681,tcp,http,SF
1071,0,68292,828,0,0,0,1,0,1,0,0,0,0,0,0,0,0,0,0,28,28,0.015990388714970855,0.0,0.04334188687853164,0.0,0.9371541552624085,0.0,0.0,89,66,0.885428842808055,0.0,0.0,0.0,0.0,0.0,0.1388720209284249,0.0,tcp,http,SF
1072,0,0,67040,0,0,0,0,0,1,0,0,0,7,0,0,0,0,0,0,0,0,0.0,0.05433756579659631,0.05687538725395317,0.06115674621028424,1.0,0.09494200825022339,0.19391168353393684,131,255,0.8148650630654322,0.22288327249422218,0.0,0.007034043509687262,0.08349426997348039,0.0,0.0043012981192549855,0.0,tcp,smtp,SF
1073,0,253742,0,0,0,0,30,0,1,10,0,0,1,0,0,0,0,0,1,0,7,0.051662493442326984,0.0,0.0,0.013704930296070585,1.0,0.07942993503845809,0.11221681559945766,81,51,0.13452273525492092,0.04014458123376215,0.17035051705729423,0.01615448914407034,0.0,0.00014442127542926223,0.0,0.0,tcp,ftp,SF
1074,0,427112,44641,0,0,0,1,0,1,2,0,0,11,0,0,0,0,0,0,9,30,0.0,0.0,0.0,0.0,1.0,0.0,0.0,198,170,0.5161391044652389,0.0,0.03128781147833896,0.02771909459521319,0.0,0.006092471865544835,0.038480925309946665,0.0,tcp,smtp,SF
1075,153,0,1693,0,0,0,0,0,1,0,0,0,2,0,0,0,0,0,0,0,47,0.014729833867091851,0.0,0.0,0.02755173924218299,1.0,0.0,0.1623785805292997,106,98,0.659000110420094,0.05945191453490978,0.0,0.034825464868269054,0.0,0.0,0.0,0.0,tcp,smtp,SF
1076,886,0,16161,0,0,0,1,0,1,16,0,0,0,1,0,0,0,0,0,0,13,0.0,0.06558247496722837,0.08047394273762397,0.0,1.0,0.015230382077825575,0.0,255,172,0.8924581206693878,0.0246316527655817,0.0,0.011809966584167287,0.0,0.0,0.037212161312909775,0.07310590258492047,tcp,http,SF
1077,1887,0,4970,0,0,0,0,0,1,1,0,0,11,0,0,0,0,0,0,26,13,0.018995184710385856,0.0,0.0,0.08056716939442363,1.0,0.0,0.1746482561502695,85,92,0.9197638541767181,0.0,0.22840036695907112,0.0,0.0,0.05153673619984175,0.0,0.08132710934112063,tcp,http,SF
1078,0,0,33707,0,0,0,29,0,1,2,0,0,0,0,0,0,0,0,1,0,0,0.0,0.054912481335331526,0.0,0.0,0.8856637873016473,0.0,0.04496729947758881,77,0,0.0,0.21154476198349464,0.0,0.0,0.0,0.007734400102523745,0.0,0.03253889647708751,tcp,ftp,SF
1079,974,344107,0,0,0,0,0,0,1,7,0,0,0,0,0,0,0,0,0,0,49,0.0,0.0,0.0,0.0,1.0,0.0,0.0,204,127,0.6052283212931804,0.033541240258470016,0.060271295856065145,0.022497307089825655,0.0,0.007877693108817791,0.11730229495552798,0.0,tcp,smtp,SF
1080,164,0,0,0,0,0,1,0,0,3,0,0,0,0,0,0,0,0,0,51,43,0.01641542232341401,0.05292965704313481,0.8348934170493818,0.7828022743337525,0.9670518820055464,0.0,0.0,41,246,0.9808900618061238,0.0654050024100968,0.1509585378265698,0.13205211862042748,0.001854035736457596,0.0,1.0,1.0,tcp,http,REJ
1081,0,0,0,0,0,0,1,0,0,5,0,0,0,0,0,0,0,0,0,15,5,0.010899305682010425,0.018125776924980613,1.0,0.9593096115657809,0.9089077161989778,0.0,0.0,43,128,0.8476787382546064,0.02082226491376921,0.2139807357555779,0.22473743265408144,0.0,0.026373698872440406,0.81850292719209,1.0,tcp,http,REJ
1082,291,75103,3476,0,0,0,0,0,0,0,0,0,6,0,0,0,0,0,0,20,31,0.0,0.024673922441909094,0.7412889520636757,0.8569994473243416,0.9628685465386495,0.0,0.18720776323899466,0,255,1.0,0.08189016249587522,0.0,0.1617291489089603,0.0,0.0014002995341279314,0.8580101089057623,1.0,tcp,http,REJ
1083,42,0,0,0,0,0,1,0,1,0,0,0,0,0,0,0,0,0,0,38,30,0.0,0.0,0.09245132714573707,0.11817635135188521,0.9658334211896573,0.0,0.0,11,186,0.8728463554403303,0.0,0.0,0.036181715336423254,0.030385795349057797,0.0,0.0,0.0,tcp,http,SF
1084,74,0,24881,0,0,0,1,0,0,2,0,0,7,0,0,0,0,0,0,202,221,0.007852370285253185,0.0,0.1487601861644727,0.11291986061819406,0.931008048298088,0.0,0.0,86,18,0.536930900971186,0.0,0.0,0.022761827744688132,0.0,0.0,0.0,0.0,udp,domain_u,SF
1085,0,243473,49633,0,0,0,30,0,1,10,0,0,3,0,0,0,0,0,1,37,28,0.05728288839328193,0.047615699486369206,0.04208568967040091,0.016178996129423927,1.0,0.08181718806537643,0.005425429879224534,93,43,0.14502684852835174,0.10935318067912939,0.1030783948928148,0.007618272486550457,0.0,0.03634354439119657,0.0,0.0,tcp,ftp,SF
1086,0,0,0,0,0,0,0,0,0,0,0,0,4,0,0,0,0,0,0,203,247,0.0,0.047062656153019335,0.11419446049646002,0.0,1.0,0.023240262403418237,0.0,104,67,0.7978513410443653,0.039288509554637294,0.2636191196822243,0.0,0.07709460650084214,0.00587824256800465,0.035226506902569524,0.0,udp,domain_u,SF
1087,0,0,0,0,0,0,0,0,1,0,0,0,0,0,0,0,0,0,0,37,8,0.049251741177029164,0.10773605123267517,0.0,0.0,0.8557515078846553,0.058339711329985534,0.11132299071690743,152,94,0.8410276989912744,0.0712534260272405,0.1075044694512109,0.027308186518840268,0.01767131660745745,0.0,0.0,0.0,tcp,smtp,SF
1088,449,51517,0,0,0,0,1,0,1,8,0,0,0,0,0,0,0,0,0,0,54,0.0,0.0,0.0,0.0,0.962098984036374,0.0,0.18093931407459207,255,176,0.6849311390395965,0.0,0.0,0.0,0.0,0.0,0.0,0.1439074582835635,tcp,smtp,SF
1089,0,321033,74802,0,0,0,0,0,1,0,0,0,1,0,0,0,0,0,0,27,46,0.06299622233822094,0.021614321114446954,0.052340332537364934,0.0,0.9673758657152716,0.0,0.10661412215034595,65,255,1.0,0.030949025525071474,0.18123976406661935,0.0042652797699744074,0.0,0.0006905387354568214,0.1174287917406527,0.08487961079607094,tcp,http,SF
1090,0,405555,13438,0,0,0,0,0,1,0,0,0,7,0,0,0,0,0,0,8,17,0.0,0.0,0.0,0.0,0.9873255840142927,0.010004628445129511,0.0,0,255,0.9037550199744464,0.0,0.0,0.06488989352194502,0.0,0.0313864195727925,0.0,0.0,tcp,http,SF
1091,6,0,16725,0,0,0,0,0,0,0,0,0,0,0,0,0,0,0,0,0,0,0.0,0.0,0.9091541745611845,1.0,1.0,0.033269791788284236,0.0,0,185,1.0,0.0,0.09410308584615097,0.11023546063752557,0.0362840858313957,0.0,0.9529561301557826,1.0,tcp,http,REJ
1092,534,307038,0,0,0,0,1,0,1,0,0,0,0,1,0,0,0,0,0,36,7,0.0,0.0,0.14493585285271152,0.0,0.9400992609572241,0.0,0.0,222,255,0.9684820205149547,0.0,0.0,0.0,0.0,0.019450944862119016,0.0,0.0,tcp,http,SF
1093,122,0,291,0,0,0,0,0,1,0,0,0,0,0,0,0,0,0,0,25,48,0.0,0.01701184545246055,0.030388751728284077,0.07571876515310788,1.0,0.0,0.0,37,88,0.37143382150239224,0.061965479281874354,0.0,0.03984193175695781,0.0,0.020523281013216706,0.0,0.0,tcp,smtp,SF
1094,0,601667,18081,0,0,0,0,0,1,0,0,0,1,0,0,0,0,0,0,0,0,0.0,0.0,0.07141538904074743,0.0,0.9892351360246261,0.0,0.3058604442251269,198,182,0.64128040919922,0.0687913935510352,0.0,0.007541931770717221,0.0,0.0062628214513520426,0.1431773357785705,0.0,tcp,smtp,SF
1095,824,0,0,0,0,0,1,0,0,2,0,0,0,0,0,0,0,0,0,21,4,0.0682836270099057,0.0014974405375702817,0.9314245986438994,0.931538405807362,1.0,0.0,0.0,99,183,1.0,0.0,0.1855601432269696,0.19906600051454115,0.0,0.0,1.0,1.0,tcp,http,REJ
1096,1061,438557,41523,0,0,0,0,0,1,1,0,0,0,0,0,0,0,0,0,30,19,0.0,0.03701909572143006,0.17085672463704812,0.06129678862450849,0.9771054079296948,0.1589532189835685,0.12219031667837642,110,250,0.8960988656666488,0.0,0.0,0.01667772803220679,0.0,0.0,0.12571927661971538,0.11359516147382731,tcp,http,SF
1097,332,0,80734,0,0,0,0,0,0,8,0,0,0,0,0,0,0,0,0,0,30,0.0,0.050186098480831026,0.0,0.028138797312031248,0.968481952852314,0.023006673678358985,0.11475532423507523,12,163,1.0,0.06857360421657066,0.0,0.0,0.00969116046709234,0.019289560163686614,0.0,0.0,udp,private,SF
1098,3293,659083,0,0,0,0,0,0,0,12,0,0,0,0,0,0,0,0,0,0,0,0.02825118665533691,0.03081487414434802,0.10364416046068597,0.03265639610694628,0.9983332981177668,0.002928712919832971,0.01926150803339561,255,38,0.0964610952721496,0.6884485408461765,1.0,0.0,0.003854860728955659,0.0,0.03526442094304884,0.0,udp,other,SF
1099,835,444133,0,0,0,0,0,0,1,10,0,0,2,0,0,0,0,0,0,0,0,0.05765101282479138,0.020104638740039506,0.0,0.0,1.0,0.0,0.0,116,85,0.6861624128945143,0.0,0.0,0.02575850108781193,0.065134132125861,0.00484559273853191,0.10230657018397679,0.08724867500510382,tcp,smtp,SF
1100,759,0,0,0,0,0,1,0,1,6,0,0,4,0,0,0,0,0,0,0,21,0.035542074739252666,0.0,0.0171524943530693,0.08000637570181868,1.0,0.0,0.07005672852969284,133,255,1.0,0.054088753315022144,0.0,0.0,0.001996335180293856,0.0015129573671030705,0.056562943757702426,0.0,tcp,http,SF
1101,412,0,57670,0,0,0,0,0,1,0,0,0,14,0,0,0,0,0,0,0,0,0.05147129203893282,0.0,0.05673525640846899,0.06534911090949055,1.0,0.0,0.0,238,255,0.9709886712501038,0.10089313079002514,0.08928532198673433,0.0,0.0,0.022306907742123922,0.15429887973264234,0.0,tcp,http,SF
1102,402,255898,37102,0,0,0,1,0,1,0,0,0,6,0,0,0,0,0,0,29,0,0.0,0.023981849017477175,0.20294482266267097,0.0,1.0,0.08302236215901,0.08134959375276245,116,255,0.8828123623898432,0.05857550052192451,0.0,0.0703017089839754,0.06388192045505652,0.0,0.32925163025569965,0.5673240622226733,tcp,http,SF
1103,349,344578,0,0,0,0,1,0,0,0,0,0,12,0,0,0,0,0,0,275,324,0.0,0.0,0.0,0.0,0.9352292792214809,0.0,0.0,255,247,0.7431101992060174,0.0,0.0,0.0,0.013764709668886748,0.0,0.0,0.1303278476819682,udp,domain_u,SF
1104,0,0,5300,0,0,0,0,0,1,4,0,0,0,1,0,0,0,0,0,0,42,0.09780794886423996,0.005300307824623404,0.02060183090080727,0.1028461504833575,1.0,0.0,0.0,0,224,0.9858198084680939,0.015285039098918053,0.035370053466859064,0.058990354030474555,0.0056889666823533485,0.025526751078997337,0.0,0.0,tcp,http,SF
1105,3110,14762,0,0,0,0,0,0,0,5,0,0,0,0,0,0,0,0,0,8,58,0.08217774048460978,0.0,0.06019521534794802,0.0,0.9537518178419061,0.0,0.0,255,0,0.0,0.6708585390768456,0.9635415247954173,0.012142679577001173,0.0,0.0,0.040695444371781485,0.0,udp,other,SF
1106,0,248315,31172,0,0,0,0,0,0,4,0,0,0,0,0,0,0,0,0,0,28,0.034723198642967926,0.0,0.0,0.0,1.0,0.0,0.18894771499564336,62,0,0.9709192190077116,0.0,0.0,0.044999884284578594,0.003916580781220951,0.0,0.058351982846985166,0.0,udp,private,SF
1107,0,293731,0,0,0,0,0,0,1,0,0,0,6,0,0,0,0,0,0,0,22,0.05380116435041408,0.0,0.0,0.0,1.0,0.03208847860672056,0.0,38,80,0.2863645831969088,0.0,0.0,0.05172191458840449,0.0,0.0,0.11204394791281135,0.0,tcp,smtp,SF
1108,3515,0,0,0,0,0,1,0,0,5,0,0,5,1,0,0,0,0,0,0,12,0.04174027069603908,0.0,0.0,0.0527776943327128,1.0,0.0,0.3148047790234747,227,0,0.0,0.7315011435899409,0.9779902630508779,0.0,0.0,0.05250491516689557,0.0,0.0,udp,other,SF
1109,564,0,21559,0,0,0,2,0,1,8,0,0,9,0,0,0,0,0,0,21,0,0.0,0.0,0.09836797223470622,0.0,0.8498520203205815,0.0327595172333041,0.0,255,240,1.0,0.01196676484301293,0.20543292896242826,0.0,0.0,0.015934297375948876,0.0,0.0,tcp,http,SF
1110,999,76955,0,0,0,0,0,0,0,6,0,0,0,0,0,0,0,0,0,13,17,0.0,0.0,1.0,1.0,1.0,0.011357210160277837,0.0,30,169,0.736473747585624,0.005197086213530731,0.11016935706047931,0.16907222878855624,0.013149367548761472,0.0,0.8447560063773278,0.8651774455076346,tcp,http,REJ
1111,0,398124,0,0,0,0,1,0,1,0,0,0,9,1,0,0,0,0,0,24,0,0.07277039921347643,0.0,0.0,0.18685504264047959,0.98692834290862,0.0,0.05582280217628849,161,110,0.9693795248078367,0.0,0.0,0.0,0.048147469570417704,0.01364154886469862,0.0,0.0,tcp,http,SF
1112,0,529154,707,0,0,0,2,0,1,0,0,0,2,0,0,0,0,0,0,0,0,0.035021559336502715,0.0,0.0,0.0,0.894187450015105,0.016555618214267043,0.04424898962717637,255,255,0.8661333046796728,0.06975508963823107,0.059865611329544224,0.0,0.041217111925815134,0.02854470381912886,0.05008459600916934,0.025323540720998006,tcp,http,SF
1113,0,256227,28052,0,0,0,0,0,1,0,0,0,0,0,0,0,0,0,0,6,0,0.0,0.0,0.15609283321999942,0.0,1.0,0.0,0.11394385717632678,232,95,0.32589632537524804,0.0,0.07987867473794577,0.0,0.020268452820170098,0.0,0.15366098465381156,0.05621426765887032,tcp,smtp,SF
1114,69,94075,57516,0,0,0,0,0,0,0,0,0,5,0,0,0,0,0,0,161,237,0.07335301537783422,0.035759003385348515,0.0,0.0,0.8782141735148126,0.02597776046127257,0.08243926613008827,23,10,0.6337456333751265,0.0,0.0,0.0010817120571070414,0.0,0.0,0.1270853065646729,0.0,udp,domain_u,SF
1115,53,245329,20747,0,0,0,1,0,1,2,0,0,1,0,0,0,0,0,0,0,0,0.01795477612590627,0.006561666925148371,0.0,0.0669946859945325,1.0,0.0,0.27512427593669514,196,197,1.0,0.0,0.16006963166940144,0.0,0.0,0.03774434945866424,0.04281074614005764,0.0,tcp,http,SF
1116,761,0,30533,0,0,0,0,0,1,3,0,0,3,0,0,0,0,0,0,10,0,0.03673488535948781,0.0,0.1484026429390965,0.0,1.0,0.11315197725245504,0.09881208534697576,189,148,1.0,0.0,0.030763442520877017,0.009347173424638512,0.0,0.0,0.1997628543024727,0.0,tcp,http,SF
1117,0,0,0,0,0,0,0,0,0,0,0,0,7,0,0,0,0,0,0,275,286,0.018209026589287254,0.04333117580536393,0.1316788019587115,0.0,0.8681671217944412,0.0,0.0,255,255,0.802433138896897,0.0,0.0,0.0,0.046567207911680154,0.0,0.0,0.03318218401228581,udp,domain_u,SF
1118,236,0,0,0,0,0,0,0,0,0,0,0,3,0,0,0,0,0,0,0,0,0.02631030900484071,0.0,1.0,1.0,0.997792561650068,0.0,0.0,0,228,0.8574868679814414,0.0684200321355365,0.7025022133460479,0.03444945926838437,0.0,0.0,1.0,0.8996547113521742,tcp,http,REJ
1119,0,0,26823,0,0,0,0,0,1,2,0,0,0,0,0,0,0,0,0,0,29,0.029786842403977998,0.0,0.0,0.0,0.98785971500492,0.0,0.0,80,206,1.0,0.0,0.0,0.10727426359275381,0.0,0.0,0.0,0.0,tcp,http,SF
1120,306,109276,6115,0,0,0,1,0,0,0,0,0,0,0,0,0,0,0,0,0,32,0.06318775123274445,0.0,0.0,0.0,0.8535153653916185,0.04473537481082645,0.17467040485888766,0,102,0.803804858331912,0.10032879303944275,0.0,0.0,0.0,0.039960727140016805,0.0,0.0,udp,private,SF
1121,2,60719,0,0,0,0,0,0,0,3,0,0,0,0,0,0,0,0,0,53,42,0.06952184289298403,0.08482980579035448,0.9639623657092318,0.5891729710761449,1.0,0.0,0.30706423518436243,0,164,1.0,0.04092366317310403,0.12169196092502396,0.16375624449751103,0.05494906752657308,0.035500492532833494,0.8030009834651795,0.9879860046165623,tcp,http,REJ
1122,0,225116,0,0,0,0,0,0,0,0,0,0,5,0,0,0,0,0,0,246,249,0.0,0.01046021091943409,0.032331331129033,0.12877068533498395,1.0,0.06430502735599927,0.13561769078961736,255,255,0.8998986515329039,0.0,0.08582766230174857,0.028309825330900484,0.0014090980184413749,0.0,0.0,0.0,udp,domain_u,SF
1123,0,182689,0,0,0,0,0,0,1,0,0,0,10,0,0,0,0,0,0,5,40,0.017284291852924356,0.008707621944593047,0.0,0.10522571443665495,1.0,0.0,0.0,255,169,0.7833538917468053,0.008547294010979228,0.2196773324884185,0.039409952584003455,0.001460113745403887,0.0,0.022901711375596434,0.0,tcp,smtp,SF
1124,0,79713,0,0,0,0,0,0,1,0,0,0,0,0,0,0,0,0,0,16,32,0.06179410421825566,0.020751240698018102,0.0,0.0,1.0,0.0,0.0,157,133,0.5989859755568447,0.004087153154118359,0.0,0.0,0.0024989582910343554,0.036972314688343486,0.0,0.02950351598861429,tcp,http,SF
1125,0,194398,53108,0,0,0,1,0,1,3,0,0,0,1,0,0,0,0,0,0,2,0.0,0.0,0.11299385472021768,0.0,0.9352825518261871,0.0,0.0,164,205,0.7955262125916445,0.0,0.11933377418191336,0.04507396238157431,0.00603446721639334,0.022507017907710116,0.03528339444719536,0.001772454624858865,tcp,smtp,SF
1126,1194,0,16872,0,0,0,0,0,0,0,0,0,0,0,0,0,0,0,0,9,1,0.0,0.0,0.15536708365291826,0.08453754788010949,1.0,0.0,0.0,38,53,0.7666391837718468,0.01591136470657361,0.0,0.0,0.0,0.0,0.1699189493011765,0.0,udp,private,SF
1127,0,138884,51893,0,0,0,0,0,1,0,0,0,0,0,0,0,0,0,0,0,25,0.0,0.02024340035588183,0.0,0.2791922685111392,1.0,0.0,0.0026889363416823012,85,241,0.7987605983721682,0.01567827887314286,0.08333637118706766,0.08407752907718716,0.054888614667816735,0.029021318415515467,0.07204421871426518,0.0,tcp,http,SF
1128,0,0,10863,0,0,0,0,0,1,3,0,0,3,0,0,0,0,0,0,0,0,0.0,0.0,0.0,0.0,0.9657733790929103,0.0,0.16906508588469,255,255,0.828799217910118,0.05604344736405063,0.0,0.0,0.05441540770347806,0.018807046616803595,0.0,0.0,tcp,http,SF
1129,0,124951,3166,0,0,0,0,0,1,0,0,0,0,0,0,0,0,0,0,40,0,0.0,0.09812409429052261,0.0,0.0,1.0,0.053651291121983996,0.16233181560344961,174,208,0.667527881739575,0.09021951822894927,0.11821341975086659,0.0,0.011057061031806323,0.0,0.0,0.0,tcp,smtp,SF
1130,0,218990,0,0,0,0,0,0,1,0,0,0,5,0,0,0,0,0,0,48,30,0.0,0.0,0.13659779127037608,0.12584821855781847,0.8266168851055238,0.0,0.023624459342190443,128,255,0.9822119115448499,0.0,0.0,0.08746436869517663,0.0,0.0,0.1850096898250534,0.5401341357963284,tcp,http,SF
1131,0,0,743,0,0,0,0,0,1,0,0,0,8,0,0,0,0,0,0,24,22,0.050033235511001306,0.041964359064692286,0.13461124986680645,0.0,1.0,0.0,0.0,213,42,0.49275060763353884,0.0,0.12872748789549046,0.012098396787746026,0.011794058800889146,0.00016371876012787038,0.16112766884697738,0.08072370604654508,tcp,smtp,SF
1132,0,16965,455,0,0,0,0,0,0,0,0,0,8,0,0,0,0,0,0,31,0,0.0,0.035860964169440124,1.0,0.96283675292698,1.0,0.06204616488255261,0.0,73,41,0.8078270913745509,0.0,0.0,0.19171155373308024,0.0,0.0,0.9508313723560103,0.9529159083228902,tcp,http,REJ
1133,935,0,0,0,0,0,0,0,1,0,0,0,0,0,0,0,0,0,0,0,16,0.06131243418060974,0.006354426744648512,0.0,0.0,0.8126676367318335,0.0041030543892728935,0.009107209349776858,241,201,0.7503724122925687,0.060226434615573976,0.0,0.0,0.06246944276046182,0.0,0.06626210502943944,0.0,tcp,smtp,SF
1134,0,0,0,0,0,0,0,0,0,0,0,0,10,0,0,0,0,0,0,242,321,0.0,0.014433447000584573,0.11012365235516029,0.0,1.0,0.0,0.056297632188481696,156,250,0.8955233058328655,0.032563992498333263,0.02454633600348817,0.015435405341901035,0.06909481613060811,0.0,0.06251717266634907,0.10406183647681565,udp,domain_u,SF
1135,865,0,0,0,0,0,3,0,1,11,0,0,11,0,0,0,0,0,0,0,0,0.0,0.0,0.16506315446502834,0.0,0.8537412226985481,0.04941473369824962,0.0,119,255,0.9074604155003756,0.0,0.22348579780208513,0.07306880982741015,0.029933296514179926,0.004978224984470851,0.2845637523227292,0.6435930276923294,tcp,http,SF
1136,41,418034,18439,0,0,0,0,0,1,0,0,0,11,0,0,0,0,0,0,80,12,0.005069772193342614,0.0,0.0,0.12758540511332908,0.9550081071515761,0.10898289039631953,0.08921256648686092,0,204,0.963541210710006,0.04060687970431408,0.13605510492390835,0.0368970641602545,0.0,0.0,0.0,0.06683395195655746,tcp,http,SF
1137,25,349041,16420,0,0,0,0,0,1,0,0,0,0,1,0,0,0,0,0,0,0,0.039412868535695575,0.015535972675138234,0.0,0.0,1.0,0.036950617677015234,0.0,255,255,1.0,3.441269673729882e-05,0.026020119006430115,0.055476726760713385,0.0,0.012471630438434769,0.0,0.0,tcp,http,SF
1138,0,176136,0,0,0,0,4,0,1,14,0,0,0,1,0,0,0,0,0,24,54,0.05560101938285465,0.019061753092496858,0.11756793568725586,0.07903537559458132,0.9899849096827701,0.0,0.0,192,255,0.9945375578373926,0.0,0.08146325798651714,0.0,0.0,0.006463230176933647,0.21745882458687274,0.0,tcp,http,SF
1139,3,645718,17111,0,0,0,0,0,1,3,0,0,0,0,0,0,0,0,0,17,41,0.0,0.026056705004498155,0.007492914545500896,0.0,1.0,0.0,0.0,72,229,0.9126117915009312,0.0,0.14829455800371266,0.06266593008244192,0.0,0.0,0.19666136566586712,0.6089624238548255,tcp,http,SF
1140,3793,0,0,0,0,0,0,0,0,0,0,0,0,0,0,0,0,0,0,11,0,0.04829817159041285,0.0028072992264606056,0.0,0.01270595645295975,1.0,0.0,0.18545114962588333,255,13,0.0,0.7187791925107136,1.0,0.0,0.0,0.013627452144309044,0.1094467141508955,0.021799440189610646,udp,other,SF
1141,0,992300,0,0,0,0,1,0,0,0,0,0,0,0,0,0,0,0,0,0,11,0.0,0.04317535119530466,1.0,1.0,0.9972427205759667,0.007567432475620257,0.2056056012688566,31,58,1.0,0.0,0.0,0.18369066023415745,0.007504028054617054,0.017204418434576187,1.0,1.0,tcp,http,REJ
1142,0,0,0,0,0,0,0,0,1,3,0,0,6,0,0,0,0,0,0,0,77,0.04236251155100155,0.0,0.03770284184713025,0.0,1.0,0.10475386203207135,0.0,136,255,1.0,0.0,0.09000779220129458,0.10936865394597911,0.02107720519768784,0.0,0.3500597357917534,0.6180857765927144,tcp,http,SF
1143,0,83525,37612,0,0,0,1,0,0,11,0,0,9,0,0,0,0,0,0,0,0,0.0,0.06533190460004124,0.8853939106429853,0.9343436401939158,0.975144030325022,0.0,0.0,24,255,1.0,0.0,0.496394875851956,0.035674478105630514,0.05612017832539176,0.0010282955438248181,0.9882955034340662,0.9441678819838084,tcp,http,REJ
1144,10,0,0,0,0,0,0,0,1,0,0,0,0,0,0,0,0,0,0,49,14,0.021715002786952847,0.0,0.009234404241577423,0.0,0.9981470998084275,0.0,0.10277477349069113,87,198,1.0,0.0,0.0,0.07107566876641876,0.0,0.0,0.0,0.2199335103999244,tcp,http,SF
1145,3103,122008,4033,0,0,0,0,0,0,0,0,0,0,1,0,0,0,0,0,0,17,0.05489896175394941,0.0,0.03736001281606139,0.05158620070175239,1.0,0.07502173709540669,0.0,234,0,0.38279303614304555,0.5725112733079032,0.9000196659327758,0.0,0.0,0.0,0.0,0.1649391230461306,udp,other,SF
1146,322,273603,55406,0,0,0,2,0,0,0,0,0,0,0,0,0,0,0,0,0,0,0.04313549909758444,0.030293621976389972,0.0,0.0,0.99503013108514,0.0,0.18454768676076408,17,86,0.9146864177579114,0.0,0.15376341190225662,0.0,0.0,0.045905869581641494,0.0,0.01512871075852962,udp,private,SF
1147,0,0,0,0,0,0,1,0,0,1,0,0,0,0,0,0,0,0,0,39,81,0.0,0.0,0.7707213950147381,0.9900855534377161,1.0,0.12588619054309155,0.17057676894770596,7,170,1.0,0.0,0.10519044699091917,0.12999781714425546,0.01282374050689835,0.0,0.8861020179529056,1.0,tcp,http,REJ
1148,684,581523,75,0,0,0,1,0,0,0,0,0,5,0,0,0,0,0,0,12,0,0.0,0.033324940744662926,0.9452936191279262,1.0,0.9509058907929694,0.0,0.12377157893446626,94,160,0.9674381558210661,0.039420680011999366,0.0,0.235987214099614,0.0,0.0,1.0,1.0,tcp,http,REJ
1149,696,78379,0,0,0,0,0,0,0,0,0,0,3,1,0,0,0,0,0,23,0,0.03485596313660363,0.0,0.0,0.0,0.9388676645869422,0.08576889826655304,0.0,34,34,0.897492590772513,0.07561783733296547,0.0,0.0,0.0,0.0,0.03065870785807481,0.0,udp,private,SF
1150,124,88771,57061,0,0,0,1,0,1,0,0,0,1,0,0,0,0,0,0,35,0,0.033463626443629636,0.005256007057242035,0.08651319111889216,0.026968265477342816,0.9218324624755538,0.0281141010242827,0.05994285959413224,240,236,0.5093162466498471,0.0,0.24085076838597436,0.0,0.0,0.010790540525857529,0.025357363541910292,0.0808350154323888,tcp,http,SF
1151,647,0,0,0,0,0,1,0,1,7,0,0,3,0,0,0,0,0,0,0,29,0.013415264512743804,0.0,0.0,0.0,0.8423049525431654,0.05193347014950956,0.27234041932146236,135,183,1.0,0.0,0.11957933176706373,0.02395860959370873,0.0,0.0,0.10178181501139699,0.0849251262507694,tcp,http,SF
1152,183,140719,5651,0,0,0,1,0,1,0,0,0,4,0,0,0,0,0,0,0,0,0.0,0.0,0.019226832779674224,0.0,1.0,0.0,0.019212602448943055,131,255,0.7950789734515793,0.07516958254925711,0.04104207419083622,0.06657520865454636,0.029933747852158014,0.0,0.0,0.04874079379539247,tcp,http,SF
1153,0,0,47538,0,0,0,0,0,1,3,0,0,4,0,0,0,0,0,0,0,10,0.05824692108623523,0.10015545327642061,0.0,0.0,0.9336784630429661,0.0,0.0,191,208,0.5942954706725989,0.12838105821441767,0.08719009774523846,0.02141561575517973,0.004257578182856593,0.027214594755836853,0.0,0.0,tcp,smtp,SF
1154,469,0,25876,0,0,0,2,0,1,0,0,0,0,0,0,0,0,0,0,42,36,0.06691123619942155,0.0,0.0,0.038015762550016374,0.9824331276038865,0.03076829096695458,0.0,5,155,0.7743876285797953,0.0,0.0,0.049900335337956375,0.06883286063603078,0.0,0.0,0.0,tcp,http,SF
1155,74,0,0,0,0,0,1,0,0,1,0,0,7,0,0,0,0,0,0,141,161,0.007960728880038653,0.0,0.1394722108168821,0.0,1.0,0.06862074893890005,0.0,187,88,0.5013410295806232,0.09651203006759584,0.0,0.0,0.0,0.005428760992276454,0.09036744578828844,0.0,udp,domain_u,SF
1156,8,886688,0,0,0,0,0,0,1,0,0,0,2,0,0,0,0,0,0,5,0,0.011113036769048292,0.0,0.0,0.0190003812469716,0.9895533907009776,0.03863750431191737,0.0,255,105,0.5551631322566454,0.02886884755349487,0.01273342256215216,0.052203689383990184,0.054488246162903854,0.0,0.0,0.015599673414498067,tcp,smtp,SF
1157,989,0,17375,0,0,0,0,0,0,0,0,0,0,0,0,0,0,0,0,225,209,0.024457865807152646,0.005841652720559361,0.0,0.15031939922948526,1.0,0.0,0.0,148,45,0.763301767370459,0.040496568354671164,0.13277974367174802,0.0,0.0,0.0,0.0,0.02273339962453316,udp,domain_u,SF
1158,0,0,0,0,0,0,0,0,1,15,0,0,2,0,0,0,0,0,0,25,22,0.07100402954117209,0.0,0.0,0.0,0.895407105827096,0.018925926647230976,0.0,162,195,0.9177078809979584,0.032843030351041025,0.0,0.01898706777704144,0.004347680205166723,0.0,0.0,0.07981344383239385,tcp,smtp,SF
1159,0,0,0,0,0,0,0,0,0,6,0,0,3,0,0,0,0,0,0,20,0,0.012181481270528642,0.04531874783908858,1.0,0.9869373559227582,1.0,0.0,0.0,0,255,1.0,0.0,0.3700957494222248,0.07284033282147565,0.019669485282603563,0.0,1.0,0.6997551008631808,tcp,http,REJ
1160,0,0,0,0,0,0,0,0,1,0,0,0,8,0,0,0,0,0,0,30,6,0.0,0.04369959128620983,0.08406892289405275,0.0,0.991047192857989,0.0,0.0,94,183,0.7264736267646944,0.0,0.0,0.0,0.054181809656433655,0.0,0.0,0.010008104213008672,tcp,smtp,SF
1161,0,191142,0,0,0,0,0,0,1,21,0,0,0,0,0,0,0,0,0,0,0,0.018548802695158465,0.0,0.12924335682513852,0.05574694146885509,0.925026813265611,0.033602082201396065,0.0,238,89,0.57470214094021,0.1542550232839536,0.11862310251234767,0.07359129404581563,0.04599706694937639,0.0753931172198443,0.02444132019923926,0.0,tcp,smtp,SF
1162,0,181827,56679,0,0,0,1,0,1,0,0,0,10,0,0,0,0,0,0,48,26,0.0,0.0,0.0,0.0,0.9249730928643751,0.1247065956842573,0.09120153965787867,255,255,1.0,0.0,0.0,0.0,0.04510312388405107,0.015744461461615494,0.0,0.0,tcp,http,SF
1163,0,221457,6163,0,0,0,0,0,0,8,0,0,0,0,0,0,0,0,0,36,44,1.2129047194544857e-05,0.0,0.8268383940693653,0.8217580938545688,1.0,0.0,0.027249758168648212,0,255,0.86237121865637,0.00420054085571936,0.0,0.1611198770091518,0.0,0.01645715588146831,0.9190671837195632,1.0,tcp,http,REJ
1164,0,0,0,0,0,0,0,0,0,0,0,0,0,0,0,0,0,0,0,38,0,0.0,0.0,1.0,0.9840511110542794,0.9568419846884756,0.14490163296270173,0.0,63,255,0.8443719064270643,0.029622833389123433,0.4717948795969562,0.04616711801835751,0.08041341451963115,0.0,1.0,0.9631800414158684,tcp,http,REJ
1165,0,111532,0,0,0,0,1,0,0,0,0,0,0,0,0,0,0,0,0,0,16,0.025419105768117272,0.0,0.016997576679367934,0.0,0.9266244934329491,0.0,0.10356397011718824,50,135,0.9308307161055565,0.028657913453693354,0.0,0.03856179015589201,0.025244611920875255,0.0,0.12348492130565095,0.0976164550397355,udp,private,SF
1166,1651,0,0,0,0,0,1,0,1,0,0,0,0,0,0,0,0,0,0,0,1,0.05695397909055539,0.0,0.0,0.2529777771152976,0.9681147228637155,0.09046747602726617,0.22811803651917953,27,255,0.9945471071063012,0.0,0.0,0.08997681927561893,0.0,0.005193223645911008,0.0,0.009011091541530803,tcp,http,SF
1167,1210,0,0,0,0,0,0,0,0,2,0,0,0,0,0,0,0,0,0,51,16,0.049608637662351816,0.06323699379354034,1.0,1.0,1.0,0.03163292360434452,0.3070445991797375,0,214,0.6669661779282194,0.0,0.36047404229219604,0.1553080236907631,0.0,0.0,0.9155387731255334,0.9817958255536547,tcp,http,REJ
1168,0,0,37107,0,0,0,0,0,1,0,0,0,5,0,0,0,0,0,0,0,18,0.046235447373324516,0.01525342625242343,0.002260085408251582,0.030052616267207174,1.0,0.015317804459894778,0.019518176543497096,255,191,1.0,0.030933341817590224,0.0,0.0,0.0,0.0,0.019098762308832607,0.11571895988907249,tcp,http,SF
1169,0,0,80614,0,0,0,2,0,1,0,0,0,14,0,0,0,0,0,0,10,91,0.0,0.002031870107337541,0.054386253078599525,0.0,1.0,0.10158875586846841,0.0,45,255,1.0,0.0,0.21341502085504266,0.03448510477010251,0.0,0.05202704216980392,0.19287251060311889,0.1643749138162994,tcp,http,SF
1170,0,360534,26778,0,0,0,0,0,1,7,0,0,0,0,0,0,0,0,0,15,0,0.00708250723647553,0.0,0.043169564606303716,0.08970746920639909,1.0,0.0,0.0,187,143,0.7386141230483034,0.0,0.0,0.007820691871439429,0.02746639063912259,0.0,0.0,0.15366492119042058,tcp,smtp,SF
1171,0,225383,0,0,0,0,0,0,0,0,0,0,0,0,0,0,0,0,0,23,0,0.05792379688388904,0.008085921831301014,1.0,0.9874865118889231,1.0,0.09383328286035217,0.0798499072208223,0,247,0.7469464882003007,0.0,0.2642068369656962,0.1348550731623007,0.01228802229373552,0.0,1.0,1.0,tcp,http,REJ
1172,0,570257,0,0,0,0,0,0,1,2,0,0,5,0,0,0,0,0,0,31,0,0.04216916246901466,0.0,0.0,0.045184147876417016,0.9799186966361082,0.0,0.0,246,20,0.5128370998550018,0.0,0.0,0.0,0.0,0.003576995039288385,0.07652652327314814,0.0038403967108802694,tcp,smtp,SF
1173,0,12911,0,0,0,0,0,0,0,5,0,0,0,0,0,0,0,0,0,205,167,0.07226389357293682,0.010617490846431434,0.0,0.09145347588936777,1.0,0.0,0.0,27,82,0.5046663800115042,0.0,0.3213579550954754,0.0,0.06739061532058367,0.0,0.07538000355308856,0.06647952172492112,udp,domain_u,SF
1174,0,254355,71947,0,0,0,2,0,0,0,0,0,6,0,0,0,0,0,0,0,0,0.0,0.032350236169822875,0.23196531796068703,0.0,0.9640379872341029,0.0,0.0,30,85,0.9573318711941773,0.08502542729591785,0.0,0.04933152077410109,0.0,0.0,0.12427759031434867,0.07258050409003691,udp,private,SF
1175,0,0,0,0,0,0,2,0,1,0,0,0,0,0,0,0,0,0,0,20,21,0.0,0.03995956437992876,0.16142453928863068,0.0,1.0,0.1164390654225921,0.0,148,65,0.614592032725897,0.01242386573930233,0.23867666770412094,0.05486781140474111,0.0,0.044625693612846774,0.0,0.0,tcp,smtp,SF
1176,0,286436,74076,0,0,0,0,0,1,0,0,0,0,0,0,0,0,0,0,21,23,0.0,0.005734636470509367,0.015968616947675714,0.0,0.95589696973088,0.08382188657591998,0.0,135,131,0.8501170478221269,0.1449490904422456,0.007475874259842548,0.011155235672607395,0.0,0.0,0.0,0.0,tcp,smtp,SF
1177,100,58213,48914,0,0,0,1,0,1,4,0,0,0,0,0,0,0,0,0,0,13,0.0,0.022776615499179136,0.0,0.0,0.894878858966905,0.0,0.0,200,255,1.0,0.024806520368956544,0.0,0.0,0.018622617662651927,0.0,0.004643073224606227,0.2928921417240965,tcp,http,SF
1178,250,205359,0,0,0,0,1,0,0,9,0,0,0,0,0,0,0,0,0,41,0,0.0,0.0,0.0,0.0,0.8772585267989303,0.0400592185314407,0.19685267975964915,95,43,0.7205427030435976,0.06676362930928828,0.15503776154612892,0.012075500397057194,0.015080519592691258,0.0030061508280644863,0.12012927909839513,0.0,udp,private,SF
1179,280,128328,0,0,0,0,0,0,1,0,0,0,0,0,0,0,0,0,0,0,0,0.022784275676730924,0.05039058235658474,0.0,0.0,1.0,0.009298325710236352,0.19050424855894124,218,247,1.0,0.03915197892835112,0.0,0.016845066457820072,0.0,0.0,0.11990501120617379,0.08188025924839364,tcp,smtp,SF
1180,0,0,0,0,0,0,0,0,1,0,0,0,7,0,0,0,0,0,0,42,0,0.01947401977969528,0.0,0.0,0.14727337078245448,1.0,0.0,0.12693059500887557,63,158,0.9572086669525166,0.0048298439388390416,0.12996379585614293,0.036548298224956324,0.0,0.0,0.0,0.0,tcp,http,SF
1181,574,0,0,0,0,0,0,0,0,0,0,0,9,0,0,0,0,0,0,251,251,0.011971047743220272,0.0,0.0,0.09960548638865374,0.9152546189189487,0.07085833386950523,0.0,255,254,0.8338833345964911,0.02640167386480024,0.10928790588299574,0.013067317359564932,0.0,0.0659045269572621,0.0974589827472553,0.0,udp,domain_u,SF
1182,0,0,1924,0,0,0,0,0,1,2,0,0,10,0,0,0,0,0,0,33,0,0.017198439832065263,0.05501993483242788,0.0,0.0,0.9353933795560873,0.0,0.0,3,222,0.6962442125386149,0.141837492049738,0.03151668743297141,0.06718169079446722,0.0,0.0,0.0,0.0,tcp,http,SF
1183,425,184944,104576,0,0,0,0,0,0,0,0,0,3,0,0,0,0,0,0,282,309,0.0,0.0,0.06330498626456144,0.015578885077992172,1.0,0.0,0.21942415455040332,242,253,0.9945677880388133,0.0,0.03183786635476597,0.02304897259927703,0.03494522452319245,0.0,0.0,0.0,udp,domain_u,SF
1184,0,225914,0,0,0,0,0,0,0,0,0,0,0,0,0,0,0,0,0,267,324,0.0,0.0,0.0,0.0,0.9998128424594902,0.019084200576471057,0.0,251,255,1.0,0.057192784117874054,0.24569185043785804,0.0,0.07030417503871875,0.014250256411417531,0.0,0.05934208209533082,udp,domain_u,SF
1185,0,0,7982,0,0,0,1,0,0,0,0,0,0,0,0,0,0,0,0,13,0,0.0,0.0,1.0,1.0,0.9568809908122545,0.004903751732890828,0.00532123286661336,45,255,0.8163157977534994,0.0,0.5829111340323451,0.07446131412572937,0.0,0.0,0.986599033908563,0.8878919461081557,tcp,http,REJ
1186,0,0,21828,0,0,0,0,0,1,4,0,0,10,0,0,0,0,0,0,2,13,0.0023582741496860084,0.061921423615321866,0.0,0.0,0.9058127236106381,0.0,0.22818940503361745,255,255,1.0,0.0,0.0,0.03948719845801865,0.014129651159220097,0.02966091320432169,0.0,0.1768841673693197,tcp,http,SF
1187,245,0,2763,0,0,0,1,0,1,0,0,0,12,0,0,0,0,0,0,39,27,0.0,0.0,0.0,0.0,1.0,0.0,0.016740671982627634,0,255,1.0,0.05604299411325339,0.14556152699498615,0.049938063937062356,0.0031602640793598072,0.0,0.09797054498745798,0.002501304614535409,tcp,http,SF
1188,412,0,4170,0,0,0,0,0,1,0,0,0,10,0,0,0,0,0,0,61,7,0.0,0.004555705432651422,0.17026645540517515,0.09760610443873008,1.0,0.0,0.0,227,123,0.42425582829676545,0.22191581296394275,0.0,0.08404743660942303,0.07115362154696957,0.003747540571736548,0.0549508296470345,0.014946845386321662,tcp,smtp,SF
1189,0,0,0,0,0,0,0,0,0,3,0,0,0,0,0,0,0,0,0,0,0,0.0,0.0,1.0,1.0,1.0,0.0,0.1566522264171649,0,213,1.0,0.016886667756919955,0.4068553256577087,0.053950888256719946,0.08756840236056534,0.008583388045480424,1.0,0.8358787684279049,tcp,http,REJ
1190,1029,0,3712,0,0,0,0,0,0,0,0,0,0,0,0,0,0,0,0,0,32,0.05145188004204977,0.0,0.9200184439176026,1.0,1.0,0.0,0.009726218707086398,23,173,0.9572922803427292,0.0,0.09527281868813534,0.16239997521954624,0.0,0.0,1.0,0.9065106956210262,tcp,http,REJ
1191,677,0,17827,0,0,0,0,0,0,0,0,0,0,0,0,0,0,0,0,16,40,0.012731649371231266,0.0,0.9026075250080083,0.7980017203234183,0.9222724191755444,0.07083172941133697,0.09649560202561064,0,208,0.8185491955011971,0.030130600004723763,0.0,0.13153418567600839,0.0,0.026595724132305845,0.8090747885612352,1.0,tcp,http,REJ
1192,0,28336,11567,0,0,0,1,0,0,0,0,0,0,0,0,0,0,0,0,0,32,0.049666660130257584,0.042734084526649514,0.0,0.0,1.0,0.037935429374438126,0.20458285709688903,23,119,1.0,0.04800942638990992,0.015907151966218665,0.0,0.037700274222956534,0.01887160146308634,0.0,0.0,udp,private,SF
1193,504,0,20023,0,0,0,0,0,0,8,0,0,11,0,0,0,0,0,0,0,0,0.0,0.002394042702138176,0.0,0.0933750905395078,1.0,0.0,0.0,165,104,1.0,0.17285744874142678,0.09578543373142748,0.018730743551915105,0.014059902685175017,0.01499979434006363,0.0,0.0,udp,private,SF
1194,1309,0,49568,0,0,0,0,0,1,0,0,0,2,0,0,0,0,0,0,0,0,4.807816797055365e-05,0.04496099031467266,0.13502177807522464,0.0939622849208815,0.9033129029600793,0.03839204797067744,0.048466294095604344,180,162,0.28505565415368944,0.06783408273838348,0.24315366609731356,0.027893633452555123,0.0,0.0,0.10680954052881396,0.12642643431631126,tcp,smtp,SF
1195,1317,346699,34341,0,0,0,1,0,1,0,0,0,0,1,0,0,0,0,0,28,17,0.024264148587890697,0.05713392996865483,0.035751162526933555,0.0636765540295912,0.9777397280493885,0.0,0.0,213,255,1.0,0.0,0.08127583574361713,0.0045639510649706635,0.0,0.0,0.0,0.0,tcp,http,SF
1196,1814,0,2590,0,0,0,0,0,0,0,0,0,1,1,0,0,0,0,0,0,0,0.0,0.001330185780697774,0.027582387020077873,0.0,1.0,0.0,0.0,255,0,0.04275366710994125,0.7621561444012177,0.8128364138393124,0.009811537108251124,0.0,0.0,0.0,0.03177400731940039,udp,other,SF
1197,2017,0,0,0,0,0,0,0,0,0,0,0,3,0,0,0,0,0,0,13,33,0.0,0.0,0.10038054928991746,0.0,0.9942394559809609,0.0,0.015256320231407685,231,0,0.0,0.7299732650296961,0.8327221200948992,0.06421782167668777,0.013277143413238315,0.050469956242045706,0.13347698398586316,0.03518806109913798,udp,other,SF
1198,997,335448,0,0,0,0,0,0,0,0,0,0,5,0,0,0,0,0,0,216,134,0.0,0.016781769571795904,0.062170635139925934,0.05432112644936526,0.8456532272935737,0.14009690792191962,0.0,96,85,0.5369119651493678,0.08028787115636547,0.22980666185367052,0.0,0.0,0.0,0.16580567622527617,0.020202187375419307,udp,domain_u,SF
1199,0,0,0,0,0,0,1,0,1,1,0,0,0,0,0,0,0,0,0,16,0,0.0,0.02536891444689859,0.0,0.0,0.9528531547346543,0.047301053256402326,0.03086507119315373,212,156,0.9760845980545174,0.028674045784506053,0.0,0.07755634064319004,0.0,0.0,0.40760542990148946,0.5134713628566963,tcp,http,SF
1200,0,0,12822,0,0,0,1,0,1,0,0,0,0,0,0,0,0,0,0,27,0,0.040653878763788516,0.0,0.09523794578848424,0.0,0.947955331860564,0.0,0.05204881754185628,71,255,1.0,0.06498666759603704,0.0,0.034829043328630044,0.0,0.041413952431051254,0.04139721626542256,0.13418970187367887,tcp,http,SF
1201,2312,380959,0,0,0,0,1,0,0,0,0,0,10,0,0,0,0,0,0,27,0,0.06129164651968144,0.01050301577427712,0.0,0.2945810191965453,1.0,0.06565131254024553,0.02747948403266556,231,0,0.07592677093330427,0.7083989225303509,0.8720678673772387,0.0,0.08250682914618893,0.0,0.027943973010377755,0.0,udp,other,SF
1202,282,0,0,0,0,0,1,0,0,0,0,0,0,0,0,0,0,0,0,200,206,0.0,0.0,0.0,0.21577350341875196,1.0,0.07300318548244764,0.015048051747071174,81,51,0.30936133059323406,0.003604944055970026,0.11111256432790718,0.0,0.0,0.0,0.0,0.0,udp,domain_u,SF
1203,0,361736,0,0,0,0,0,0,1,0,0,0,12,0,0,0,0,0,0,0,16,0.0,0.0,0.0,0.08034084274970242,1.0,0.01907538705515191,0.0,255,251,0.654622840524117,0.008650620742853415,0.014367308412314322,0.04347570597198266,0.0,0.048619568864442436,0.01595767647189052,0.0815543736542658,tcp,http,SF
1204,2202,140546,0,0,0,0,0,0,0,0,0,0,0,0,0,0,0,0,0,14,20,0.04505010787002588,0.0,0.05570731180148305,0.0,0.9117981628772985,0.0,0.0,255,0,0.0,0.6725267380094695,1.0,0.0,0.0,0.010623752396376182,0.06138584975383128,0.07840746751208788,udp,other,SF
1205,0,0,0,0,0,0,0,0,1,2,0,0,0,1,0,0,0,0,0,20,27,0.003369173125689514,0.0,0.0,0.0,0.988182544422848,0.0,0.010723073313328703,255,194,0.7811502348677102,0.022002919693202765,0.0,0.0,0.08828572674747533,0.02491894144284455,0.06907162803365952,0.0,tcp,http,SF
1206,0,157244,0,0,0,0,2,0,1,0,0,0,7,0,0,0,0,0,0,28,0,0.0,0.05586631747581162,0.0,0.0725469089483007,1.0,0.0,0.0,255,255,0.87831873338173,0.005120196428485487,0.0,0.014438931479255254,0.0,0.020985677753034594,0.04433894351614177,0.0,tcp,http,SF
1207,0,104884,0,0,0,0,1,0,0,5,0,0,0,0,0,0,0,0,0,0,65,0.0,0.0,0.8042690610596999,1.0,1.0,0.01325656987714792,0.17154677181163194,57,148,0.9270557313281089,0.0,0.0,0.18009619816433356,0.0,0.0034006409764821403,0.6800434377887966,1.0,tcp,http,REJ
1208,1533,334377,0,0,0,0,0,0,1,5,0,0,0,0,0,0,0,0,0,0,46,0.0,0.05088841757082031,0.0,0.0,1.0,0.0,0.0,250,160,0.9894362450230768,0.0,0.0,0.0,0.001163969466676118,0.002656325472199855,0.11239889574061136,0.13570396313730007,tcp,http,SF
1209,200,0,0,0,0,0,0,0,0,6,0,0,3,0,0,0,0,0,0,0,0,0.0,0.0058296706377854775,0.9514073728612719,0.9537022619765884,1.0,0.0,0.0,0,195,0.9945475995611607,0.0,0.21550405845084902,0.14927081616757218,0.005971320496317132,0.02575235916460978,1.0,1.0,tcp,http,REJ
1210,3235,13632,13343,0,0,0,0,0,0,2,0,0,0,0,0,0,0,0,0,16,0,0.0,0.0,0.0,0.008889750652980883,1.0,0.045832074329382896,0.05346417778533962,255,43,0.0021680705845178484,0.5652064175334952,0.8493044234968828,0.0,0.0498995551075139,0.0,0.0,0.07947454722510543,udp,other,SF
1211,0,0,29955,0,0,0,29,0,1,4,0,0,0,0,0,0,0,0,1,21,0,0.03363920857849946,0.008487705180883296,0.0,0.0,0.9999416420035481,0.12391804147184726,0.0,94,57,0.48427392592431184,0.1260263273617946,0.1351478942730301,0.0,0.0451411625307867,0.05036349059668689,0.01933544673150062,0.06889933988914532,tcp,ftp,SF
1212,0,230513,0,0,0,0,0,0,0,15,0,0,0,0,0,0,0,0,0,191,209,0.0,0.0,0.013605823164417405,0.0,1.0,0.03748385742248366,0.1678335313028766,0,69,0.3498327326824381,0.04242461989214577,0.0,0.020360653626035268,0.0,0.0,0.029535000403168192,0.0,udp,domain_u,SF
1213,0,0,0,0,0,0,0,0,0,0,0,0,0,0,0,0,0,0,0,0,0,0.0006029596326677772,0.027013290180066773,1.0,0.8808092256085446,0.9744147188176685,0.0,0.12083929959633044,0,223,1.0,0.0,0.2896630659137095,0.04443289617949459,0.012680058431849009,0.029715035579241492,0.8466299579409275,0.7353361017532718,tcp,http,REJ
1214,0,333099,19072,0,0,0,0,0,1,0,0,0,0,0,0,0,0,0,0,20,0,0.11539466193340439,0.0,0.01361441192042305,0.055344163405773146,1.0,0.0,0.012552841270161277,231,255,1.0,0.038103488671103164,8.425594760105941e-05,0.004585619530097722,0.0,0.01469366867417438,0.0,0.0,tcp,http,SF
1215,0,152863,0,0,0,0,0,0,1,0,0,0,18,0,0,0,0,0,0,0,0,0.005710751257565468,0.03804898525576087,0.13380464139264872,0.027567245684793677,0.982076640710374,0.08357978904350837,0.12681342550656796,245,199,0.7965428013136306,0.0,0.09685889259827908,0.0019091128574474155,0.0,0.0,0.0,0.10805357830883193,tcp,http,SF
1216,0,0,0,0,0,0,28,0,1,12,0,0,0,0,0,0,0,0,1,40,0,0.0,0.06378171552397456,0.0,0.11523232458483194,0.8430810020702671,0.02847548867803629,0.03177623971504446,140,18,0.38600907123819916,0.02724949673120343,0.20004010440732267,0.03251383729634901,0.045050263125947995,0.014045114920615392,0.0,0.10714615468351626,tcp,ftp,SF
1217,0,395682,42475,0,0,0,0,0,1,12,0,0,0,0,0,0,0,0,0,56,39,0.0,0.0,0.045100731333274684,0.0,1.0,0.014229279450731993,0.0,255,194,1.0,0.02414596457379434,0.0,0.09183937891792898,0.009963237014680758,0.0037024721781520314,0.34568961116097446,0.6295521881729039,tcp,http,SF
1218,0,731221,30821,0,0,0,0,0,0,0,0,0,0,0,0,0,0,0,0,28,0,0.03252624702690565,0.0,1.0,0.8462576404311258,1.0,0.019431829589396377,0.12018889514676347,0,248,0.993030683589268,0.09220610539875178,0.6812711516864633,0.031074696054423204,0.07169266384773441,0.0,0.9392512034225197,0.8079533731987141,tcp,http,REJ
1219,900,328987,21296,0,0,0,0,0,1,0,0,0,13,0,0,0,0,0,0,7,0,0.026501027189771972,0.0,0.0,0.046188351639409736,0.8255051006988537,0.0,0.0,255,73,0.08043526668831152,0.03803841856021352,0.023597539797288448,0.03897201124739758,0.020171028319866214,0.0,0.03910754434330081,0.18672563188751037,tcp,smtp,SF
1220,2609,467199,32371,0,0,0,1,0,0,0,0,0,0,0,0,0,0,0,0,51,9,0.0,0.09602595060960006,0.002641538477206979,0.0,1.0,0.028679216147843762,0.0,255,37,0.16529525877550993,0.6299934614306796,0.9209306942061461,0.0,0.04095720403924324,0.0,0.07201918740043388,0.011918879365939519,udp,other,SF
1221,867,27942,0,0,0,0,0,0,0,8,0,0,3,1,0,0,0,0,0,9,0,0.0,0.0,0.9619127669619459,0.918975944563214,0.9776590514266436,0.0,0.09427398916312851,0,255,1.0,0.0,0.28668440273001894,0.12270907670754812,0.0,0.014739680468567625,0.9576359278366925,1.0,tcp,http,REJ
1222,276,0,47325,0,0,0,1,0,0,0,0,0,0,0,0,0,0,0,0,255,269,0.0,0.0,0.06026142375888518,0.10264453017161727,1.0,0.02896866964451294,0.059909213799734726,255,225,1.0,0.06472253556748446,0.17257423521625612,0.0,0.0024173445944990486,0.0,0.0759160665008884,0.0,udp,domain_u,SF
1223,530,0,13813,0,0,0,0,0,0,0,0,0,0,0,0,0,0,0,0,0,29,0.0,0.09967776141021861,0.09176646224785172,0.0,1.0,0.0,0.05088561899283671,45,81,0.29365047765645635,0.07605651945205925,0.0,0.0,0.018238614552046322,0.025484446517922272,0.1323115542823823,0.0,udp,private,SF
1224,0,83489,35234,0,0,0,0,0,0,14,0,0,0,1,0,0,0,0,0,0,11,0.08880693666333883,0.0,1.0,0.9558191768851759,0.9000642113844404,0.043419472861408674,0.1876788012961692,0,211,0.9143562906193184,0.06183958278590557,0.14513164503595516,0.12959607095061773,0.022491836660362828,0.0,1.0,1.0,tcp,http,REJ
1225,352,0,13496,0,0,0,0,0,0,2,0,0,2,0,0,0,0,0,0,1,31,0.030019157157206187,0.0,0.9766643809556006,0.9746527882274469,1.0,0.0,0.0,40,119,0.7689886410472188,0.02535897448194491,0.0,0.23330105972137616,0.069583399335414,0.0,1.0,0.8683797142145323,tcp,http,REJ
1226,522,0,5857,0,0,0,29,0,1,3,0,0,0,0,0,0,0,0,1,14,39,0.0,0.0,0.0,0.0,0.9338503238600571,0.0,0.0,107,0,0.5084099651295393,0.10968142297434327,0.0897038654683729,0.0,0.026899458853865212,0.0,0.08342754551107318,0.0,tcp,ftp,SF
1227,0,0,0,0,0,0,1,0,0,0,0,0,2,0,0,0,0,0,0,0,48,0.06050685416342124,0.006370901555178899,0.8450744008463175,0.8894197059273076,0.9099635706852726,0.0,0.1775971950909077,50,255,0.8219472241204868,0.1297409939994829,0.22589808123578875,0.21729416453779246,0.0,0.058672785141058545,0.8885619779383482,1.0,tcp,http,REJ
1228,376,201723,13136,0,0,0,0,0,1,3,0,0,13,1,0,0,0,0,0,0,0,0.009163124835858266,0.0020354071585989247,0.0,0.0,1.0,0.1620153038257718,0.0,255,255,1.0,0.0,0.009345647520555896,0.0,0.023277067275769035,0.08797549391874829,0.08287966972115599,0.1372957481327161,tcp,http,SF
1229,380,0,0,0,0,0,1,0,0,0,0,0,1,0,0,0,0,0,0,33,18,0.0,0.0,0.8740022124293094,0.8009340412855925,1.0,0.0,0.037840068214524014,0,255,1.0,0.15514448337019857,0.002797120420036228,0.13373731006310968,0.037046277003335064,0.05812732524122716,0.7353985380063199,1.0,tcp,http,REJ
1230,0,0,32784,0,0,0,0,0,1,0,0,0,0,0,0,0,0,0,0,27,68,0.08089888785995633,0.0,0.011878467750085903,0.11780888599869935,1.0,0.012217253621923219,0.034113461582495744,255,119,1.0,0.06035842921089554,0.06670551672677771,0.0,0.0,0.0,0.0,0.16273226657585552,tcp,http,SF
1231,0,494183,0,0,0,0,1,0,0,1,0,0,0,0,0,0,0,0,0,1,12,0.0,0.0023616955646441487,1.0,1.0,0.9709629153823834,0.0,0.044914325969862307,23,118,1.0,0.1691838983672644,0.17014524766562822,0.18078555444749025,0.0,0.0,1.0,1.0,tcp,http,REJ
1232,0,0,0,0,0,0,0,0,0,0,0,0,0,0,0,0,0,0,0,34,33,0.0,0.058903888146090704,0.7791709544394277,0.6825017640093741,0.9291050410177263,0.10112707702204642,0.025020405177165334,66,211,0.8478253871044455,0.0,0.0,0.18188000427339518,0.034792531117365494,0.0,0.8426822946087188,1.0,tcp,http,REJ
1233,58,284720,71411,0,0,0,0,0,0,0,0,0,0,0,0,0,0,0,0,234,242,0.0,0.014828338117885297,0.0,0.03354819202024329,1.0,0.0599552464422222,0.0,229,255,0.8566922615679683,0.03464964663613611,0.06583046773416962,0.0,0.0,0.022484620438049913,0.24432662558952917,0.0,udp,domain_u,SF
1234,220,0,0,0,0,0,0,0,0,0,0,0,1,1,0,0,0,0,0,174,195,0.054825980706507335,0.0,0.0,0.0,0.9286191295909634,0.02365448152438064,0.0,98,40,0.7686208105574299,0.030272088709913943,0.1355010615442292,0.0,0.04901642079195386,0.061221650085309096,0.0,0.0,udp,domain_u,SF
1235,0,180130,0,0,0,0,31,0,1,0,0,0,2,0,0,0,0,0,1,0,23,0.0,0.0,0.0,0.0,0.9771615184333663,0.06738239952118127,0.0,88,0,0.1485672335346484,0.11694565759282041,0.14670828745736905,0.0,0.007213595763143035,0.026279233533314465,0.0,0.16152701790112217,tcp,ftp,SF
1236,18,359157,0,0,0,0,2,0,0,0,0,0,13,0,0,0,0,0,0,15,1,0.06559680350950556,0.034246145567935364,1.0,0.9199741979656212,1.0,0.017962987739038885,0.24569298508581083,0,255,0.7863702643754948,0.030276483847459797,0.35281314036797257,0.06838278321584673,0.0,0.005517313612041205,1.0,0.7964154031852859,tcp,http,REJ
1237,393,243708,12034,0,0,0,0,0,1,0,0,0,0,0,0,0,0,0,0,7,0,0.003940383957667639,0.07474999717696704,0.0,0.07660239808934055,0.9907270961895357,0.000449448353106676,0.0,219,145,0.4182293290542085,0.043056652444813506,0.07730633990311267,0.0,0.0014000631807577183,0.0,0.11087404156187745,0.0,tcp,smtp,SF
1238,425,298655,0,0,0,0,2,0,1,0,0,0,0,0,0,0,0,0,0,0,0,0.034708214215504414,0.0,0.0,0.07140198472407269,0.9640165744962996,0.0,0.025561022488513434,218,87,0.32786011155722794,0.07020284179756955,0.1951594430323324,0.0,0.0,0.0,0.0,0.0,tcp,smtp,SF
1239,1043,0,0,0,0,0,0,0,1,1,0,0,8,0,0,0,0,0,0,0,37,0.0,0.049569267600065595,0.042096734098082095,0.2556988411238233,0.896727257916604,0.0,0.0,81,61,0.9205708479827923,0.023115939565987786,0.33221053483595986,0.02752677786762854,0.027137823860446775,0.002574399625428601,0.0,0.10190086051478005,tcp,smtp,SF
1240,858,364502,29590,0,0,0,1,0,0,0,0,0,9,0,0,0,0,0,0,68,48,0.025445031879081613,0.0,0.9363795027561475,0.6861057828990921,1.0,0.0,0.41619698344473677,0,192,1.0,0.0,0.10098000472261356,0.14616516362058696,0.01828551490323305,0.0256366005723248,0.8428524122853596,0.8724482984521842,tcp,http,REJ
1241,0,0,0,0,0,0,0,0,0,0,0,0,2,0,0,0,0,0,0,16,17,0.015390912239087281,0.0,0.0,0.0,0.9728741147079428,0.0007597774846053272,0.0,69,90,0.8971911512162136,0.05921269480675531,0.13526998449949407,0.0,0.0,0.0,0.0,0.0,udp,private,SF
1242,1141,86034,27817,0,0,0,0,0,1,0,0,0,0,1,0,0,0,0,0,0,14,0.0,0.0,0.0,0.20825142235172603,1.0,0.0,0.0,255,124,0.3086490796722396,0.0,0.0,0.0,0.007945669145956135,0.011652269095824746,0.0,0.12517675402078332,tcp,smtp,SF
1243,0,84524,28662,0,0,0,0,0,0,0,0,0,5,0,0,0,0,0,0,0,0,0.0,0.05936046375767052,0.9200045295929073,0.9947406367102803,1.0,0.07562548079694444,0.0,46,67,1.0,0.0,0.0,0.17618349750511408,0.02350350287995128,0.007989686738624133,1.0,0.7877102135541897,tcp,http,REJ
1244,702,158781,36774,0,0,0,0,0,0,0,0,0,0,0,0,0,0,0,0,7,36,0.017430986903790115,0.0646631738520244,0.9168576555430348,0.7737025551689296,1.0,0.14299136211162874,0.0,0,231,1.0,0.0,0.16571189298731723,0.13560354154829418,0.019272405959522877,0.002914283247911717,1.0,1.0,tcp,http,REJ
1245,46,110527,5237,0,0,0,2,0,1,0,0,0,0,0,0,0,0,0,0,4,36,0.0,0.0,0.014567012242304967,0.019078667070265107,0.9826559877288045,0.0,0.04929575770174354,203,221,1.0,0.0036045195897693068,0.0,0.0030211138143011675,0.04382633669924483,0.0,0.0,0.0,tcp,http,SF
1246,0,0,115516,0,0,0,0,0,1,5,0,0,4,0,0,0,0,0,0,17,1,0.04528787242350173,0.0,0.0,0.0,0.9743987735907133,0.08629638102693586,0.0,96,183,0.8467600936550663,0.0,0.029779746059809563,0.0016399980038713303,0.0,0.0035132352879035022,0.0,0.0,tcp,http,SF
1247,0,0,36906,0,0,0,0,0,0,0,0,0,6,0,0,0,0,0,0,16,31,0.009577534613558907,0.0,0.07520448428629045,0.03809423769659731,0.9184023559979734,0.0,0.1535741652745295,0,107,0.7585030667154836,0.027874560091754524,0.19215084512231498,0.03978987103348886,0.0,0.0,0.0,0.0,udp,private,SF
1248,2524,285666,11430,0,0,0,1,0,0,0,0,0,10,0,0,0,0,0,0,12,18,0.022568376177254205,0.03390493496761443,0.012642593939520835,0.0,0.9600466600266866,0.0,0.12694094831808864,255,0,0.0,0.6100036822446879,1.0,0.0,0.0,0.0,0.137377835602284,0.0,udp,other,SF
1249,0,60929,0,0,0,0,0,0,0,0,0,0,0,0,0,0,0,0,0,0,27,0.0,0.0,0.0,0.10882977853367685,1.0,0.0,0.0,106,35,0.8908940368967828,0.04875402760230066,0.1699001987171992,0.01027496985839992,0.05318061696454237,0.02569028866860615,0.0,0.0,udp,private,SF
1250,650,379936,643,0,0,0,0,0,1,0,0,0,2,0,0,0,0,0,0,0,16,0.0,0.0,0.0,0.0868601085623215,0.9398433505226542,0.00629383284295013,0.0,9,255,0.9241904793410249,0.05798757445427006,0.02370112110172219,0.02362287835727459,0.004449178948460976,0.05573543096251709,0.03575922725020166,0.0,tcp,http,SF
1251,1019,0,49866,0,0,0,0,0,0,8,0,0,2,0,0,0,0,0,0,57,28,0.0,0.00910938200342205,0.0,0.09530475653586416,1.0,0.0,0.0,71,58,1.0,0.0,0.0,0.06624467354151506,0.0,0.004940760349994148,0.0,0.0,udp,private,SF
1252,0,0,61272,0,0,0,0,0,1,4,0,0,1,0,0,0,0,0,0,0,0,0.03275299064064387,0.0,0.19903122224934006,0.01934163356641852,1.0,0.04452210931078812,0.008444945336309722,233,255,1.0,0.0,0.27435652344314265,0.0,0.0,0.0,0.17416643163360288,0.14825193110026028,tcp,http,SF
1253,203,320161,51861,0,0,0,0,0,1,8,0,0,1,0,0,0,0,0,0,0,2,0.0,0.02480429534496461,0.0,0.16260393493372596,0.9672206955741938,0.0,0.0,155,255,0.7482442832381385,0.1503780811907097,0.16707360208692815,0.0,0.032121296985189916,0.02203779381516393,0.0,0.0,tcp,smtp,SF
1254,0,0,27371,0,0,0,0,0,0,2,0,0,0,0,0,0,0,0,0,0,23,0.12387923266637303,0.0,0.9026883740804373,1.0,0.9032279118137677,0.0,0.0,12,232,1.0,0.05886224438345965,0.6077495683390917,0.0691980931636583,0.04793610512175167,0.005381606762801467,1.0,0.6586319013636319,tcp,http,REJ
1255,2217,112083,0,0,0,0,0,0,0,3,0,0,2,0,0,0,0,0,0,0,10,0.0,0.014996973979354289,0.0,0.0,0.9695628265186205,0.0,0.1417223129223836,221,78,0.0,0.7073224299354558,1.0,0.006608101003092097,0.0,0.03312066266911622,0.0,0.0,udp,other,SF
1256,520,0,16982,0,0,0,2,0,0,0,0,0,5,0,0,0,0,0,0,53,61,0.0,0.0,0.8621116130908446,0.7379833703029912,0.8952548910111952,0.0,0.09092368173173285,0,255,0.9197198404518038,0.0,0.0,0.14725938636585645,0.018862781953099077,0.0030887190018149013,0.7628896569576242,1.0,tcp,http,REJ
1257,0,538182,0,0,0,0,0,0,0,0,0,0,9,0,0,0,0,0,0,0,0,0.0,0.0,1.0,0.9294050482321178,1.0,0.0,0.01665751670277648,0,255,0.8323842600686282,0.0,0.3374644394553751,0.1699162721079497,0.01832649614977293,0.017024779432903443,0.9996463504472876,0.8333359010013723,tcp,http,REJ
1258,1168,0,0,0,0,0,3,0,1,0,0,0,0,0,0,0,0,0,0,44,0,0.0,0.044321482309865,0.06316805851911063,0.059679188535711664,1.0,0.0,0.071240669185032,255,234,1.0,0.0,0.0,0.050647287675685305,0.0,0.0503478153018227,0.010161371249106523,0.0,tcp,http,SF
1259,0,0,9794,0,0,0,0,0,1,8,0,0,0,0,0,0,0,0,0,1,0,0.0,0.04675846136390022,0.0,0.0,0.9463666887625035,0.0,0.0,243,166,0.44483933240050877,0.016186779361677138,0.020021227959789202,0.04078885860394735,0.0,0.03681934179304096,0.08423930008119962,0.1892989614883036,tcp,smtp,SF
1260,675,35273,18384,0,0,0,0,0,0,0,0,0,0,1,0,0,0,0,0,32,0,0.04915196073312312,0.0,0.12932695953092424,0.015720321096455093,0.9587798930922925,0.10714888821085444,0.0,73,20,0.853202615322654,0.0,0.15839298061158158,0.0,0.020060062807164658,0.0,0.0,0.017484105960077108,udp,private,SF
1261,75,0,31817,0,0,0,1,0,1,2,0,0,0,0,0,0,0,0,0,0,17,0.02495280982221158,0.012209794460712678,0.08285867268569513,0.0,0.9129654561871233,0.059686061461172425,0.061587142620583346,255,84,0.44349214883926436,0.0,0.026670312572840603,0.05957648432052919,0.056834292568642635,0.03140907480381445,0.0,0.05114871545020079,tcp,smtp,SF
1262,535,108483,20147,0,0,0,1,0,1,2,0,0,0,1,0,0,0,0,0,0,42,0.025093988030071804,0.019495533714663588,0.0,0.0,1.0,0.0,0.10926432128897437,0,255,1.0,0.08062072418461844,0.24735288093510294,0.05616639733381842,0.06260232448981655,0.0,0.0,0.0,tcp,http,SF
1263,0,529071,22682,0,0,0,30,0,1,8,0,0,0,0,0,0,0,0,1,3,0,0.06207337519620828,0.020933145872524723,0.0,0.0,1.0,0.0,0.06727568308748103,122,0,0.10717966481632418,0.07336908615070015,0.0,0.0,0.0,0.0,0.011726570799965723,0.0,tcp,ftp,SF
1264,0,0,0,0,0,0,1,0,0,0,0,0,3,0,0,0,0,0,0,15,38,0.02366109251379745,0.07677580218724724,0.06109163374855016,0.0,0.8899955610088204,0.04669661890659149,0.19724555416255635,0,15,0.912792594563601,0.12908097419127035,0.08857362144381777,0.0018413163303615911,0.04603554777241774,0.024210548669233615,0.0,0.0,udp,private,SF
1265,0,129331,0,0,0,0,0,0,0,6,0,0,0,0,0,0,0,0,0,0,0,0.0,0.01854429727802472,1.0,1.0,1.0,0.015329307762095743,0.0033266706641683344,75,106,0.8276744630435973,0.06546205840442133,0.3022287990623912,0.21273163805555523,0.0475897626811699,0.0444316679495702,0.9906822550759021,1.0,tcp,http,REJ
1266,2077,0,0,0,0,0,0,0,0,0,0,0,0,0,0,0,0,0,0,9,0,0.03445294115707038,0.0,0.0,0.0,0.9818989340233681,0.13806896607387803,0.0,255,0,0.0,0.6598618260680703,1.0,0.0,0.01901147467853768,0.0,0.0,0.15927158825399565,udp,other,SF
1267,445,0,0,0,0,0,1,0,1,0,0,0,3,0,0,0,0,0,0,30,0,0.0,0.019038963432797394,0.0071651768127598695,0.0,1.0,0.0,0.14698594674444665,63,255,0.9770233847711914,0.0,0.004911376828856964,0.06054173534038621,0.0,0.009206613506585883,0.0,0.0,tcp,http,SF
1268,437,0,25965,0,0,0,2,0,0,0,0,0,10,0,0,0,0,0,0,0,14,0.0,0.0,0.0,0.3196984999566226,0.8649821236604885,0.08732665059315727,0.0,152,55,1.0,0.09229661763971053,0.11170976640901169,0.0,0.0,8.834074228708179e-05,0.0,0.0,udp,private,SF
1269,399,0,0,0,0,0,1,0,0,5,0,0,0,0,0,0,0,0,0,0,4,0.0,0.0,0.9419631177242889,1.0,1.0,0.0,0.0,9,181,0.8643921545134378,0.04889624048037586,0.023921763000717043,0.27375713470448937,0.00498917370154668,0.0,0.9012328960566394,0.9927404693653521,tcp,http,REJ
1270,1032,357704,34440,0,0,0,1,0,1,4,0,0,0,0,0,0,0,0,0,0,35,0.0,0.05426902208644613,0.0,0.0944884958974377,0.9699678941897532,0.0,0.096212612995944,31,244,0.7135407916384233,0.06364058485314539,0.21670558620068497,0.07051997519481586,0.0,0.0,0.0278340477845865,0.09228146206094512,tcp,http,SF
1271,977,0,38781,0,0,0,1,0,0,6,0,0,0,1,0,0,0,0,0,0,58,0.0,0.02376601507055419,0.10723637901961436,0.1649889829362188,1.0,0.12371896644421992,0.05007783062841368,0,12,0.6876872798818148,0.049128090261526494,0.18456595222161182,0.0,0.0,0.014543435048758852,0.1086686562222152,0.0,udp,private,SF
1272,0,0,0,0,0,0,0,0,0,0,0,0,14,0,0,0,0,0,0,13,14,0.0,0.0,0.0543799579551285,0.009361881740926179,1.0,0.0,0.0,39,0,0.7779385938618931,0.059189515320673444,0.0,0.02012249364790322,0.0,0.0,0.07942097405132234,0.02561805879796219,udp,private,SF
1273,261,0,20904,0,0,0,1,0,1,0,0,0,0,0,0,0,0,0,0,0,0,0.0,0.0,0.21425732075256868,0.0,1.0,0.0,0.09057786791069464,255,123,0.7711606434089412,0.003528681073523693,0.030349377139673252,0.014863997101052467,0.0,0.03304630285472371,0.13864082817925227,0.06914752003928597,tcp,smtp,SF
1274,0,0,0,0,0,0,0,0,0,0,0,0,5,0,0,0,0,0,0,0,15,0.0,0.033709170733632304,0.0,0.1374123623049446,0.9921966076524028,0.0,0.2531523407482503,68,68,1.0,0.026553865997288914,0.06330146628707531,0.04913555859928237,0.02721512917978339,0.03920405768418847,0.12009719712366847,0.20689144036573515,udp,private,SF
1275,16,0,0,0,0,0,0,0,0,10,0,0,8,0,0,0,0,0,0,21,87,0.05475657475221895,0.0,0.8639473951769511,0.9567283612307464,1.0,0.0928349605984275,0.1137090701136127,3,255,0.8786281204537504,0.0,0.0996018633898291,0.21781192178649417,0.022106768272121144,0.0,0.834322958982394,1.0,tcp,http,REJ
1276,0,314862,6829,0,0,0,2,0,1,11,0,0,0,0,0,0,0,0,0,0,29,0.06308135962186012,0.0,0.03149836550483213,0.06235049668228926,0.9871173428106927,0.0,0.0,90,118,0.9772369998441867,0.0,0.05058473448288673,0.06346193895014614,0.024094403368388074,0.0,0.18267147205258735,0.0,tcp,http,SF
1277,1089,0,0,0,0,0,0,0,1,5,0,0,3,0,0,0,0,0,0,15,30,0.0,0.11841661662104269,0.09113710272576263,0.08944304783920737,1.0,0.0,0.0,130,169,0.8731312337070614,0.01968713913769972,0.08190605947684894,0.02068494515349359,0.0,0.0,0.07382594490813198,0.0,tcp,smtp,SF
1278,244,0,0,0,0,0,0,0,1,2,0,0,4,0,0,0,0,0,0,26,0,0.0029051653491289618,0.0,0.13815869033274045,0.0,1.0,0.0,0.2770453157562635,247,255,0.9612680494735779,0.0,0.053352358504476116,0.018135058754704763,0.0009342760641887976,0.0,0.0,0.014453248249188538,tcp,http,SF
1279,2493,0,68962,0,0,0,1,0,0,9,0,0,0,0,0,0,0,0,0,0,13,0.0769487985160033,0.048171509262201324,0.009520859083297067,0.0,1.0,0.0,0.0,196,0,0.0,0.7309908210065401,0.9081748440755142,0.0,0.0,0.0,0.0,0.0,udp,other,SF
1280,835,572181,0,0,0,0,29,0,1,0,0,0,0,1,0,0,0,0,1,0,0,0.0,0.06675918962474271,0.0,0.17268527653745327,0.9252877375785649,0.07324104190490179,0.0,0,0,0.23467152741776803,0.0,0.0,0.03280945691761583,0.04208415527784733,0.0026593665014018075,0.014732817156849811,0.0,tcp,ftp,SF
1281,1181,251710,13451,0,0,0,0,0,0,0,0,0,0,0,0,0,0,0,0,11,0,0.0,0.0,0.0,0.08152201222872865,1.0,0.0,0.014971134645269663,225,27,0.1221575857007284,0.7017483979461212,0.9676383127378639,0.0,0.0,0.0,0.08597314827047879,0.0,udp,other,SF
1282,0,0,0,0,0,0,1,0,0,0,0,0,0,0,0,0,0,0,0,0,1,0.04182235300995083,0.011851197512609778,1.0,0.8518210563923284,1.0,0.0,0.13617792701305592,0,208,0.9153422024654093,0.0,0.21216342623589757,0.10723220224360566,0.0,0.04818613989794321,0.9776553527691084,0.9514381169525442,tcp,http,REJ
1283,535,426969,31661,0,0,0,0,0,0,0,0,0,0,1,0,0,0,0,0,22,4,0.0,0.0916016034341765,1.0,0.9461716005737398,0.9124247848136239,0.0,0.166927333692822,0,148,1.0,0.0,0.0,0.2054510473919354,0.04429059486888794,0.0,0.9051862442976553,0.9495195605816849,tcp,http,REJ
1284,41,0,10403,0,0,0,0,0,0,0,0,0,0,1,0,0,0,0,0,56,9,0.061787359160145675,0.020445300733185817,0.702891873240447,0.976179264320058,0.9843621019042973,0.0,0.0,5,255,1.0,0.0,0.18042410993930258,0.1579809098332491,0.03781104613844467,0.02716877925377969,0.9271806247543731,0.9688800853242453,tcp,http,REJ
1285,169,580873,13555,0,0,0,1,0,1,0,0,0,0,0,0,0,0,0,0,0,7,0.0,0.10524730701148166,0.0,0.046137232933456916,1.0,0.05616573334337456,0.0,105,115,0.7188520439851864,0.06034635541437675,0.0,0.03548176869455577,0.02146208041010388,0.0,0.0,0.0,tcp,smtp,SF
1286,0,0,0,0,0,0,0,0,1,7,0,0,9,0,0,0,0,0,0,0,0,0.0,0.0,0.07700703252182334,0.0184348718120851,0.9711527640610781,0.02789340976193051,5.575381783478096e-05,221,215,0.9638733918187179,0.0,0.0,0.04273263069518949,0.07274874424912775,0.0017822453100955222,0.029670626065764046,0.0,tcp,http,SF
1287,0,351583,0,0,0,0,2,0,1,4,0,0,0,0,0,0,0,0,0,0,40,0.03841594686231215,0.07995693654831104,0.0,0.021482701015865923,0.9729313292200793,0.04208064215007733,0.1318976214858697,131,255,0.774663775550156,0.010873029646510398,0.30042821291973526,0.01820117728810096,0.09619736739491491,0.013078964342145385,0.00421289060746393,0.0509410914803854,tcp,http,SF
1288,1346,0,32660,0,0,0,0,0,1,10,0,0,0,0,0,0,0,0,0,26,11,0.00488824998524616,0.0007418636654261941,0.0,0.0,1.0,0.002088245657944467,0.08007042447172455,191,255,0.9639109009317248,0.0029295736624624577,0.0,0.0,0.056686893866631644,0.003939454311949301,0.0,0.0,tcp,http,SF
1289,554,0,61874,0,0,0,1,0,0,0,0,0,9,0,0,0,0,0,0,56,12,0.005270502113543504,0.0,0.11559264788664755,0.0,0.9601777347439303,0.0,0.03655158924619099,129,38,0.8822724308573937,0.0,0.15010543130276818,0.0,0.0,0.0,0.17353054335892956,0.0004297925504015139,udp,private,SF
1290,118,0,16889,0,0,0,2,0,0,13,0,0,0,0,0,0,0,0,0,51,32,0.0,0.028476866165390628,0.0,0.0,1.0,0.0,0.1235599278395067,29,24,0.7144760688801061,0.061743808013584325,0.15748861209181586,0.0,0.03828241360256412,0.0,0.001633466935014328,0.0,udp,private,SF
1291,0,91070,0,0,0,0,0,0,1,0,0,0,0,0,0,0,0,0,0,4,26,0.0,0.0,0.0,0.10239855878718206,0.9669485075184439,0.03175306329112815,0.0,82,137,0.9614304639313207,0.0,0.0,0.01855068149788969,0.0050776355871974595,0.0,0.0,0.0,tcp,http,SF
1292,0,0,12142,0,0,0,0,0,1,0,0,0,0,1,0,0,0,0,0,0,1,0.04200790398484919,0.0,0.1391636549176326,0.0240757342305524,1.0,0.11670706711875392,0.05684491393889079,255,90,0.5472195478289323,0.017179272415650964,0.0,0.05113755839156218,0.0,0.0,0.03474024695750356,0.15809443473817109,tcp,smtp,SF
1293,0,193527,86075,0,0,0,0,0,1,0,0,0,2,1,0,0,0,0,0,24,0,0.0,0.021587323215050403,0.0,0.0716613456712385,0.9954434790742241,0.0,0.02992964060174128,166,169,0.5096461625891633,0.0,0.0,0.058119800634641894,0.0,0.009672643475665038,0.0,0.19532998341704322,tcp,smtp,SF
1294,183,0,3897,0,0,0,0,0,1,9,0,0,0,0,0,0,0,0,0,0,17,0.034065186198720086,0.0,0.0,0.055408098596676364,1.0,0.0,0.0,214,188,0.24847554684839238,0.15214758234039158,0.04537603377587092,0.036532052712189574,0.012403401424190262,0.05318770084624402,0.06525593133961591,0.139035471199984,tcp,smtp,SF
1295,568,203282,52637,0,0,0,0,0,1,2,0,0,4,0,0,0,0,0,0,17,0,0.01302916977792784,0.0,0.16570064471020488,0.14277643019141736,1.0,0.0,0.0,255,255,0.845516511682172,0.055519063772540025,0.0,0.0,0.03762583828850492,0.010435484485923126,0.08407490242907775,0.0,tcp,http,SF
1296,0,146231,0,0,0,0,30,0,1,0,0,0,0,0,0,0,0,0,1,9,0,0.0,0.03215203344195353,0.023730272194123592,0.046078992114507875,0.9836099942961748,0.06107301319928416,0.018118755289544687,0,28,0.5723665638703648,0.07588517628798654,0.0,0.0,0.06353507193962492,0.017304275608049976,0.26380505241611557,0.0,tcp,ftp,SF
1297,0,0,1351,0,0,0,0,0,1,0,0,0,0,0,0,0,0,0,0,22,30,0.06601152196489708,0.044115443731597204,0.06913003319372686,0.08347459680308719,1.0,0.0,0.0,7,255,1.0,0.0,0.045256898894438534,0.05423839213376663,0.03105139439420803,0.03143349539656262,0.009554651755363094,0.06804698065591504,tcp,http,SF
1298,0,0,24128,0,0,0,0,0,1,0,0,0,0,0,0,0,0,0,0,37,49,0.0,0.015893873275456664,0.0,0.016954494250263782,0.8975796776204231,0.04079208246502934,0.36835836068705147,125,90,0.8456796461682518,0.0,0.15028920966969045,0.0,0.026436717304070555,0.0,0.0,0.0,tcp,http,SF
1299,0,49599,13850,0,0,0,0,0,0,8,0,0,9,0,0,0,0,0,0,31,58,0.0,0.012274108256384692,0.9891583033264336,0.9039745362055678,1.0,0.0,0.1835482101569454,77,231,1.0,0.0,0.14765506240998164,0.12728263874854426,0.0,0.0,1.0,0.9326197537252985,tcp,http,REJ
1300,36,180145,0,0,0,0,0,0,0,5,0,0,0,1,0,0,0,0,0,254,240,0.0,0.017901116186731004,0.0,0.0,0.927221877584595,0.04540740268363711,0.14761256227230576,235,180,0.9413351789287749,0.02559090369021485,0.0,0.012557111528668785,0.00997367807212251,8.527042560136698e-05,0.14063197937211275,0.0,udp,domain_u,SF
1301,0,674829,0,0,0,0,0,0,0,9,0,0,5,0,0,0,0,0,0,0,0,0.003914972180295618,0.04261463022042615,1.0,1.0,1.0,0.0,0.0,140,255,1.0,0.025687228087941296,0.13064431954656985,0.104246791552729,0.0,0.02483187078807868,1.0,0.9651773766622243,tcp,http,REJ
1302,413,307714,34788,0,0,0,0,0,1,3,0,0,3,0,0,0,0,0,0,0,14,0.037288059305128095,0.0,0.08455559319054982,0.06868358271482726,1.0,0.0,0.0,255,255,1.0,0.01449362377244552,0.04673196455052733,0.036638082352019256,0.026036874072272093,0.05838795221568799,0.08130066966378281,0.0,tcp,http,SF
1303,513,331660,42993,0,0,0,0,0,1,0,0,0,4,0,0,0,0,0,0,0,8,0.0,0.0,0.01993253095383332,0.14706479110926945,0.9612868591772941,0.06778385925833276,0.0,68,152,0.7011224569449679,0.04206226164339033,0.0,0.0,0.019885956988061494,0.0,0.0742098663965109,0.0,tcp,smtp,SF
1304,2470,1011019,52816,0,0,0,0,0,0,0,0,0,0,0,0,0,0,0,0,0,0,0.042202756401603495,0.0,0.10790055456618262,0.0,0.9683618528442361,0.0,0.015418834534856143,181,0,0.14491286146144983,0.6690528574953609,1.0,0.01812627294820007,0.08817379884993008,0.03194266332122319,0.04943690734522827,0.11066779076388568,udp,other,SF
1305,0,169107,64562,0,0,0,0,0,1,3,0,0,3,0,0,0,0,0,0,15,3,0.00331080217561465,0.008711128893275568,0.0673695957321091,0.02290540474383034,0.9919616330647834,0.0,0.0,255,255,1.0,0.02207230397981102,0.0025021247305145795,0.00693506910190784,0.0,0.00758110573773686,0.0,0.04004926969078933,tcp,http,SF
1306,0,158857,6373,0,0,0,0,0,1,0,0,0,0,0,0,0,0,0,0,0,22,0.02693613716250676,0.0,0.0,0.0,1.0,0.02065988855288263,0.0648274873103774,197,255,0.9292626583507737,0.0,0.05515918745721847,0.04205648187403773,0.05487299640271329,0.0,0.0,0.0,tcp,http,SF
1307,828,234371,0,0,0,0,0,0,1,0,0,0,0,0,0,0,0,0,0,0,0,0.11628734602927918,0.0,0.0,0.16462755420705455,0.9265167294428405,0.0,0.14615922799691364,215,237,0.9355108857709926,0.031455696332126915,0.037907623023507045,0.0,0.0,0.0,0.0,0.08341824397056452,tcp,smtp,SF
1308,0,0,47860,0,0,0,0,0,1,0,0,0,0,0,0,0,0,0,0,29,0,0.0,0.0,0.0,0.03815387086698501,0.9919580877784211,0.0316352041255827,0.0,116,253,0.8994878767931203,0.11909904069717311,0.0,0.12226611564877637,0.07816961131206582,0.0,0.17308003485296916,0.6221957528912366,tcp,http,SF
1309,0,0,24856,0,0,0,0,0,0,6,0,0,0,0,0,0,0,0,0,38,8,0.0,0.04507693499079603,0.9266287507703914,0.8600943205617847,0.9769237119702895,0.0,0.0,0,255,0.9417599782569632,0.02681231829988577,0.0,0.20151722698003435,0.06676683561193783,0.01665053343465151,0.7443206340856438,1.0,tcp,http,REJ
1310,0,0,0,0,0,0,0,0,1,3,0,0,10,0,0,0,0,0,0,6,3,0.00942215053668127,0.0,0.04694620243715706,0.0,0.9152331920539896,0.0,0.16583592287759552,66,240,1.0,0.11640533786112771,0.0,0.009430332768480052,0.05214006068492675,0.035514487226884765,0.18157870841667487,0.07057179746110745,tcp,http,SF
1311,540,215911,0,0,0,0,2,0,1,3,0,0,3,0,0,0,0,0,0,47,22,0.01712170062101102,0.0,0.012955578104995986,0.0,0.923060262019705,0.08367740123398132,0.05050917254223106,230,173,0.8583095910690988,0.08229246138859098,0.0,0.027480923910908082,0.012774245526555584,0.0,0.0,0.0,tcp,smtp,SF
1312,0,0,17294,0,0,0,0,0,0,0,0,0,0,0,0,0,0,0,0,22,0,0.04237603446530187,0.023521661678793524,0.10308803194968633,0.0,1.0,0.04716709790689078,0.0,0,20,0.7867926844278169,0.20537477773399504,0.12434127090275351,0.01999817771317295,0.0,0.014884450584081669,0.009750094893591018,0.06428885580507204,udp,private,SF
1313,271,48985,0,0,0,0,0,0,1,1,0,0,0,1,0,0,0,0,0,3,16,0.0,0.0,0.0,0.0,1.0,0.0,0.09932076021704013,91,255,1.0,0.005130642139169152,0.00927746004432559,0.01978389011589746,0.0,0.0,0.0,0.06835692389602101,tcp,http,SF
1314,380,355925,0,0,0,0,0,0,0,0,0,0,1,0,0,0,0,0,0,17,96,0.0,0.03919317650481889,0.7886580535331811,0.8381262691653211,0.9437512276078619,0.0,0.0,82,189,1.0,0.07385905402156973,0.0,0.1618154820833968,0.0,0.0,0.86889310322855,1.0,tcp,http,REJ
1315,1234,533103,37719,0,0,0,0,0,1,0,0,0,0,0,0,0,0,0,0,23,0,0.0,0.0,0.0,0.005488132863731406,1.0,0.0,0.0,95,111,0.6263802497927567,0.03211744698639588,0.0,0.059844741876870895,0.021540810622046998,0.012097093268676695,0.006840858861471467,0.09586554551939344,tcp,smtp,SF
1316,0,0,27916,0,0,0,0,0,1,0,0,0,2,0,0,0,0,0,0,7,0,0.0,0.0,0.025602891013791203,0.018691708630387497,0.952367299169644,0.0,0.0,117,160,0.4543392561605408,0.030629537813466848,0.09303309430338684,0.0,0.0,0.05579706167145125,0.0,0.19974926015795177,tcp,smtp,SF
1317,253,0,46357,0,0,0,0,0,0,0,0,0,0,0,0,0,0,0,0,0,22,0.0,0.06320555946559073,1.0,1.0,1.0,0.01227494454740615,0.002284567430531442,30,255,1.0,0.0,0.6646339839322253,0.0757949783789553,0.017627192274828913,0.0,1.0,0.9315563136536759,tcp,http,REJ
1318,0,622170,0,0,0,0,0,0,1,0,0,0,0,0,0,0,0,0,0,26,31,0.0,0.0550485530992739,0.0,0.009419577647374089,0.9924178308923267,0.0,0.13752063639960266,87,45,0.28232980716161943,0.0,0.0,0.03291952818837133,0.007823077564505522,0.0,0.0,0.0,tcp,smtp,SF
1319,800,253340,8955,0,0,0,0,0,0,16,0,0,0,1,0,0,0,0,0,233,211,0.1004030058647078,0.0,0.0,0.0,1.0,0.0,0.0,11,19,0.7394452447106621,0.08317827405638686,0.28519858496316375,0.02103678825692832,0.0,0.0,0.0,0.017040659891262536,udp,domain_u,SF
1320,0,0,24362,0,0,0,0,0,0,0,0,0,0,0,0,0,0,0,0,34,57,0.0,0.01760575314726308,0.041371120577719,0.0,0.875373623820453,0.03526542765475859,0.0871778986136009,134,0,0.7072573635453792,0.04942888614472378,0.0,0.0,0.04888522667283473,0.012735931400315386,0.0,0.0,udp,private,SF
1321,0,0,0,0,0,0,0,0,1,0,0,0,4,0,0,0,0,0,0,51,19,0.016306592553714937,0.0,0.013024653422139067,0.024720476998906137,1.0,0.09595407467352772,0.0,70,184,1.0,0.0535230490468981,0.0,0.0,0.004426242563898058,0.0,0.07898532710236929,0.11623686929348737,tcp,http,SF
1322,0,54173,0,0,0,0,2,0,0,1,0,0,0,0,0,0,0,0,0,58,0,0.0,0.02754357108529765,0.850623042594271,0.9614859846933748,1.0,0.0,0.1457347905479168,0,165,0.7767028649631207,0.058251062874799996,0.2537679498479595,0.17318361694789514,0.0397151948766806,0.04577547270799401,0.9390195651906658,0.9177011108748101,tcp,http,REJ
1323,0,258858,0,0,0,0,1,0,1,12,0,0,9,0,0,0,0,0,0,48,4,0.010835368143948884,0.0,0.0,0.10787856550350203,0.9898481656091347,0.06426664528879109,0.0,202,226,0.6033001505453329,0.19115652398827968,0.0,0.0,0.0,0.0104652654187366,0.008961278154300421,0.2144403071634871,tcp,smtp,SF
1324,154,301621,4782,0,0,0,1,0,1,1,0,0,0,0,0,0,0,0,0,23,0,0.0,0.03879024262711598,0.03804053082424484,0.0,0.9603262446050845,0.05323461230625759,0.21002687223816613,35,255,1.0,0.02714521120755934,0.22402184169536338,0.07786257907798107,0.0,0.0017735270112521767,0.039332959468582764,0.0,tcp,http,SF
1325,650,92969,56876,0,0,0,2,0,0,5,0,0,10,0,0,0,0,0,0,262,310,0.05033848476138435,0.05316610956683418,0.16814121249324068,0.025506514611974368,0.9886700660845491,0.0,0.09205797169936343,255,144,1.0,0.0,0.0,0.0,0.0,0.0,0.025076241616149575,0.0,udp,domain_u,SF
1326,197,191793,70842,0,0,0,2,0,1,0,0,0,8,0,0,0,0,0,0,0,33,0.05003733456003829,0.0,0.0,0.0,1.0,0.0,0.0329573207413471,236,220,0.8991162309429059,0.0,0.0,0.0,0.01118887192779212,0.010593236436255087,0.019730060338184766,0.0,tcp,http,SF
1327,0,21097,0,0,0,0,0,0,0,0,0,0,8,0,0,0,0,0,0,1,0,0.0,0.0030121335141799956,0.08035996832088119,0.1079274590188342,0.910872983909831,0.13243199821272703,0.03788639163868091,48,54,0.9364844784493932,0.02837573516118125,0.0,0.03657147920545829,0.0,0.020072479806337074,0.0,0.0,udp,private,SF
1328,0,0,19122,0,0,0,0,0,1,1,0,0,0,0,0,0,0,0,0,21,48,0.06996696273999758,0.054101048821010175,0.0,0.14584225235533294,1.0,0.0,0.0,156,204,1.0,0.000800170005440282,0.17264975379528777,0.06848189863109416,0.0628453903796739,0.0,0.3023871907044685,0.5590273708831726,tcp,http,SF
1329,498,0,21159,0,0,0,1,0,1,0,0,0,0,0,0,0,0,0,0,5,32,0.03695507852822056,0.0,0.0,0.0,1.0,0.0,0.0,255,177,1.0,0.08497281323518455,0.14515963839308083,0.032316413272858606,0.04765714807983748,0.0,0.0,0.022266708481520615,tcp,http,SF
1330,0,6449,15192,0,0,0,0,0,1,5,0,0,9,0,0,0,0,0,0,0,0,0.06770364272606512,0.0,0.0,0.04063096677748655,0.980798830977547,0.14437783366917145,0.0354127010962023,255,210,0.9433204630042357,0.07323175981588105,0.0,0.0,0.0,0.0,0.0,0.0016960823291319801,tcp,http,SF
1331,0,0,13908,0,0,0,3,0,0,0,0,0,2,0,0,0,0,0,0,0,0,0.0,0.029442229052687067,1.0,0.9890629820208299,0.9839448660367897,0.0,0.0,19,255,0.9021724266575835,0.0,0.19046508515834487,0.1383888031064574,0.13571242885151216,0.006148759878060865,0.9548280477464198,0.9589617818984325,tcp,http,REJ
1332,589,0,10926,0,0,0,1,0,1,6,0,0,4,0,0,0,0,0,0,22,46,0.04627469578054095,0.0,0.013210906412481793,0.028787640119764812,1.0,0.09937276017626367,0.0,255,255,0.7794089437834792,0.1566237156019208,0.08430089005776088,0.0,0.0,0.03792726872239537,0.0,0.02945740592664048,tcp,http,SF
1333,181,0,58958,0,0,0,2,0,0,0,0,0,0,0,0,0,0,0,0,240,208,0.0,0.0,0.0,0.04582065987784927,1.0,0.0,0.0,234,255,1.0,0.0,0.0,0.01837235084892094,0.05947699881196067,0.0,0.2890257313971289,0.0,udp,domain_u,SF
1334,277,18501,38577,0,0,0,0,0,0,0,0,0,14,0,0,0,0,0,0,6,15,0.0,0.0,0.046564247649288855,0.0,1.0,0.010155297159730608,0.07723233172918825,109,161,1.0,0.012746858166547054,0.1836992971682988,0.0,0.0,0.02776430370524388,0.09531365193357529,0.0,udp,private,SF
1335,1250,158500,0,0,0,0,1,0,1,0,0,0,0,0,0,0,0,0,0,13,34,0.10597909331738178,0.07770310879876757,0.00415178093848134,0.07697561220607783,0.9305931188516272,0.07975730520797193,0.07928613412165425,94,104,0.6443881238138135,0.0,0.0,0.054516582968994226,0.028776364087450646,0.010583633016480964,0.07657722837491734,0.16971580822299195,tcp,smtp,SF
1336,315,0,28076,0,0,0,3,0,1,0,0,0,0,1,0,0,0,0,0,35,1,0.0,0.09178259435848353,0.011240435312466622,0.11274389316795701,0.9679506318434463,0.0,0.17123687442883226,255,247,0.8509547180201698,0.0,0.0,0.0051257117189302094,0.043754360418360776,0.0,0.0,0.0,tcp,http,SF
1337,442,159720,31107,0,0,0,0,0,0,8,0,0,0,0,0,0,0,0,0,48,21,0.0,0.0,0.9691295739700649,1.0,0.915729010652333,0.007325306193059363,0.0,110,204,1.0,0.0,0.0,0.15474626128694216,0.0,0.02341815275881512,0.9819113172458096,0.9708413334813221,tcp,http,REJ
1338,1821,0,11126,0,0,0,0,0,0,0,0,0,0,0,0,0,0,0,0,0,4,0.0,0.0,0.0,0.0,0.8608619893813478,0.05467641189558197,0.0,33,0,0.6510771067172428,0.09532469677484004,0.0,0.0,0.08046749217562352,0.0,0.25108131862061484,0.0,udp,private,SF
1339,0,0,39767,0,0,0,0,0,1,2,0,0,0,0,0,0,0,0,0,6,0,0.0,0.0,0.17201603644275437,0.0,0.9144361622650643,0.0,0.0,255,25,0.6115092301757047,0.06779105991379242,0.07493698213258176,0.0,0.0,0.0,0.0,0.0,tcp,smtp,SF
1340,0,0,6883,0,0,0,0,0,1,0,0,0,19,0,0,0,0,0,0,7,0,0.0,0.08017064823542101,0.14243226064097642,0.0,1.0,0.16454675253945725,0.03659555891292351,219,80,0.5049189307933345,0.0,0.029978367805056513,0.011619241383398295,0.0,0.0,0.05489014381308838,0.05600166601158921,tcp,smtp,SF
1341,287,250337,7326,0,0,0,2,0,1,0,0,0,0,0,0,0,0,0,0,22,26,0.0,0.03746666419866431,0.16172863868204954,0.0,1.0,0.07621746714265494,0.18865632439100094,219,255,1.0,0.0064373826099807996,0.10386017710921662,0.01861680010488452,0.0,0.0,0.17978021805057764,0.0,tcp,http,SF
1342,295,552443,4373,0,0,0,0,0,0,0,0,0,0,0,0,0,0,0,0,16,0,0.01457979503274641,0.06514047766932131,0.0,0.0,1.0,0.0,0.0,94,74,0.8632176125206233,0.08197830635461625,0.0,0.022095028267022667,0.0,0.0,0.0,0.0,udp,private,SF
1343,0,256097,0,0,0,0,0,0,0,1,0,0,0,0,0,0,0,0,0,40,0,0.026304140206851345,0.04443362290608529,0.0,0.0,0.9149424892636571,0.0,0.0035969137459826183,89,14,0.9654410602523871,0.0,0.0,0.0,0.0,0.004986872931133693,0.014625130409163542,0.0347437036247613,udp,private,SF
1344,0,0,0,0,0,0,1,0,1,2,0,0,0,0,0,0,0,0,0,0,11,0.0,0.0,0.0,0.03390496013758571,0.9412720258473788,0.14040964059803468,0.0,143,220,1.0,0.11422201974396497,0.0,0.025271009676358133,0.0,0.017348276667151566,0.28822816125164047,0.654911326051695,tcp,http,SF
1345,1555,0,0,0,0,0,0,0,0,2,0,0,6,0,0,0,0,0,0,13,0,0.0,0.0,0.10924309219540024,0.0,0.9308882335361499,0.0,0.03430760089014905,79,0,0.8261718193209365,0.11783779285132395,0.33947847461573016,0.0070278718581328545,0.03506452883839299,0.0,0.0,0.05901099667722816,udp,private,SF
1346,220,83997,0,0,0,0,1,0,0,0,0,0,0,0,0,0,0,0,0,15,0,0.05267826453649744,0.0,0.9999804651945836,0.9007206619043766,0.809925796969285,0.0,0.1346652410017565,18,198,0.710969776714067,0.05223904510036366,0.07715385437125495,0.16365268542973058,0.0053086499179513715,0.0,1.0,0.8809067955191786,tcp,http,REJ
1347,0,58172,50120,0,0,0,0,0,0,0,0,0,2,0,0,0,0,0,0,262,270,0.08290819684812202,0.0,0.0,0.0,0.9876572265784144,0.08418210261078685,0.25921289399172087,255,255,1.0,0.08747616563026298,0.0,0.0,0.0,0.0,0.0,0.1317253120301189,udp,domain_u,SF
1348,622,188732,19033,0,0,0,1,0,1,4,0,0,0,1,0,0,0,0,0,0,24,0.06106035615963937,0.0,0.03700690612425331,0.07805738788865237,1.0,0.0,0.06730309191672439,186,148,0.7147667761425534,0.0,0.0,0.012866607687118215,0.04680359131727583,0.0,0.0757532174020753,0.0,tcp,smtp,SF
1349,0,0,1491,0,0,0,1,0,1,0,0,0,19,0,0,0,0,0,0,7,10,0.0,0.0,0.0,0.28153343866251634,0.9814174441655275,0.0,0.0762125674603054,71,197,1.0,0.0,0.0,0.0,0.08136604014789572,0.05046621120385971,0.04193996762729467,0.0,tcp,http,SF
1350,0,21489,0,0,0,0,2,0,1,0,0,0,4,0,0,0,0,0,0,0,0,0.057826776698614774,0.02849687160382779,0.0,0.030718815918562268,0.9066554311482433,0.006181221223787288,0.0,227,214,1.0,0.08110403356307506,0.0,0.0022209495442426005,0.0,0.01617314988631601,0.08767251803944522,0.09847065379389841,tcp,http,SF
1351,378,141316,14350,0,0,0,0,0,1,13,0,0,0,0,0,0,0,0,0,60,29,0.09012292574514887,0.006041888422875838,0.013143967158681633,0.0,0.9377749100762579,0.0,0.0,62,255,1.0,0.0,0.07225230635353672,0.046365499804083866,0.07478513485578131,0.0,0.0,0.12833588588847564,tcp,http,SF
1352,0,274189,34889,0,0,0,0,0,1,0,0,0,0,1,0,0,0,0,0,11,32,0.0,0.05427070113193148,0.0,0.0,0.9757882457947252,0.0,0.0,212,205,0.5903236043733453,0.14786676478895625,0.0,0.0,0.008932730434482379,0.0,0.038025173661938944,0.0,tcp,smtp,SF
1353,237,0,0,0,0,0,0,0,0,7,0,0,0,0,0,0,0,0,0,246,335,0.052638899751246845,0.011204859457673948,0.0,0.06669559556143075,1.0,0.005075201755652708,0.0,255,255,0.8239880017973807,0.10333731944732774,0.0,0.017714395142287988,0.0,0.020229117419297324,0.10019360883420672,0.0,udp,domain_u,SF
1354,1285,0,0,0,0,0,0,0,0,0,0,0,0,0,0,0,0,0,0,0,45,0.010949615522128737,0.0,0.0,0.0,0.9865398004078733,0.05054462580280634,0.017224157680673775,24,78,1.0,0.07534971626992931,0.0,0.0,0.01901032144624884,0.000609897122896263,0.0,0.04251089169890987,udp,private,SF
1355,313,0,30391,0,0,0,0,0,0,4,0,0,0,0,0,0,0,0,0,284,238,0.0,0.008385100885821405,0.0,0.1111548495541025,1.0,0.0,0.08439791345619571,255,255,1.0,0.0,0.0,0.007682986024801552,0.0,0.0,0.0,0.0,udp,domain_u,SF
1356,0,0,0,0,0,0,0,0,0,5,0,0,12,0,0,0,0,0,0,20,27,0.0051624137834564085,0.0,0.0,0.027710653938980062,0.9940111429001117,0.0,0.008584198927300501,166,92,0.827276518786363,0.06710524975294341,0.0,0.01636537143100719,0.03963867980645952,0.02376990197885473,0.05680096352404204,0.24523729178851497,udp,private,SF
1357,0,0,2019,0,0,0,0,0,1,0,0,0,0,0,0,0,0,0,0,8,22,0.021550509547370433,0.0,0.0,0.0,1.0,0.09225506854630226,0.0,39,205,1.0,0.0,0.0,0.0610256125526105,0.006697068894990033,0.020556424239271495,0.08035405768864418,0.0,tcp,http,SF
1358,2363,0,0,0,0,0,0,0,0,0,0,0,0,0,0,0,0,0,0,18,0,0.056279645501753225,0.028617972157188313,0.0,0.0,0.9307788792785416,0.038789266029792116,0.01701786626188893,255,36,0.05752677271839193,0.711603969308064,1.0,0.0,0.0164352096283127,0.0,0.013230340616312838,0.03423130271370307,udp,other,SF
1359,0,54205,0,0,0,0,1,0,0,0,0,0,0,0,0,0,0,0,0,0,10,0.05377238200510297,0.04530693070279699,1.0,1.0,0.9495038241767513,0.0,0.0,83,116,0.8553114192985728,0.048315289802200255,0.0,0.20711991237704647,0.0,0.0,1.0,0.9845510533131633,tcp,http,REJ
1360,0,0,0,0,0,0,0,0,0,0,0,0,7,0,0,0,0,0,0,297,326,0.0,0.003209202004211587,0.0713550715780257,0.0,0.9075394530285161,0.06763375840161336,0.10850218313102063,255,215,1.0,0.019728976339351646,0.05601723136474798,0.07140676971830337,0.0,0.02943153660935136,0.0,0.0,udp,domain_u,SF
1361,615,0,4797,0,0,0,0,0,0,4,0,0,0,0,0,0,0,0,0,29,38,0.0,0.0,0.9093071486255082,1.0,1.0,0.017754990978592185,0.0,29,255,1.0,0.0748625585468423,0.17746855822114618,0.19679617623899012,0.034167390582249706,0.0,1.0,0.9100587504871409,tcp,http,REJ
1362,0,70536,67055,0,0,0,0,0,0,0,0,0,0,0,0,0,0,0,0,0,0,0.004548982674996266,0.0,0.9733401531626648,0.9840714715363832,0.9785611330243554,0.13141199048193888,0.0,9,255,0.9858132954253204,0.017958046883955345,0.3433948973915317,0.08798378410007351,0.0,0.0,0.9929094040485215,0.9483884115365853,tcp,http,REJ
1363,579,0,0,0,0,0,1,0,1,1,0,0,8,0,0,0,0,0,0,0,4,0.07643836881525747,0.05191914880710925,0.0,0.0,0.7351199684936148,0.04878107472996071,0.062365027563736665,255,233,1.0,0.00947140409289038,0.0,0.00919888388830795,0.018534964360366,0.0,0.0,0.0352979702259857,tcp,http,SF
1364,0,162913,10498,0,0,0,0,0,1,0,0,0,0,0,0,0,0,0,0,57,16,0.0,0.021913785822173,0.0,0.0,1.0,0.0,0.06906930020800593,165,179,0.8108985270806552,0.21809672633542293,0.04704973093883259,0.0,0.07844213601577694,0.00877830159186519,0.13912060157240955,0.0,tcp,smtp,SF
1365,253,0,73560,0,0,0,0,0,1,0,0,0,5,0,0,0,0,0,0,40,0,0.0,0.012954973465210491,0.12040828602501905,0.0,1.0,0.0,0.0,59,191,1.0,0.0,0.25113550143237096,0.04455809848583649,0.0,0.0,0.0807333028274409,0.0,tcp,http,SF
1366,0,9821,0,0,0,0,0,0,0,0,0,0,0,0,0,0,0,0,0,0,0,0.0,0.0,0.9813921344497246,0.9339164440930876,0.9402368027213853,0.0,0.08422158733708865,73,172,1.0,0.08972538336431747,0.10167412110004964,0.1358344300794745,0.03224748688312713,0.0,0.956034598900263,0.9217984513154552,tcp,http,REJ
1367,892,0,64024,0,0,0,1,0,1,0,0,0,4,0,0,0,0,0,0,0,12,0.0,0.0,0.0,0.04386312381951653,1.0,0.02273617323707659,0.08561689126099911,181,243,0.9563955675445294,0.08462278464145959,0.0,0.07715999631558684,0.0,0.0,0.24798925322040588,0.6946785385101009,tcp,http,SF
1368,837,99206,186,0,0,0,2,0,0,0,0,0,0,0,0,0,0,0,0,7,6,0.04792461825444832,0.0,1.0,1.0,0.9845585364363347,0.0,0.2667348739357742,0,255,1.0,0.05448071428447032,0.6157488589398877,0.011495447420191637,0.0,0.009967373024994907,1.0,0.9286458236563944,tcp,http,REJ
1369,645,41047,63794,0,0,0,1,0,1,0,0,0,0,0,0,0,0,0,0,0,0,0.0,0.01124338256819833,0.0,0.0,0.8440728365903345,0.0,0.0,255,229,1.0,0.0,0.16049604849384122,0.03200699000958866,0.0,0.0,0.0,0.050683801497696954,tcp,http,SF
1370,0,0,30303,0,0,0,31,0,1,0,0,0,6,0,0,0,0,0,1,0,13,0.0,0.0,0.09356281289665853,0.0,1.0,0.04327040148971853,0.0,118,90,0.4015014293706849,0.08208731042654616,0.0,0.0,0.0,0.0,0.031295617367185266,0.024388605857822678,tcp,ftp,SF
1371,567,0,11032,0,0,0,1,0,1,0,0,0,5,0,0,0,0,0,0,0,34,0.0,0.0,0.10685339104446914,0.0,0.9850008891271854,0.07345533948962751,0.0,255,112,0.4173541638364503,0.0,0.0,0.02874126861189911,0.0,0.0,0.01352620515822803,0.0802275567479905,tcp,smtp,SF
1372,272,0,0,0,0,0,0,0,1,0,0,0,0,0,0,0,0,0,0,5,0,0.09897972513634773,0.07643086539998269,0.014292913008064729,0.0,1.0,0.0,0.06667766229643274,177,245,1.0,0.0,0.1516738860558202,0.10938239402557318,0.0,0.03163013603389946,0.31096874486136306,0.4515147077517394,tcp,http,SF
1373,0,0,0,0,0,0,0,0,1,7,0,0,0,1,0,0,0,0,0,35,6,0.0,0.0,0.047009360064914296,0.0,0.9540137109376656,0.015384034832715755,0.0,255,242,1.0,0.008471691389939352,0.06512045160170579,0.07802536061077331,0.0,0.01916200918837387,0.0,0.026445008970504436,tcp,http,SF
1374,17,0,6794,0,0,0,30,0,1,0,0,0,12,0,0,0,0,0,1,51,18,0.02591043008520041,0.0,0.0,0.007425075945598843,0.9782412239586166,0.0,0.1334334372468209,37,69,0.42073397448204086,0.0030492220554877783,0.14158315769499025,0.0,0.0,0.018117721640007942,0.0,0.102690710723209,tcp,ftp,SF
1375,249,0,31427,0,0,0,0,0,0,0,0,0,4,0,0,0,0,0,0,0,15,0.07621886150200566,0.0,0.08780216149906181,0.0,1.0,0.0,0.0,3,0,0.8644615552013524,0.03496139482375282,0.2291512971955359,0.0,0.08223294461201859,0.0,0.024767658817073938,0.022201302524336143,udp,private,SF
1376,374,204866,1223,0,0,0,0,0,1,0,0,0,0,0,0,0,0,0,0,0,0,0.0,0.0,0.0,0.007722598270004662,0.9232417228320997,0.0,0.06373063629889182,255,249,1.0,0.0,0.07050263476862337,0.004035545407012902,0.0017416304669493462,0.0,0.10277473956357387,0.005090554706694683,tcp,http,SF
1377,123,0,0,0,0,0,0,0,0,6,0,0,0,1,0,0,0,0,0,13,0,0.09373581172547624,0.0,0.0,0.0,1.0,0.0410263529439962,0.0,79,6,0.7524914961144442,0.09208209834246991,0.09827706868636393,0.018772278472791944,0.0,0.013837046793653838,0.0,0.0,udp,private,SF
1378,196,0,0,0,0,0,0,0,1,0,0,0,7,1,0,0,0,0,0,49,0,0.0,0.0,0.0027728593820362524,0.0,1.0,0.018804299521814834,0.0,255,229,1.0,0.10536954285479677,0.0,0.0,0.0,0.0,0.07054844129078683,0.0,tcp,http,SF
1379,1000,0,34923,0,0,0,0,0,1,10,0,0,1,0,0,0,0,0,0,0,0,0.07029893190751574,0.019293257410778485,0.0,0.06776562584536948,1.0,0.0,0.08482555526989816,221,123,0.7722202104132674,0.16159513753430557,0.0,0.0,0.0004669676497124896,0.0,0.0,0.0,tcp,smtp,SF
1380,823,73924,42707,0,0,0,0,0,0,0,0,0,0,0,0,0,0,0,0,24,45,0.05882491119777488,0.0,1.0,1.0,0.9895611002658411,0.0,0.0,0,250,1.0,0.0,0.47735387428751,0.07872914191507507,0.02067493863489182,0.008385284031985822,0.9562003879074741,0.8614344205535993,tcp,http,REJ
1381,0,106440,0,0,0,0,0,0,0,3,0,0,1,0,0,0,0,0,0,0,21,0.0,0.0,0.22255350280157415,0.0,0.943954326052096,0.0,0.0,0,80,1.0,0.0,0.23266199761554618,0.0,0.0,0.0,0.027324426296303054,0.0,udp,private,SF
1382,0,614840,0,0,0,0,0,0,0,7,0,0,2,1,0,0,0,0,0,200,164,0.0,0.006656873668323011,0.0,0.0,1.0,0.12794622508566703,0.0,17,55,0.6065037669487224,0.01677916823369839,0.0324527303731301,0.0,0.09310218429311312,0.0,0.0,0.0,udp,domain_u,SF
1383,0,0,13371,0,0,0,0,0,0,3,0,0,0,0,0,0,0,0,0,0,0,0.0,0.0,0.047838180958689525,0.026549045621978653,1.0,0.0,0.0,71,92,0.913269049679172,0.0830011422019962,0.033658279545269544,0.0,0.09527383881070818,0.025915483739048315,0.0744600098986189,0.0766727665334488,udp,private,SF
1384,0,0,53247,0,0,0,1,0,0,0,0,0,9,0,0,0,0,0,0,1,35,0.0,0.0,0.9183883363415875,0.9372335693260397,0.9705920286317475,0.030985742652264926,0.006389972295395617,71,255,1.0,0.0,0.37343450084893876,0.14278966038269136,0.017641138714708106,0.004219523044949717,0.9749197173927732,0.8901911805843952,tcp,http,REJ
1385,63,143215,43973,0,0,0,0,0,1,0,0,0,9,0,0,0,0,0,0,11,0,0.02888647116825576,0.0,0.1049525785339395,0.0,0.9201507117826477,0.0027696546829276123,0.005060517019234714,43,255,0.7054020569639026,0.0694497066758692,0.1833605045152739,0.07790074008967017,0.0,0.0,0.0,0.03414523152874481,tcp,http,SF
1386,839,0,0,0,0,0,1,0,0,8,0,0,4,0,0,0,0,0,0,18,27,0.02305961403343467,0.0,0.9473687193490109,1.0,0.8839722078939544,0.0,0.049037970679356356,99,241,1.0,0.04164317726513877,0.40229935932999683,0.07875768878509187,0.017623125116646314,0.01372747531253464,1.0,0.7499577380786102,tcp,http,REJ
1387,0,0,0,0,0,0,0,0,0,0,0,0,10,0,0,0,0,0,0,51,44,0.0038514060841740583,0.01526868399449029,0.31987831619094315,0.004530768208063168,1.0,0.0,0.0,29,17,1.0,0.0,0.04374759626026154,0.0,0.0,0.0,0.0,0.0,udp,private,SF
1388,230,0,0,0,0,0,0,0,0,7,0,0,0,0,0,0,0,0,0,0,39,0.0,0.0096979942952042,0.0,0.0,0.9816726507871523,0.0,0.35328600881251027,39,65,0.9306379346877309,0.060920255027105075,0.246720127401721,0.023137207345225837,0.04603843408264109,0.02456112574843487,0.0,0.04988111835061584,udp,private,SF
1389,0,0,0,0,0,0,0,0,1,0,0,0,5,0,0,0,0,0,0,0,24,0.06600360128286926,0.050137435582319846,0.21840800087825696,0.002260385043570164,1.0,0.04794715625371945,0.0,0,240,0.6612226906881467,0.0,0.16288731112302118,0.004713955893073607,0.007910061607505908,0.014787783527215676,0.04538705058310176,0.0025405737552295924,tcp,http,SF
1390,0,0,56694,0,0,0,0,0,1,1,0,0,7,0,0,0,0,0,0,1,45,0.014478396459171284,0.0,0.10081321741575815,0.0,1.0,0.0,0.0,121,255,0.7831188914919158,0.0,0.0,0.08668636622620932,0.0,0.0,0.19590631913189144,0.5429195383314233,tcp,http,SF
1391,992,0,0,0,0,0,0,0,0,0,0,0,7,0,0,0,0,0,0,207,182,0.0,0.01059476265390334,0.0,0.1747430901116471,0.9928636415960496,0.03407691401617269,0.0,27,163,0.6015690856908796,0.000774909126085143,0.0,0.00814831348640584,0.0,0.0,0.13850261166747582,0.12491105986036449,udp,domain_u,SF
1392,0,0,0,0,0,0,29,0,1,0,0,0,7,0,0,0,0,0,1,7,76,0.007157965793984713,0.10883264513165108,0.23590175585252296,0.0,0.9940274614488501,0.0,0.08890666430140348,0,0,0.3765154384307128,0.1150897204125626,0.0,0.0,0.026414865920420395,0.0,0.0,0.0,tcp,ftp,SF
1393,310,0,0,0,0,0,0,0,0,0,0,0,5,0,0,0,0,0,0,0,8,0.09954591373398906,0.0,0.905575115612817,1.0,0.9151761442405296,0.0,0.0,0,255,1.0,0.005404662313950685,0.426608738758238,0.056497661834074196,0.0,0.07521527287764095,0.9708794333029372,0.5531007187682782,tcp,http,REJ
1394,0,191378,12833,0,0,0,0,0,1,2,0,0,14,0,0,0,0,0,0,60,54,0.030248604137223425,0.0,0.0,0.02632989298726256,1.0,0.0,0.0,23,232,0.9990068096756985,0.0,0.0,0.026158885178618984,0.0,0.0,0.15881968594092938,0.008392019590182525,tcp,http,SF
1395,1284,198229,25791,0,0,0,30,0,1,1,0,0,0,0,0,0,0,0,1,5,0,0.0,0.0,0.0,0.0,0.9958231911747902,0.0,0.0,41,86,0.4176640708734876,0.2023719919493586,0.0,0.0,0.0,0.0,0.19291579442651163,0.0124852336689933,tcp,ftp,SF
1396,405,0,15381,0,0,0,1,0,0,3,0,0,0,0,0,0,0,0,0,265,283,0.0,0.0,0.0,0.0,1.0,0.036881522586088164,0.06174334689736497,230,255,1.0,0.0,0.0,0.0,0.044920949228607024,0.03202086327169624,0.0,0.005572104634564242,udp,domain_u,SF
1397,0,0,41128,0,0,0,1,0,0,0,0,0,0,0,0,0,0,0,0,0,18,0.022528617518916987,0.0,0.0,0.04659844037856818,1.0,0.0,0.1797303826565729,58,59,0.8192768861683303,0.07580539940618558,0.19509850069120388,0.0,0.07896792747077794,0.025751433635469497,0.10778909033352246,0.03861843518888948,udp,private,SF
1398,387,0,0,0,0,0,0,0,1,0,0,0,0,1,0,0,0,0,0,0,0,0.0,0.02373456558929454,0.08441907927712318,0.0474273030426925,0.9583564390034284,0.06852429257717142,0.0,108,188,0.7966238967982885,0.15024412186811065,0.11708495559236447,0.04563885300415909,0.027445410392758447,0.010465906305663141,0.07568031924948697,0.0,tcp,smtp,SF
1399,0,0,41569,0,0,0,0,0,0,1,0,0,0,0,0,0,0,0,0,11,0,0.0,0.028882747434365957,0.24799106835002663,0.21107358966946585,0.9390436778609963,0.07674424455664203,0.057002516457907014,41,19,0.735673154788175,0.06804144907578076,0.2594888133360968,0.05238902628159747,0.0,0.0,0.0,0.09862170361180933,udp,private,SF
1400,794,130587,0,0,0,0,0,0,0,0,0,0,10,1,0,0,0,0,0,8,0,0.0,0.014516671215772055,0.947828838988273,1.0,1.0,0.02267799310292962,0.0,82,88,1.0,0.0,0.07497617746015416,0.18893768271415634,0.0,0.015649744860821064,1.0,0.8686937038677047,tcp,http,REJ
1401,0,282220,26956,0,0,0,2,0,1,7,0,0,0,0,0,0,0,0,0,0,35,0.07385535343194939,0.03577614959088413,0.0,0.07695458276866865,1.0,0.05013402090699727,0.0,237,155,0.4735379904311576,0.0,0.0,0.047221129944917326,0.16101823949018038,0.0,0.0,0.0,tcp,smtp,SF
1402,0,0,0,0,0,0,0,0,1,0,0,0,1,0,0,0,0,0,0,6,0,0.03845581598632897,0.0,0.06595613502236386,0.07274401948600694,0.9794878422660726,0.14872453980083641,0.08137254504628297,165,245,1.0,0.04717085358102269,0.1403046785509584,0.07892655170854572,0.007250785458390815,0.0,0.137488240019857,0.549852645451285,tcp,http,SF
1403,0,344273,173,0,0,0,0,0,0,0,0,0,0,0,0,0,0,0,0,23,17,0.0,0.021753013170217744,0.7940301126597394,0.7500343446819429,1.0,0.0,0.027818949874144606,24,240,1.0,0.07453201709431714,0.0,0.15965797402541118,0.0,0.011817420799216976,0.8992352952963976,1.0,tcp,http,REJ
1404,0,0,9916,0,0,0,3,0,1,3,0,0,5,0,0,0,0,0,0,0,44,0.042249802193999236,0.0005941067970129219,0.18494757335274858,0.0,0.9773041993900469,0.07903870562608595,0.13425730504091016,223,190,0.9518422515821482,0.0037842946155005074,0.0,0.0,0.1092958345701896,0.014713509601330688,0.05498449799203035,0.0,tcp,http,SF
1405,467,0,40617,0,0,0,0,0,1,0,0,0,0,0,0,0,0,0,0,0,0,0.0004168234361206135,0.005556886204388907,0.0,0.0,1.0,0.11346390453449874,0.0,183,196,0.8123099620653785,0.022239906933700385,0.0,0.0,0.0,0.0,0.0,0.006818347053377159,tcp,smtp,SF
1406,176,232378,0,0,0,0,0,0,0,0,0,0,0,0,0,0,0,0,0,13,40,0.0167532485073318,0.0,0.0,0.06972744881608266,0.9581631198010301,0.03185170750384434,0.0,121,89,1.0,0.05780977192698199,0.13233668123389952,0.017866626463997396,0.026415892637708913,0.03731996368782872,0.0,0.008182612495722585,udp,private,SF
1407,438,547004,1194,0,0,0,0,0,0,0,0,0,1,0,0,0,0,0,0,193,164,0.012330721387045997,0.0,0.0,0.14408489539408764,0.9887505255382969,0.1498459413179075,0.061149658087953855,102,99,0.45564436478832493,0.1247819466171187,0.0,0.0,0.0,0.02361018512038046,0.0,0.018820578272444908,udp,domain_u,SF
1408,0,161501,0,0,0,0,0,0,0,7,0,0,0,0,0,0,0,0,0,0,0,0.0,0.0,1.0,1.0,0.9798212460595148,0.1302765435064557,0.05945440924879017,34,122,1.0,0.0,0.0,0.195129065025934,0.10143780658651516,0.0,0.9549581703934292,0.9298486376281683,tcp,http,REJ
1409,345,0,17621,0,0,0,0,0,0,1,0,0,0,0,0,0,0,0,0,0,0,0.0,0.014267417780909026,0.9720067872923641,0.9830807747845364,0.9446418332041282,0.0,0.06981923432687114,68,239,1.0,0.0,0.0,0.20296157806282825,0.0,0.0,0.9573841019025351,1.0,tcp,http,REJ
1410,0,0,27422,0,0,0,1,0,1,0,0,0,1,0,0,0,0,0,0,0,58,0.01101791458043427,0.022150553336225717,0.14927459473407442,0.16993455356341566,1.0,0.0,0.028027306596607276,190,168,0.6766041024066647,0.11087915292714688,0.062446210135124976,0.0,0.0,0.0,0.07233580889398852,0.0027499209083534856,tcp,smtp,SF
1411,1498,0,44869,0,0,0,0,0,0,2,0,0,6,1,0,0,0,0,0,52,9,0.0,0.0,0.8285817900403779,0.7750346735077795,0.9529826363245959,0.038971369218916786,0.0,38,227,1.0,0.07727891809129962,0.021483225627721744,0.17100799517370713,0.048319342707809916,0.0,0.8011724294154682,1.0,tcp,http,REJ
1412,0,43442,0,0,0,0,0,0,1,0,0,0,0,0,0,0,0,0,0,7,0,0.0,0.0,0.14387532027622976,0.0,1.0,0.0,0.0,242,54,0.4289805395871535,0.0,0.33569171046777263,0.021359310514045656,0.0,0.018274027632680555,0.0,0.17132000252152524,tcp,smtp,SF
1413,854,0,33779,0,0,0,1,0,1,0,0,0,0,0,0,0,0,0,0,0,0,0.0,0.0,0.0,0.02564127301723228,0.9775775503210725,0.1991303096204628,0.3128597144284888,168,136,0.8124128465850913,0.058342472242026266,0.0,0.02222571596252048,0.022402482763666662,0.0,0.16751930720453273,0.011152516582067605,tcp,smtp,SF
1414,919,0,51465,0,0,0,0,0,1,0,0,0,0,0,0,0,0,0,0,22,42,0.04495441058595214,0.022382361568953135,0.0,0.13093282864617206,0.8733555364863602,0.05793737705692312,0.0,89,255,0.5586709092769815,0.09679107902090701,0.12557582718404336,0.08161587095087733,0.03826398699177134,0.0,0.048321540855677546,0.0,tcp,http,SF
1415,0,21744,0,0,0,0,0,0,1,7,0,0,4,1,0,0,0,0,0,46,0,0.017396823469046446,0.0026973702757044802,0.08433333400147396,0.0,1.0,0.0034180697068925147,0.0,16,98,1.0,0.0,0.0,0.0,0.008158664287102472,0.0,0.08748573186916454,0.18847825497534781,tcp,http,SF
1416,1501,37788,21491,0,0,0,0,0,0,0,0,0,11,0,0,0,0,0,0,15,38,0.037521603116023254,0.0,0.0,0.0,1.0,0.0,0.09182870579190996,61,0,0.6607778557175787,0.0,0.1547260650023686,0.06073417129917966,0.0,0.039288194505397604,0.05938224265239085,0.09410348388089528,udp,private,SF
1417,3308,309253,33517,0,0,0,0,0,0,0,0,0,0,0,0,0,0,0,0,8,3,0.022028668489028434,0.03853402027901945,0.0,0.0038214266145130548,1.0,0.018502604426666323,0.0,231,42,0.024496919809916584,0.6810919039449251,0.9411313532801646,0.0,0.0,0.006899748757369705,0.09188145210547338,0.0628600284362284,udp,other,SF
1418,652,44710,0,0,0,0,0,0,0,1,0,0,0,0,0,0,0,0,0,44,27,0.0,0.028698382192104507,0.7470538271596177,0.8981867815777498,1.0,0.0,0.31206316240691667,0,249,0.86884762387294,0.07031750902570813,0.03882603615644448,0.15247274316155215,0.0,0.04580802728250565,0.8926233070230426,0.9624454442141196,tcp,http,REJ
1419,19,405799,0,0,0,0,0,0,1,11,0,0,9,0,0,0,0,0,0,10,23,0.037754174807759715,0.0,0.0,0.0,1.0,0.05581344692243759,0.36932470410601964,0,255,1.0,0.028582361092767,0.24477213141242732,0.03916138441310175,0.027055271325334137,0.005476312226302657,0.04541381509499172,0.07109384898842536,tcp,http,SF
1420,0,2721,33016,0,0,0,0,0,0,4,0,0,14,0,0,0,0,0,0,7,0,0.028477579815115457,0.002186816552589221,0.06465114171315892,0.09905836877883109,1.0,0.0,0.0,35,17,0.8030916382667477,0.12607584241283454,0.032601445299262344,0.00624695918310591,0.03738878138094039,0.0,0.012431537168255,0.0,udp,private,SF
1421,0,0,0,0,0,0,0,0,1,0,0,0,0,0,0,0,0,0,0,0,13,0.0,0.0,0.0,0.0,1.0,0.10163006185633351,0.04179577963926271,120,68,0.9126503527979022,0.0,0.0,0.0,0.009448027637748126,0.0,0.0,0.14861283453595658,tcp,http,SF
1422,262,348592,0,0,0,0,2,0,1,10,0,0,0,0,0,0,0,0,0,0,0,0.0028607012053110054,0.006207633555366063,0.0,0.07346304841588934,1.0,0.0,0.0,255,247,1.0,0.029418970847841373,0.0,0.0,0.03234344580061186,0.0,0.08657229284108887,0.08614791690806176,tcp,http,SF
1423,941,0,0,0,0,0,0,0,0,0,0,0,3,0,0,0,0,0,0,277,309,0.03852822511532029,0.0,0.08040303471789607,0.0,1.0,0.0,0.13933251244074685,255,255,1.0,0.0,0.02201359658174257,0.0,0.0,0.0,0.0,0.0,udp,domain_u,SF
1424,122,921413,25281,0,0,0,1,0,1,2,0,0,0,1,0,0,0,0,0,13,0,0.0,0.00877138829201675,0.1194957182816548,0.0,0.9975721523734915,0.0,0.0,176,252,0.9462412041558275,0.09265128936236726,0.015108755397054719,0.0,0.013712981941073244,0.0,0.011495353882722797,0.08370755177448766,tcp,http,SF
1425,0,122822,0,0,0,0,0,0,0,3,0,0,0,0,0,0,0,0,0,0,14,0.05289085885581234,0.031677779624960406,0.9889311236041769,1.0,1.0,0.0012355906924958417,0.0,21,255,0.8402890010209865,0.08375218813791697,0.5098164531812817,0.0,0.0,0.0,1.0,0.8994774497111975,tcp,http,REJ
1426,554,128390,0,0,0,0,1,0,1,0,0,0,2,0,0,0,0,0,0,42,0,0.027473824011005774,0.0,0.10203142409939696,0.12322084425357213,0.9945075333403725,0.0,0.016017519945409217,75,230,0.8185274348922519,0.0,0.0,0.07690784924143029,0.02281130925302727,0.0,0.04438060175695933,0.0,tcp,http,SF
1427,623,171970,3594,0,0,0,0,0,0,5,0,0,11,0,0,0,0,0,0,0,0,0.00010977476420802585,0.0,0.0,0.0,0.9050834005200645,0.10133642262548627,0.07396866154566988,48,51,1.0,0.0,0.33800481220135964,0.0,0.03465154117731418,0.0006316588417429243,0.0,0.017196568854479583,udp,private,SF
1428,440,614494,35228,0,0,0,0,0,0,0,0,0,0,0,0,0,0,0,0,0,0,0.07444588356970801,0.0870433654175466,0.05870559296205486,0.24277328746379817,0.8894704548286387,0.027974321960884313,0.0,93,66,1.0,0.023660971222153916,0.19646864065846523,0.0,0.0,0.0,0.019644430196039748,0.03604425464031313,udp,private,SF
1429,534,260880,83889,0,0,0,31,0,1,5,0,0,11,0,0,0,0,0,1,0,91,0.0,0.051431313376021276,0.016450962665712495,0.0,0.9784080152537441,0.05847009711321605,0.0,0,0,0.3279417885716912,0.1390797738832253,0.026593451157852693,0.0,0.0,0.00929487863988224,0.0,0.0,tcp,ftp,SF
1430,0,0,0,0,0,0,0,0,1,0,0,0,0,0,0,0,0,0,0,0,7,0.0,0.0,0.0,0.0,1.0,0.0,0.0,89,255,1.0,0.03379521348088914,0.0,0.09910301869070684,0.06146937628092411,0.0,0.3074367852271928,0.588928514641194,tcp,http,SF
1431,0,459402,11114,0,0,0,2,0,0,2,0,0,3,0,0,0,0,0,0,208,173,0.0,0.0,0.2088083213040434,0.0,1.0,0.04136167999594374,0.0,158,37,0.3060119774997456,0.1462873804818853,0.2117405981233198,0.0,0.014000995232922114,0.0,0.07613567936641384,0.08662108000791412,udp,domain_u,SF
1432,0,0,0,0,0,0,2,0,0,0,0,0,12,0,0,0,0,0,0,6,15,0.017409724761514214,0.0,0.8736746071020531,0.7845462437254599,0.9911629716934475,0.0,0.0,13,255,0.9477089144667645,0.0,0.18474587008381804,0.07807176693612827,0.0,0.02689325218393919,1.0,0.9969152877506727,tcp,http,REJ
1433,0,35072,35514,0,0,0,1,0,0,8,0,0,2,1,0,0,0,0,0,28,0,0.0574867375890454,0.021062672296323186,0.9399100537227935,1.0,1.0,0.018956809676916264,0.0,152,161,0.9519880998656615,0.13795821398204472,0.043090861302649386,0.22941442454320715,0.0,0.0,1.0,1.0,tcp,http,REJ
1434,159,0,0,0,0,0,0,0,0,0,0,0,0,0,0,0,0,0,0,294,263,0.0,0.0,0.0019958830389907216,0.0,0.9702304916232922,0.0,0.08795573926564677,190,255,1.0,0.0,0.15263308561811698,0.0,0.02500413424812129,0.02459869695505312,0.08435448372450505,0.0,udp,domain_u,SF
1435,0,175971,0,0,0,0,0,0,1,8,0,0,5,0,0,0,0,0,0,0,70,0.16070720596797666,0.029648113923068486,0.0,0.05751840954971049,1.0,0.0969229924768968,0.0380298018021792,118,179,0.763284408304746,0.0,0.0,0.04921635793804291,0.0,0.005898703714689713,0.0,0.03935368761185006,tcp,http,SF
1436,0,0,0,0,0,0,1,0,0,3,0,0,0,0,0,0,0,0,0,0,12,0.0,0.045646489730358786,0.8823385568053942,1.0,1.0,0.0055456081270987,0.07579603676593563,0,210,1.0,0.0,0.07773503768713762,0.1779054877378789,0.0,0.00543629281567638,1.0,0.9115325501794991,tcp,http,REJ
1437,0,33019,0,0,0,0,0,0,1,0,0,0,4,0,0,0,0,0,0,19,31,0.017535763737890165,0.0,0.0,0.16351962964894626,0.9530016775590404,0.04868551458543859,0.0,255,226,1.0,0.054511548029761284,0.020036955405265355,0.0,0.0,0.01535546817988756,0.0,0.06511472603521178,tcp,http,SF
1438,0,0,12723,0,0,0,0,0,1,5,0,0,0,1,0,0,0,0,0,28,0,0.00013060306249328002,0.0,0.0,0.0,0.9255299629558522,0.01926673599222033,0.09683161560031131,174,118,0.33300171182502547,0.0,0.0,0.00829387648544244,0.01812249898333728,0.0,0.11740355765361694,0.0,tcp,smtp,SF
1439,754,880652,17193,0,0,0,1,0,1,5,0,0,6,0,0,0,0,0,0,0,0,0.0022440443705933196,0.055571595451715146,0.0,0.03415272488160072,0.9703752396148049,0.13266693936710966,0.0,118,47,0.6226833599362525,0.10193880595410015,0.0,0.004124032302232773,0.0,0.0,0.0,0.027699951923443853,tcp,smtp,SF
1440,0,661013,1256,0,0,0,0,0,1,3,0,0,0,0,0,0,0,0,0,9,7,0.0,9.652406459236547e-05,0.127245696099907,0.06140339227732628,0.9379057567713365,0.0,0.0,219,198,0.6904592602229208,0.07127992496232352,0.07924876096848087,0.04308590641946922,0.0,0.0,0.0,0.11347239737715441,tcp,smtp,SF
1441,252,16310,0,0,0,0,0,0,1,0,0,0,0,0,0,0,0,0,0,0,0,0.05190213628088715,0.004147809197701943,0.0,0.0,0.9829804863474446,0.0,0.07706338025904304,224,153,0.6106765190721666,0.03866237805624417,0.030555804045883858,0.0026476516454101463,0.0,0.0,0.10369016081168603,0.024995540686800523,tcp,smtp,SF
1442,0,33157,26826,0,0,0,1,0,1,0,0,0,0,0,0,0,0,0,0,0,13,0.0,0.0,0.0,0.0,1.0,0.0,0.0,230,135,0.26122754475368337,0.01971689536815891,0.0,0.009225761492909441,0.0,0.016677132173959594,0.16400852736494706,0.0,tcp,smtp,SF
1443,966,0,0,0,0,0,0,0,1,9,0,0,0,0,0,0,0,0,0,34,23,0.0,0.008589408826194422,0.0,0.0,0.9630990042106149,0.0,0.0,241,255,1.0,0.0,0.0,0.0,0.009891136294410822,0.0,0.1032858309142894,0.09083355004043582,tcp,http,SF
1444,2542,362142,40601,0,0,0,0,0,0,0,0,0,0,0,0,0,0,0,0,83,17,0.0,0.0,0.0,0.008452106094836763,1.0,0.0,0.14428456658563968,255,17,0.0,0.7256949044157046,0.8296305216463398,0.02515615585887683,0.0,0.03354853959517098,0.0,0.034619503007149964,udp,other,SF
1445,195,0,0,0,0,0,2,0,1,6,0,0,0,0,0,0,0,0,0,0,0,0.07026857381104855,0.0,0.10449797361917497,0.06035505294702279,1.0,0.08608218827334431,0.1315639779723279,120,253,0.9543555165774027,0.0,0.0,0.029411246113718523,0.0,0.05081682195741826,0.0,0.0,tcp,http,SF
1446,1562,0,0,0,0,0,0,0,0,5,0,0,0,0,0,0,0,0,0,0,34,0.06079554909470117,0.05961930462370125,1.0,0.9941402283159044,0.9830985329559214,0.0,0.0,22,174,1.0,0.05610449450584796,0.0,0.19430903688637444,0.0075786932865107995,0.0,0.9582265115147125,0.9069858371971251,tcp,http,REJ
1447,1019,320599,1632,0,0,0,1,0,1,0,0,0,11,0,0,0,0,0,0,5,11,0.0,0.07826747713609733,0.07021043483013806,0.0,0.9290120628651185,0.0,0.11789138657439956,83,224,0.9652666956327437,0.10313673583936418,0.17633552904815025,0.04516012814731065,0.04611309983156537,0.034517439488119535,0.01227514060280054,0.0,tcp,http,SF
1448,0,0,45502,0,0,0,1,0,1,0,0,0,0,0,0,0,0,0,0,3,0,0.03956202892861703,0.0453021375089482,0.10357788001409918,0.0,0.9978063977453865,0.056811132210662946,0.0,255,123,0.5424855528865689,0.00666406759714229,0.0,0.019717275431244286,0.03429864852489629,0.0,0.022443154152163948,0.23640567287092748,tcp,smtp,SF
1449,0,0,5937,0,0,0,0,0,1,0,0,0,0,0,0,0,0,0,0,0,45,0.0,0.03865636464209394,0.0,0.0459183916509179,0.9901548205129438,0.008478135104532145,0.0,255,72,0.45061089168252366,0.11167968180958955,0.0,0.07437481093825161,0.0,0.011058713736522072,0.0,0.0,tcp,smtp,SF
1450,0,0,0,0,0,0,0,0,1,14,0,0,2,0,0,0,0,0,0,0,0,0.0,0.07853349890483419,0.14973557794759879,0.0033578246194314286,0.9953775636978768,0.045047317018831,0.0,118,69,1.0,0.018812356998830656,0.0,0.01311565153737341,0.03534795255849044,0.0,0.1255778422553274,0.0,tcp,http,SF
1451,342,230482,0,0,0,0,0,0,0,0,0,0,12,0,0,0,0,0,0,0,0,0.0,0.0,0.9362415242529194,1.0,0.9706949051612033,0.023711844002221504,0.0,90,192,1.0,0.04502976698611027,0.0,0.14998625700188148,0.06300672991278423,0.035408616548449304,1.0,1.0,tcp,http,REJ
1452,2568,635393,61378,0,0,0,1,0,0,0,0,0,0,0,0,0,0,0,0,12,0,0.04330815171997223,0.0,0.0,0.0,0.9227369038610793,0.039859694030572095,0.09921596774155597,255,0,0.15394441756168167,0.6013554429037111,0.9874404720380077,0.0,0.03250591086044559,0.0100893239267159,0.18404173845206737,0.0,udp,other,SF
1453,0,248275,0,0,0,0,0,0,1,0,0,0,0,0,0,0,0,0,0,0,13,0.026966587854217308,0.0,0.03799904606058122,0.0,1.0,0.0,0.07505186172601758,155,159,0.4848061022690348,0.0,0.07147616023321275,0.006774368579434347,0.0,0.0,0.0,0.04787793416185231,tcp,smtp,SF
1454,985,478554,0,0,0,0,0,0,0,8,0,0,9,0,0,0,0,0,0,0,40,0.047625332807925407,0.013252218285511328,0.01470138261864777,0.0,0.9741671493129703,0.0769051480074767,0.05667680329952159,111,52,1.0,0.0,0.039487781404705206,0.025729652037637763,0.012195282132143182,0.0,0.0,0.12985325039458118,udp,private,SF
1455,0,0,20202,0,0,0,0,0,1,0,0,0,6,0,0,0,0,0,0,0,0,0.0,0.0,0.014539861082897286,0.10391828108794764,0.9807146842369774,0.0,0.018570144365748373,159,60,0.6502865071292638,0.12331101365834156,0.09818685731300739,0.0004229088609903932,0.06372671839696036,0.0,0.02449212445035612,0.0,tcp,smtp,SF
1456,4184,77494,0,0,0,0,2,0,0,0,0,0,3,0,0,0,0,0,0,0,56,0.0,0.0,0.10326424529262787,0.12557901176614142,1.0,0.0,0.0,255,0,0.0,0.6639403898044135,1.0,0.0312755105691978,0.0,0.0,0.0004722141656027342,0.0,udp,other,SF
1457,61,0,44430,0,0,0,0,0,0,9,0,0,0,0,0,0,0,0,0,0,29,0.0,0.00025166335256800957,0.8608022895223656,1.0,0.9948934010761232,0.08056529840942588,0.2322369116106063,6,255,0.8463356881562276,0.04705808604117122,0.31987115634146135,0.10831763945805628,0.13358806573035706,0.035443528950984945,0.8061063869911471,1.0,tcp,http,REJ
1458,1199,0,22087,0,0,0,0,0,1,4,0,0,3,0,0,0,0,0,0,0,0,0.0,0.0,0.03183923893659385,0.0528475014475978,1.0,0.0,0.0,201,142,0.8535551209819872,0.10165842311630567,0.0,0.032344135784168615,0.0,0.03145502154753009,0.0,0.0,tcp,smtp,SF
1459,240,253050,34164,0,0,0,0,0,1,0,0,0,0,0,0,0,0,0,0,37,0,0.046115942281986545,0.03743241375209922,0.1382797035824609,0.07999412526769889,0.9707568617411391,0.0,0.0,90,197,0.9256172273117043,0.0,0.07988594063433135,0.07168197176721794,0.006731937220116675,0.0,0.0,0.0,tcp,http,SF
1460,647,33542,20222,0,0,0,0,0,1,0,0,0,0,0,0,0,0,0,0,1,66,0.017855743667771776,0.0019816951551134806,0.027123048168956415,0.044198022580098695,1.0,0.16807849997480134,0.05554931516128212,163,215,1.0,0.0,0.05415438325485827,0.10703331419486728,0.033321057657598366,0.0,0.4878282799437917,0.5987783919463137,tcp,http,SF
1461,0,0,0,0,0,0,0,0,0,8,0,0,10,0,0,0,0,0,0,0,0,0.005072574609508927,0.0,1.0,1.0,0.947151143316743,0.10419093136622726,0.20636146684548834,0,252,1.0,0.0,0.15928183949289237,0.15906683318709725,0.007926643220874063,0.027643695857306118,0.8606724161519742,1.0,tcp,http,REJ
1462,0,0,0,0,0,0,1,0,0,0,0,0,9,0,0,0,0,0,0,30,0,0.06136163806000291,0.01715035203543945,0.8558099821095551,1.0,0.9198989498689143,0.010402474128806372,0.0,0,255,1.0,0.0,0.11946755978906205,0.16324182740330842,0.007093544766788308,0.012463909118248392,0.8479286903714311,0.918036132756833,tcp,http,REJ
1463,309,0,0,0,0,0,0,0,0,0,0,0,3,0,0,0,0,0,0,210,273,0.0,0.07037723029640483,0.37825992128042063,0.0627195371557852,0.9244741857796749,0.0,0.0,54,84,0.8633712992724405,0.008472233394360405,0.0735060447413253,0.0,0.0,0.0,0.0,0.0,udp,domain_u,SF
1464,664,164799,0,0,0,0,0,0,1,0,0,0,0,0,0,0,0,0,0,0,13,0.035012259678846566,0.0012870411115148488,0.0,0.2168928779936112,0.9501778944968602,0.0,0.0,149,239,0.8345094308939799,0.04991367161432334,0.061285874668738444,0.0,0.0,0.0836398971258186,0.018766610143842448,0.23831713141153563,tcp,smtp,SF
1465,27,679259,20973,0,0,0,0,0,1,0,0,0,0,0,0,0,0,0,0,4,38,0.0,0.04391203408008877,0.0,0.022163624880618613,0.9051840100820893,0.05204888452557324,0.0,0,250,1.0,0.01590349880089588,0.0,0.058373699253069775,0.026424419124125242,0.010338467021622583,0.0,0.07642350889422232,tcp,http,SF
1466,0,446229,30654,0,0,0,0,0,1,0,0,0,0,0,0,0,0,0,0,0,60,0.07185149580570335,0.0,0.0,0.002433138294239426,0.8753723643146428,0.09297390765567602,0.0956563180606246,211,97,0.7721345215870169,0.13311295050109784,0.0,0.0023131717319910964,0.0,0.04942379551194766,0.04038566800035419,0.0,tcp,http,SF
1467,0,0,55505,0,0,0,1,0,1,0,0,0,0,0,0,0,0,0,0,33,33,0.02647132784478937,0.02517146251523698,0.21439777013140124,0.020075294606215027,1.0,0.029068062845122575,0.21330538597152152,0,255,1.0,0.10277271186992394,0.0,0.08097373942692648,0.04170116070178219,0.015059467075831808,0.0,0.0,tcp,http,SF
1468,0,477337,14416,0,0,0,0,0,1,0,0,0,0,1,0,0,0,0,0,0,31,0.04689227332076469,0.0,0.0,0.0,1.0,0.0,0.0,148,26,0.8350534328894988,0.0254677932394778,0.0,0.005262509433493308,0.0,0.0,0.008599484993580002,0.05622219624810913,tcp,smtp,SF
1469,0,306726,32567,0,0,0,2,0,1,0,0,0,0,0,0,0,0,0,0,2,6,0.0,0.0,0.04494177832163155,0.024975413017020963,1.0,0.011774918966703804,0.0,156,255,0.9044702712482793,0.007705452615705482,0.07674239301974192,0.00533003870764835,0.025439162178954318,0.005635856381041207,0.00827590831155609,0.13904322374889824,tcp,http,SF
1470,74,0,0,0,0,0,0,0,0,0,0,0,13,0,0,0,0,0,0,0,23,0.10608958220449774,0.0,0.0,0.0,0.9644313905954804,0.0,0.009420867890354685,111,86,0.6957713058140187,0.07523246907127715,0.0,0.009638086367160488,0.03898664052512167,0.0,0.1537573441178398,0.13387112141988924,udp,private,SF
1471,760,0,0,0,0,0,0,0,0,11,0,0,3,0,0,0,0,0,0,0,1,0.09716619042142843,0.021209026636206597,0.0,0.11594510181844737,0.8736252598357798,0.011873141303583789,0.0,32,118,0.6677050084752594,0.06980969559095582,0.0573851019821152,0.0191939377755212,0.17182505319092223,0.0,0.173697718291931,0.053829859422216,udp,private,SF
1472,0,358612,16643,0,0,0,0,0,0,0,0,0,2,0,0,0,0,0,0,306,267,0.02092423244122961,0.0,0.058008546315864426,0.10581771364851372,1.0,0.14273840903654814,0.166882383390224,237,174,1.0,0.05534456644665742,0.0,0.03180908085970162,0.06442825608236824,0.0,0.0,0.06890486675830955,udp,domain_u,SF
1473,0,180158,0,0,0,0,0,0,0,0,0,0,0,0,0,0,0,0,0,45,32,0.05713905207343485,0.0,0.7768768272686567,1.0,0.8816600383626255,0.0579789671302862,0.0,12,212,1.0,0.021639543590953172,0.0,0.128018602885995,0.0,0.0,0.9334736027340125,0.8551471567077682,tcp,http,REJ
1474,0,0,9383,0,0,0,1,0,0,3,0,0,0,0,0,0,0,0,0,0,0,0.0,0.02091636020514912,1.0,0.9976141715921402,0.9936195980831628,0.04231079900173574,0.042381971718937296,35,192,1.0,0.009928460895883735,0.10202527107495211,0.17353008704800765,0.09957403473999764,0.007203168572002297,1.0,0.9334366610854641,tcp,http,REJ
1475,0,203843,0,0,0,0,1,0,1,0,0,0,0,0,0,0,0,0,0,6,16,0.0,0.019244039177955974,0.06373837292166173,0.02925399504512824,0.9411299601829467,0.0,0.040383281608160466,163,112,0.7130686852490089,0.06183953575875076,0.0,0.003945016335792044,0.0,0.0085831043215277,0.07525472846490645,0.0,tcp,smtp,SF
1476,1409,0,0,0,0,0,0,0,1,3,0,0,0,0,0,0,0,0,0,28,16,0.038689863981819506,0.005004781588239234,0.1939283627664889,0.025031251626324236,0.8320883842837454,0.030441803837928678,0.08478500336274764,11,63,0.5399949685819245,0.056388767041158,0.0,0.05154865563484154,0.0,0.0,0.03757662678464311,0.09904362842556422,tcp,smtp,SF
1477,0,0,26175,0,0,0,0,0,1,2,0,0,1,1,0,0,0,0,0,16,39,0.0,0.041506324945839446,0.0,0.020229174813122197,1.0,0.0,0.03452123926627806,0,255,1.0,0.0,0.04817371959957126,0.09957730706147105,0.00799660208427915,0.0,0.07185398765005623,0.0361978813354472,tcp,http,SF
1478,0,372455,30909,0,0,0,0,0,0,1,0,0,3,0,0,0,0,0,0,45,21,0.06370048152857405,0.0,0.9844577816985689,1.0,0.9075398777161972,0.040758223112294475,0.0003663997053897275,0,255,0.940120941071842,0.020099887240121968,0.0,0.07930019614866,0.0,0.0,1.0,1.0,tcp,http,REJ
1479,1146,6315,0,0,0,0,0,0,1,18,0,0,0,0,0,0,0,0,0,89,70,0.0509449257708043,0.012517876430777475,0.0,0.0,0.9738044422568732,0.0,0.05788815635550784,129,90,0.9598673163568755,0.0,0.0,0.040723935207488876,0.01297847626994482,0.018032366060158473,0.041454507538349804,0.1483525560639924,tcp,http,SF
1480,303,87290,23709,0,0,0,1,0,1,6,0,0,1,0,0,0,0,0,0,0,33,0.011436090470899921,0.0,9.439274177221292e-05,0.04669381455234421,0.9905043777684452,0.0,0.11273633189543927,159,103,0.6942176557993209,0.05015178156586619,0.0,0.026030314961691073,0.0,0.005890506038520783,0.013354669101325446,0.0517247193578115,tcp,smtp,SF
1481,378,295030,0,0,0,0,0,0,1,0,0,0,11,0,0,0,0,0,0,0,0,0.008717034396846289,0.0,0.26126243882273376,0.20227549059185082,0.965362484969582,0.059859215288827615,0.24263621978761327,255,186,0.6632559945972406,0.039956019043939285,0.0,0.0,0.06917888373153784,0.0,0.10181830433556037,0.10938630740018054,tcp,smtp,SF
1482,77,319142,722,0,0,0,0,0,0,2,0,0,14,0,0,0,0,0,0,0,15,0.04809737741592984,0.015137002410126544,0.0,0.1381375019311641,1.0,0.0,0.0,0,92,1.0,0.11539967559830759,0.039079468997748425,0.0,0.0,0.0408334499959496,0.0,0.07269336458773219,udp,private,SF
1483,222,429019,49730,0,0,0,0,0,1,0,0,0,6,0,0,0,0,0,0,0,47,0.013348795283977383,0.10084661343561468,0.0,0.1265449177380748,0.945445134013673,0.0,0.0,255,255,1.0,0.008793975756854339,0.0,0.0,0.0,0.013551089624818559,0.0,0.08206579314044775,tcp,http,SF
1484,3161,286318,28253,0,0,0,0,0,0,3,0,0,0,0,0,0,0,0,0,35,0,0.0,0.033026508843038864,0.0,0.08534468553364857,1.0,0.04504637830462278,0.0,224,0,0.08823324135438988,0.683149024968235,0.9127564166774474,0.01701778919334955,0.08159977855240141,0.0,0.0,0.0,udp,other,SF
1485,0,353935,27743,0,0,0,0,0,0,0,0,0,5,0,0,0,0,0,0,0,63,0.0,0.024408873351757496,0.9879603303524913,0.9396162781551932,1.0,0.08994174212204019,0.0,154,255,0.9006397788567712,0.02919796564528236,0.3002669242223154,0.11529993361396644,0.04459432746426378,0.0,1.0,1.0,tcp,http,REJ
1486,623,241373,70689,0,0,0,31,0,1,0,0,0,10,0,0,0,0,0,1,25,0,0.0466199323622285,0.03441207843939366,0.0,0.0,0.8985613192171948,0.03464504343067238,0.0,149,0,0.03213640976480259,0.007353229599747546,0.0,0.04038439782896336,0.0,0.0,0.06759461746335943,0.04547467467185643,tcp,ftp,SF
1487,0,87141,0,0,0,0,1,0,1,2,0,0,0,0,0,0,0,0,0,33,31,0.017815586852574016,0.0,0.0,0.0,1.0,0.0,0.0,255,255,0.8659090077693417,0.07535466957156123,0.08543662265441568,0.02320189203259977,0.0217560815753775,0.0,0.0,0.0,tcp,http,SF
1488,222,279889,0,0,0,0,0,0,1,7,0,0,11,0,0,0,0,0,0,0,1,0.13397509922988007,0.014200948028968857,0.0,0.0,0.9223999761674034,0.0,0.0,153,120,0.5001182639283804,0.07774813014402876,0.0,0.037617154791920585,0.08625915683677944,0.034096903042079636,0.0,0.06578656607193409,tcp,smtp,SF
1489,120,0,0,0,0,0,0,0,1,3,0,0,0,1,0,0,0,0,0,0,5,0.0,0.040509045459275306,0.2196331380738042,0.09594080675955571,0.9141782502575875,0.0213931632213079,0.1154960895992811,158,255,1.0,0.0,0.0,0.011722312609515242,0.0,0.00797173924584178,0.36332647763544723,0.7335850644424471,tcp,http,SF
1490,0,0,0,0,0,0,0,0,0,6,0,0,0,1,0,0,0,0,0,247,158,0.014684434601196115,0.003756331998336009,0.03237234736606824,0.14882175981801007,1.0,0.12461615149419501,0.08461548929500268,68,0,0.48866510244754435,0.0,0.18909008001253244,0.0,0.0,0.0,0.0,0.0,udp,domain_u,SF
1491,0,0,0,0,0,0,0,0,1,2,0,0,0,0,0,0,0,0,0,2,32,0.015825381271694385,0.0,0.0,0.044030073445564,0.9699344475693782,0.067614913875921,0.0,224,245,0.7638953291878937,0.0,0.0,0.0,0.0,0.037666675870290794,0.005394407375228098,0.0,tcp,http,SF
1492,0,0,0,0,0,0,0,0,0,1,0,0,2,0,0,0,0,0,0,0,0,0.03163857123349769,0.0,0.21639226980221501,0.08156671384713518,1.0,0.06815339025511992,0.0,26,80,0.8052484059356078,0.023060751955687374,0.21547273745612042,0.0,0.010004403930246927,0.0,0.08910807058141827,0.0,udp,private,SF
1493,0,79332,0,0,0,0,0,0,1,0,0,0,0,0,0,0,0,0,0,0,0,0.0,0.0,0.0,0.029743695907961352,1.0,0.004804832666404627,0.27158307156999734,50,255,1.0,0.0,0.011131947365342724,0.07151440254938424,0.044606221973872755,0.0,0.0,0.0,tcp,http,SF
1494,0,471796,28088,0,0,0,0,0,1,5,0,0,0,0,0,0,0,0,0,3,42,0.0,0.0,0.06126853369701268,0.057644985253865806,0.8948613304492461,0.0,0.08033391363466312,218,255,1.0,0.0,0.0,0.0,0.0,0.05737630709679209,0.3275222842606391,0.5937945293708493,tcp,http,SF
1495,0,0,12285,0,0,0,2,0,0,7,0,0,4,0,0,0,0,0,0,43,56,0.04023927105550559,0.04447033296640683,0.8729629960883606,0.7854324689215957,1.0,0.0,0.023326486464093462,0,255,0.9183648502780395,0.0,0.30724062524965384,0.12454288371121854,0.0,0.0,0.8944626271742679,1.0,tcp,http,REJ
1496,217,332183,0,0,0,0,0,0,1,0,0,0,2,0,0,0,0,0,0,33,0,0.0,0.0668126155160145,0.07635662021317151,0.03189317613057907,1.0,0.0,0.016410490185879152,1,195,0.9355361857625031,0.0,0.0992733208079127,0.07806975482062742,0.0,0.0,0.03432429893111097,0.16663082715376767,tcp,http,SF
1497,0,353366,20712,0,0,0,0,0,0,0,0,0,3,0,0,0,0,0,0,6,31,0.038417516095343496,0.08609549086052547,0.0,0.0,0.9568080652152194,0.051370896457060916,0.0,0,55,1.0,0.017479704955984873,0.029619889728430354,0.0,0.0,6.032503491118328e-06,0.0,0.0,udp,private,SF
1498,478,0,25550,0,0,0,0,0,1,11,0,0,0,0,0,0,0,0,0,48,28,0.004702151587865869,0.0,0.04784890303289745,0.0,0.9899961098167376,0.0,0.27055141002024247,255,177,1.0,0.0314587869667388,0.0,0.0,0.0,0.009358880136689144,0.0,0.03452753957690038,tcp,http,SF
1499,1845,194788,0,0,0,0,0,0,0,0,0,0,5,1,0,0,0,0,0,39,0,0.019538228464339013,0.0,0.1986557460241442,0.022881737034567126,1.0,0.04202435824825832,0.0,255,31,0.20111260953308696,0.6820137026793045,0.8025361343806512,0.0,0.0,0.0,0.0,0.0021768406873395687,udp,other,SF
1500,0,0,0,0,0,0,1,0,1,1,0,0,8,0,0,0,0,0,0,10,42,0.055966124605690094,0.0,0.0095043819538083,0.0,0.9764682382331722,0.0,0.020164449277057305,255,147,0.44459614990477636,0.04591387220028523,0.0,0.03549525849245188,0.0,0.0,0.08358624537427396,0.019173257536537126,tcp,smtp,SF
1501,0,432737,0,0,0,0,0,0,0,3,0,0,7,1,0,0,0,0,0,78,0,0.0,0.0,0.7770013680776195,0.8909846350934982,1.0,0.0,0.0,75,255,0.8660298038178867,0.016038727781056722,0.36719834847946464,0.1337376682798207,0.0,0.0009433760726479752,1.0,0.8529677549478727,tcp,http,REJ
1502,3529,208257,0,0,0,0,0,0,0,0,0,0,3,1,0,0,0,0,0,0,17,0.0,0.0,0.003638173257216815,0.0,1.0,0.10341372577779227,0.0,255,49,0.18505416255899124,0.6674376259009744,1.0,0.03667469518776457,0.0,0.0,0.0,0.0,udp,other,SF
1503,255,0,0,0,0,0,30,0,1,0,0,0,7,0,0,0,0,0,1,31,0,0.0,0.0,0.04886484030712167,0.0,1.0,0.056324258144513126,0.0,84,39,0.24984086595889304,0.1040671053473676,0.02649848914131972,0.04915088854435767,0.07821708486461422,0.0,0.08567519522299924,0.1744088258837265,tcp,ftp,SF
1504,0,52867,2585,0,0,0,0,0,0,3,0,0,6,0,0,0,0,0,0,0,0,0.0,0.038907494175134,1.0,0.8829173106881993,0.9832141377475921,0.0,0.0656806617918764,67,255,0.8729079363688106,0.0,0.2741649558156245,0.10416710232053128,0.0,0.0,1.0,0.9370026842076988,tcp,http,REJ
1505,335,539724,0,0,0,0,0,0,1,0,0,0,19,0,0,0,0,0,0,34,44,0.0,0.0,0.14987305712642762,0.0,0.9864031856294668,0.0,0.0,58,100,1.0,0.0,0.0,0.0,0.046704478801051885,0.0,0.1020365213639264,0.027186265769033057,tcp,http,SF
1506,0,0,0,0,0,0,0,0,1,12,0,0,9,0,0,0,0,0,0,0,21,0.0,0.04685393425045152,0.15505794113797072,0.0,0.9557761476962405,0.06969469913826921,0.006525211272176251,233,255,1.0,0.0,0.0,0.0,0.07681807941640229,0.0,0.0,0.04439018920804964,tcp,http,SF
1507,0,146538,0,0,0,0,0,0,0,5,0,0,0,0,0,0,0,0,0,14,0,0.009676502743968057,0.06084175503484957,0.9866826363266246,1.0,1.0,0.06437313945831935,0.0,89,255,1.0,0.007693765666009318,0.42923549933382565,0.041480054623510884,0.044444362326527466,0.0,1.0,0.9114535344527871,tcp,http,REJ
1508,1342,178667,5965,0,0,0,0,0,0,0,0,0,0,0,0,0,0,0,0,67,60,0.04962752965697116,0.012684591343264332,0.9329311606519018,0.9087327412819057,1.0,0.046946953393144815,0.0,0,164,0.8381789808223966,0.0,0.0873557990221816,0.21600400083741275,0.015771926367976193,0.0,1.0,0.9569192539337764,tcp,http,REJ
1509,89,0,17371,0,0,0,0,0,1,5,0,0,0,0,0,0,0,0,0,35,67,0.0,0.05468682730925093,0.0,0.0,0.9006429979393712,0.0,0.0,113,124,1.0,0.035377536568495474,0.07628468699185352,0.0,0.060525244333413226,0.02804567776696934,0.08900925833538188,0.0,tcp,http,SF
1510,56,168241,14353,0,0,0,1,0,1,2,0,0,0,0,0,0,0,0,0,14,14,0.004303971675968154,0.0,0.0,0.0,1.0,0.0,0.0,255,126,0.5307012292287583,0.06674896741799666,0.03149934989458269,0.03531545539537868,0.029152911713448245,0.0,0.07763440315516382,0.0,tcp,smtp,SF
1511,369,0,763,0,0,0,0,0,1,9,0,0,4,0,0,0,0,0,0,0,0,0.05484571533935864,0.0,0.04846599990809407,0.0,1.0,0.0,0.01392009044030914,116,153,0.6554063975779187,0.0,0.21118130911166827,0.04617622669691471,0.051161391786156765,0.0,0.04847070884395854,0.016232415116769497,tcp,smtp,SF
1512,602,0,0,0,0,0,0,0,0,0,0,0,0,0,0,0,0,0,0,32,25,0.0,0.008427573066098617,0.7128344613827508,0.9678811512630752,1.0,0.10338361019921084,0.04383476029941037,86,225,0.9349077101061544,0.014404787947186238,0.0,0.1462002507401969,0.005466440420771803,0.0,0.8822854135357588,0.8694131966453575,tcp,http,REJ
1513,0,352190,0,0,0,0,0,0,0,1,0,0,9,0,0,0,0,0,0,0,0,0.026070110754954516,0.009932189325921915,0.0,0.013471157928743269,0.9904326518768,0.0,0.0,145,31,1.0,0.0,0.03548818872130686,0.0,0.0,0.0,0.0,0.0,udp,private,SF
1514,1509,116912,0,0,0,0,1,0,0,0,0,0,0,0,0,0,0,0,0,25,4,0.07767809625788004,0.06358980587752058,0.057189176053766375,0.0,1.0,0.003485299138191884,0.0,255,14,0.0,0.7109150622924892,1.0,0.039682656685873445,0.05360537258623084,0.0,0.0,0.04863818850846338,udp,other,SF
1515,141,0,0,0,0,0,0,0,0,0,0,0,0,1,0,0,0,0,0,25,0,0.0,0.0,0.0,0.05763863960086445,1.0,0.12014358202694146,0.0,138,69,0.7960425785154763,0.0,0.14008421887241113,0.0010483450880788363,0.12020600574590067,0.0,0.0,0.0,udp,private,SF
1516,0,396720,2946,0,0,0,1,0,1,0,0,0,0,0,0,0,0,0,0,0,0,0.013255949099577634,0.0,0.03762981000544162,0.008612470150502236,0.9957153802916636,0.0,0.0,65,66,0.925263252926405,0.0,0.0,0.014782327055875026,0.0,0.0,0.0,0.0,tcp,smtp,SF
1517,881,0,52223,0,0,0,0,0,1,4,0,0,0,0,0,0,0,0,0,55,0,0.056537556321321625,0.0,0.0,0.0,1.0,0.0,0.011221674872887753,107,56,0.8610370923636207,0.0,0.06154670903162421,0.0,0.001040125840457134,0.0,0.14009664155808327,0.0,tcp,http,SF
1518,0,4117,28308,0,0,0,0,0,0,3,0,0,0,0,0,0,0,0,0,44,7,0.0,0.0,1.0,1.0,1.0,0.0,0.24450961638327667,127,248,1.0,0.0,0.21867325583626337,0.1607327641562284,0.005158982230091824,0.0,1.0,1.0,tcp,http,REJ
1519,0,215273,0,0,0,0,0,0,1,9,0,0,0,0,0,0,0,0,0,13,0,0.06742170643876569,0.0,0.0,0.0,1.0,0.045772050003824914,0.0,214,88,1.0,0.0,0.04855351419328436,0.0,0.0,0.007774971823210117,0.17402390382318725,0.011149640340390992,tcp,http,SF
1520,0,0,23648,0,0,0,0,0,0,0,0,0,0,0,0,0,0,0,0,42,18,0.03083469084696761,0.0,0.6565576398005999,0.9249142794433138,0.9258367298285783,0.0,0.0,0,221,1.0,0.0,0.04759321975439307,0.17991472262306832,0.0,0.017044085434753265,0.9271472729848744,0.8175931271076327,tcp,http,REJ
1521,0,13443,22658,0,0,0,1,0,1,0,0,0,0,0,0,0,0,0,0,0,25,0.08602287479246104,0.0,0.09722652408414462,0.0,1.0,0.0,0.1983472206898421,254,255,0.8580409940095054,0.011985615100620808,0.21809120096038231,0.08531244518397672,0.014027046910425138,0.019356347036384704,0.0,0.09921630700277646,tcp,http,SF
1522,2482,0,0,0,0,0,0,0,0,5,0,0,0,0,0,0,0,0,0,0,0,0.028318363126484985,0.06440454575817482,0.0,0.0,1.0,0.0,0.16979159552512008,255,0,0.11147653219848468,0.7424694287698077,0.8865740816500384,0.01737313243779376,0.0,0.035116858166730484,0.12760980365779767,0.0,udp,other,SF
1523,0,0,29922,0,0,0,1,0,1,0,0,0,0,0,0,0,0,0,0,0,0,0.09006700737357662,0.0,0.0,0.0,0.951744107084403,0.015309691931331785,0.19348257726682885,133,62,0.8442576368131904,0.055424408929065506,0.0,0.09049664225911375,0.0007700200757407698,0.0031263069763535836,0.0,0.03258704049269115,tcp,smtp,SF
1524,0,0,0,0,0,0,0,0,1,7,0,0,0,0,0,0,0,0,0,0,0,0.014585446855831704,0.03626941490435455,0.0,0.0,0.9187201480660664,0.0,0.0,254,180,0.6651846996788543,0.0,0.0,0.0,0.0012213685424328207,0.0,0.13322945429832356,0.10041008452701963,tcp,smtp,SF
1525,725,513322,0,0,0,0,2,0,0,7,0,0,7,0,0,0,0,0,0,265,243,0.0,0.056600194716979475,0.05537664157630814,0.0,1.0,0.0,0.0,255,239,0.8597234070555474,0.0011841108222351519,0.0,0.022935705245304878,0.0,0.0,0.14724568178187272,0.0,udp,domain_u,SF
1526,805,126136,16635,0,0,0,0,0,1,8,0,0,11,0,0,0,0,0,0,0,13,0.0,0.0,0.03388526842114417,0.0,0.995574991447371,0.04107759311744858,0.0,141,255,1.0,0.04386349335474116,0.04734655545274238,0.12210492433210435,0.0,0.0,0.4219756277736233,0.4265159803850138,tcp,http,SF
1527,0,0,11715,0,0,0,30,0,1,3,0,0,1,0,0,0,0,0,1,17,0,0.04951094927793948,0.01156323523243327,0.05513414532129993,0.03513363745730554,0.9083905630899949,0.0,0.15413807158830628,136,36,0.07689427972770094,0.05120938612480998,0.0,0.04626932249792878,0.020033749850333668,0.024543735662497578,0.10480366507060791,0.16872698091837535,tcp,ftp,SF
1528,0,0,0,0,0,0,1,0,1,0,0,0,2,0,0,0,0,0,0,42,11,0.048554444133899734,0.025624716725233396,0.0,0.011644742949358348,0.9934860095135855,0.0,0.21689609911927366,71,198,0.8431126971596244,0.020981074212144093,0.15812857124268412,0.09289762128842768,0.015132330803365028,0.049881344225916516,0.04231460152962919,0.0,tcp,http,SF
1529,415,0,0,0,0,0,2,0,0,1,0,0,0,0,0,0,0,0,0,1,0,0.0,0.018286530664904956,0.994942329835406,0.8482042046662459,0.9888501513170759,0.0,0.0,1,216,0.9583248872687172,0.0,0.4995541242129579,0.06055606065714828,0.0,0.0,0.9989920777869603,0.8080374796437295,tcp,http,REJ
1530,373,514924,0,0,0,0,0,0,1,3,0,0,3,0,0,0,0,0,0,0,1,0.08772177046113322,0.0036547387533279003,0.042414675646612256,0.06688765157833183,0.9954046562068026,0.12766294830194355,0.0,101,152,0.7199133392749909,0.07520570706697029,0.0,0.03984140519584681,0.02910378373779287,0.03375907955141609,0.18405622488534834,0.12452974623581702,tcp,smtp,SF
1531,212,0,21414,0,0,0,0,0,0,0,0,0,3,0,0,0,0,0,0,0,52,0.0,0.0,0.15715647401027114,0.14767650706341168,1.0,0.09413900673975453,0.0,89,0,0.6463158601228692,0.007486818407084414,0.0,0.0,0.0,0.03177468068077736,0.026594565224771695,0.0,udp,private,SF
1532,659,428024,0,0,0,0,0,0,1,9,0,0,10,0,0,0,0,0,0,0,10,0.022460467401191578,0.029474200545869304,0.031176061346396354,0.0,0.8702783985342183,0.0,0.0,255,255,1.0,0.039445333442943854,0.23187007809861718,0.05389133235348229,0.030082925796948438,0.008820005402358607,0.0,0.0,tcp,http,SF
1533,0,115187,5802,0,0,0,2,0,0,4,0,0,0,0,0,0,0,0,0,0,16,0.02111404886913285,0.0,0.8979533467344213,0.9204618729430003,0.9181181478914423,0.05994592072414555,0.0,22,204,1.0,0.04351026918887224,0.4939582342787339,0.02807166536352599,0.0,0.015296751964191443,1.0,0.8191702930311247,tcp,http,REJ
1534,1359,155327,12776,0,0,0,0,0,1,0,0,0,0,1,0,0,0,0,0,41,0,0.0,0.0012747452106193326,0.027246409905961208,0.11284676086499029,0.9641480448796027,0.00888728137664774,0.0,205,106,0.4354013032045577,0.0,0.2084442008689789,0.04205475011925611,0.01815781808582499,0.027554920018082574,0.1421690214434888,0.0026369462524456558,tcp,smtp,SF
1535,0,0,0,0,0,0,1,0,1,13,0,0,2,0,0,0,0,0,0,0,8,0.0,0.007822556390921736,0.0,0.04087039938985342,1.0,0.0,0.055359076079395136,255,174,0.12224779679715425,0.06865225277011222,0.0,0.03499318127961997,0.008107938608507817,0.0,0.13857390291670982,0.0,tcp,smtp,SF
1536,503,307147,0,0,0,0,3,0,1,1,0,0,0,0,0,0,0,0,0,0,1,0.11572722405864329,0.038084907621679626,0.0,0.0,1.0,0.0,0.0,123,91,1.0,0.0,0.11575900862141511,0.03478010817115865,0.0,0.007197768714631276,0.0,0.0,tcp,http,SF
1537,0,0,0,0,0,0,0,0,0,0,0,0,0,0,0,0,0,0,0,25,3,0.0,0.08577848942549537,0.8123365306988266,1.0,1.0,0.0,0.01837901234898163,0,255,1.0,0.0,0.1283640998350622,0.21926472508815764,0.015065471374737998,0.0160931240982017,1.0,1.0,tcp,http,REJ
1538,0,282707,20453,0,0,0,0,0,1,0,0,0,0,0,0,0,0,0,0,0,27,0.030394005832532347,0.0,0.0,0.027781670310795818,1.0,0.0,0.0,73,176,1.0,0.0,0.2416093264312007,0.11528998664993512,0.038790046087831834,0.0,0.35730517284507346,0.5589456143561207,tcp,http,SF
1539,1019,0,0,0,0,0,0,0,1,10,0,0,6,0,0,0,0,0,0,0,0,0.0,0.002339168917207142,0.0018102577814616677,0.14478158445333789,0.8201041973093215,0.019945696270178493,0.0,221,178,0.7125174542454369,0.027049809220006035,0.15270212061424338,0.0,0.015550465239183098,0.0555392830335349,0.0,0.04829428128517578,tcp,smtp,SF
1540,0,58053,4767,0,0,0,0,0,0,12,0,0,0,0,0,0,0,0,0,58,0,0.0,0.0,0.0,0.0,1.0,0.0,0.07360640789309102,73,0,0.7799869070376508,0.0,0.18816732952955534,0.019779483679682998,0.004802662386042907,0.031731504067715306,0.0,0.0,udp,private,SF
1541,564,115515,15750,0,0,0,0,0,1,7,0,0,0,0,0,0,0,0,0,29,4,0.0,0.06591272079292526,0.08992656916511495,0.04322387598769045,1.0,0.0312390282654092,0.0,0,255,1.0,0.0,0.0,0.0,0.0,0.03196954668194944,0.1396300156421457,0.1330618802674921,tcp,http,SF
1542,159,0,21764,0,0,0,0,0,1,9,0,0,6,0,0,0,0,0,0,33,0,0.04575313122120828,0.001950961583990821,0.0,0.1112908818074536,1.0,0.032367681719886875,0.0,163,206,1.0,0.03994400894199173,0.25276528390907266,0.0769441762664809,0.0,0.01187608726694375,0.4392715978052349,0.7001180777491515,tcp,http,SF
1543,0,132454,0,0,0,0,0,0,0,8,0,0,3,0,0,0,0,0,0,282,273,0.0,0.0,0.0,0.0,0.9082460021127114,0.0506802615691435,0.0,255,255,1.0,0.004949460699389325,0.25948513061605283,0.0,0.0015545177883047956,0.0,0.15326846510751935,0.0,udp,domain_u,SF
1544,916,0,0,0,0,0,0,0,0,4,0,0,0,1,0,0,0,0,0,5,0,0.06162322245761594,0.0023236561883082005,0.9160221613975943,1.0,1.0,0.0,0.027413317068815005,9,179,0.8233467689668532,0.0,0.4516620235399998,0.08138863059994017,0.0,0.0,0.8722979640860499,0.9016404201774942,tcp,http,REJ
1545,0,0,58552,0,0,0,2,0,1,2,0,0,0,0,0,0,0,0,0,36,46,0.0,0.0045721823883776895,0.0,0.0,1.0,0.03787440163083246,0.006244419730880054,151,248,0.7295509192081169,0.08881728550781871,0.030583708750876376,0.0,0.0,0.0,0.0,0.14627083556118398,tcp,smtp,SF
1546,0,525521,59880,0,0,0,0,0,0,4,0,0,0,0,0,0,0,0,0,251,279,0.006223087466768442,0.0,0.0,0.050670749622122875,1.0,0.0,0.08703950563722636,137,96,0.5456872227543155,0.0,0.12800617206483253,0.0,0.0,0.020238799710353125,0.00556141175054965,0.0,udp,domain_u,SF
1547,0,343370,34548,0,0,0,0,0,0,5,0,0,9,0,0,0,0,0,0,222,251,0.020000575388692966,0.05285549719392767,0.0,0.16866282764481477,1.0,0.05224559312028951,0.058966633483726244,255,255,1.0,0.046854456896945076,0.0,0.016806455668287798,0.0,0.015756308421495068,0.14669815760649504,0.0,udp,domain_u,SF
1548,370,0,12102,0,0,0,2,0,1,0,0,0,0,0,0,0,0,0,0,3,13,0.0,0.02868593702534914,0.0,0.0,1.0,0.0897999520645732,0.0,255,255,0.6865083952443618,0.0,0.14589778908028847,0.039393152455574086,0.0,0.049672483352697736,0.07885079919208855,0.035940219764725,tcp,http,SF
1549,2905,186198,0,0,0,0,1,0,0,5,0,0,0,0,0,0,0,0,0,0,32,0.009901050111373925,0.034889522266912894,0.0,0.0,1.0,0.05311326653430917,0.0,213,88,0.0,0.6344172515879463,1.0,8.797540937476779e-05,0.022364875161980134,0.0,0.0,0.0,udp,other,SF
1550,0,0,27581,0,0,0,0,0,1,10,0,0,0,0,0,0,0,0,0,0,1,0.017011383497208245,0.0,0.012526022114316596,0.0,0.9037519614166215,0.0,0.016329936013907403,47,229,1.0,0.0,0.0,0.07789833160089285,0.015327152839675343,0.0,0.015816509361173795,0.0,tcp,http,SF
1551,0,0,0,0,0,0,1,0,0,0,0,0,0,0,0,0,0,0,0,29,0,0.05542551865382396,0.0,0.8851717657042065,0.8528072653387675,0.8325953310870591,0.041627275872489274,0.08521866151468019,9,245,1.0,0.02871591078798606,0.0,0.1384892234478197,0.005110912354094842,0.0002256349770846438,1.0,0.8459112179137321,tcp,http,REJ
1552,0,339858,23691,0,0,0,30,0,1,0,0,0,0,1,0,0,0,0,1,8,54,0.0,0.0,0.0,0.22288590657853918,0.9065321093984662,0.0,0.0,126,31,0.2950872128462018,0.07540305012521661,0.052422414962401666,0.022793445547341886,0.055710361953020364,0.0,0.07300194235885879,0.014267840247725818,tcp,ftp,SF
1553,0,0,0,0,0,0,1,0,1,3,0,0,5,0,0,0,0,0,0,54,22,0.0,0.035591946053222495,0.0635602632558307,0.0,0.9406217171702796,0.0,0.08922374398704819,165,46,0.27189201093274284,0.026809948433710484,0.0,0.04144314112793648,0.14088173342961424,0.043621286904829755,0.16408150762607865,0.0,tcp,smtp,SF
1554,0,303665,0,0,0,0,1,0,1,0,0,0,8,0,0,0,0,0,0,49,29,0.03206600279024883,0.022321587379227622,0.1571541411413247,0.16678411746886818,0.952616908836605,0.03428464665813541,0.0,49,201,1.0,0.09393765082277362,0.0,0.028506478826454955,0.023374304257195933,0.0,0.1422111965721188,0.0,tcp,http,SF
1555,0,0,5722,0,0,0,0,0,0,0,0,0,2,0,0,0,0,0,0,38,45,0.06866788709342873,0.0,0.9903930023756911,0.9662287071278436,1.0,0.09604882065209078,0.0,16,142,1.0,0.12986085907982556,0.07720045101104368,0.26397469478759655,0.041827646534312694,0.007355152958726981,1.0,0.6703053571195963,tcp,http,REJ
1556,0,0,8585,0,0,0,0,0,0,8,0,0,4,0,0,0,0,0,0,0,24,0.0,0.029710208706856433,1.0,1.0,0.9810531480042884,0.0,0.0,0,255,0.8648462024173963,0.00045469756311677977,0.6678086461902492,0.030144965334298984,0.012912981357007044,0.023651248524557685,0.9253851109229212,0.8820841748757502,tcp,http,REJ
1557,528,135198,17537,0,0,0,2,0,1,0,0,0,2,1,0,0,0,0,0,0,0,0.0,0.0,0.028164000841722943,0.09570319487013873,0.9978895644011583,0.0011152596026594234,0.09417969982308079,254,47,0.4013787270994369,0.013549304253682106,0.0,0.0,0.029845642401841378,0.0,0.0,0.06852536913240609,tcp,smtp,SF
1558,543,190531,0,0,0,0,0,0,1,0,0,0,0,1,0,0,0,0,0,0,0,0.0,0.0,0.0,0.0,0.9127816325999281,0.032233093546658174,0.0,19,255,1.0,0.0,0.20089773054018178,0.03577063315124236,0.0,0.008056449099300358,0.0,0.0,tcp,http,SF
1559,0,0,0,0,0,0,0,0,1,0,0,0,0,0,0,0,0,0,0,50,0,0.0,0.00701747092922207,0.09038127836152902,0.0,0.9064088202644639,0.0,0.27821104484772363,94,255,1.0,0.0,0.1145608700348658,0.04138638809129178,0.0,0.009777207200690582,0.041315965050559685,0.11357002418165955,tcp,http,SF
1560,0,235216,59455,0,0,0,0,0,1,9,0,0,0,0,0,0,0,0,0,0,56,0.019339381770484738,0.0,0.12610338206607177,0.09190635924690996,1.0,0.0,0.0,0,227,1.0,0.024224663171869578,0.0,0.07563991723395719,0.0,0.028329496180804787,0.0,0.0764568724727516,tcp,http,SF
1561,94,37410,89589,0,0,0,0,0,1,6,0,0,0,0,0,0,0,0,0,0,40,0.0,0.0,0.18681344836097644,0.0,0.9600868429840992,0.04504071502774584,0.10780531732750576,0,224,1.0,0.08195306618347623,0.0,0.0,0.0,0.0002444253926428993,0.05816099745005703,0.0,tcp,http,SF
1562,0,0,15728,0,0,0,0,0,0,0,0,0,0,0,0,0,0,0,0,237,262,0.047300828679376454,0.06905741799904452,0.0,0.0,1.0,0.007945939223062198,0.0,255,255,0.7331137094585823,0.0,0.13741770337761314,0.017561329573889766,0.06296134153389919,0.0,0.07225567714319824,0.0,udp,domain_u,SF
1563,0,0,0,0,0,0,0,0,0,0,0,0,2,1,0,0,0,0,0,77,56,0.010337030616786513,0.060788280870298146,0.0,0.11303075460711841,1.0,0.008266960136864501,0.18066422990263029,116,105,0.7627568023344294,0.039065044201421754,0.008409948071657708,0.013502016118339429,0.011762474904596013,0.0,0.024062272308629156,0.08492806095773398,udp,private,SF
1564,0,452398,0,0,0,0,0,0,1,0,0,0,0,1,0,0,0,0,0,15,14,0.04881748312849677,0.10187466760884131,0.1381734148943006,0.14200605563111685,1.0,0.0,0.1755166301303145,0,255,1.0,0.09594243055218789,0.1542926643763587,0.050824358562171504,0.0,0.0,0.08856220031465263,0.06581415526173123,tcp,http,SF
1565,0,548857,17893,0,0,0,0,0,0,4,0,0,1,0,0,0,0,0,0,17,32,0.0,0.020047013350758116,0.05074216707336412,0.15812284458934645,0.9984941831610883,0.0,0.0,112,67,0.8261158430191831,0.07534023407281627,0.027777790862180844,0.035010854073817016,0.026229893694007984,0.05597422907534629,0.0,0.0,udp,private,SF
1566,0,485382,47081,0,0,0,0,0,1,1,0,0,0,1,0,0,0,0,0,0,8,0.0,0.028687032752333214,0.08895852369821929,0.0,1.0,0.0,0.03710194286631127,55,34,0.6789563798629192,0.05666978892441074,0.10183374452724601,0.029213601982649908,0.01626551106543696,0.04108554655510294,0.0,0.0,tcp,smtp,SF
1567,109,0,0,0,0,0,0,0,0,1,0,0,0,0,0,0,0,0,0,53,87,0.06284735355637135,0.0,0.7841884691509153,0.7612850828976039,1.0,0.0,0.2420655479888908,5,212,0.978984847321263,0.0,0.09463567890308146,0.1617498482568403,0.0,0.0,0.7840071336998488,1.0,tcp,http,REJ
1568,490,164320,0,0,0,0,1,0,1,1,0,0,0,0,0,0,0,0,0,0,37,0.0,0.0,0.027619519911273087,0.0,1.0,0.0,0.04110394910814286,22,255,0.9297718028570842,0.04525327674793691,0.0,0.06509913028528594,0.02159834583002465,0.0,0.0847395370343171,0.006415781858771483,tcp,http,SF
1569,0,278704,7597,0,0,0,1,0,1,5,0,0,0,0,0,0,0,0,0,0,8,0.0,0.03879350444443844,0.0,0.0728235998645772,1.0,0.0,0.0,135,191,0.9610268465361588,0.06503998506708894,0.09824315014037957,0.07658096606959659,0.03833920705164608,0.0,0.47265173277777306,0.604430591468243,tcp,http,SF
1570,17,237525,30138,0,0,0,0,0,0,0,0,0,4,0,0,0,0,0,0,7,23,0.0,0.06059746082166358,0.8494670789350007,0.6987019794065201,1.0,0.0,0.07946337656931157,59,241,0.8192393889560071,0.0128862633663224,0.0,0.11462094895245714,0.09676873399542515,0.006286397851282388,0.9974921260429386,0.7071222945501299,tcp,http,REJ
1571,0,257212,0,0,0,0,1,0,1,3,0,0,0,0,0,0,0,0,0,15,9,0.011782402260530447,0.035000003331458814,0.0,0.0,0.9409733391347932,0.0008879546393371982,0.0,120,138,0.8834280646064517,0.0,0.0,0.0,0.0,0.0,0.0,0.05120946691992519,tcp,http,SF
1572,239,119982,0,0,0,0,0,0,1,0,0,0,6,0,0,0,0,0,0,0,0,0.0,0.0,0.2383534348568004,0.0,1.0,0.0,0.020393928703897415,255,119,0.4592144890238689,0.04854046613014856,0.0,0.0,0.07801927351283396,0.0,0.12708692120005216,0.01413368540598631,tcp,smtp,SF
1573,0,0,21654,0,0,0,1,0,0,17,0,0,0,0,0,0,0,0,0,44,0,0.022753982699860193,0.017424243509445835,1.0,0.9049091368698488,0.9724577043581752,0.0,0.0,0,255,0.9921449129141127,0.0,0.34931419423925875,0.1311410048906424,0.0,0.0,0.8679596284782608,0.9480840928691006,tcp,http,REJ
1574,0,0,43235,0,0,0,0,0,1,0,0,0,0,0,0,0,0,0,0,28,23,0.016165544434451912,0.0,0.0,0.08963181057414807,1.0,0.0,0.050352542167216977,57,255,1.0,0.0,0.0,0.03938700754650586,0.1071627384515917,0.02249829311695286,0.1546952742801803,0.0,tcp,http,SF
1575,0,0,0,0,0,0,0,0,0,1,0,0,14,0,0,0,0,0,0,0,0,0.013620440470662723,0.0,0.9998418039235254,1.0,1.0,0.06958827729754777,0.0,43,92,0.9540505575924869,0.05169889366406218,0.025583226729746424,0.22602261794886094,0.0,0.0,1.0,1.0,tcp,http,REJ
1576,2659,111310,14231,0,0,0,0,0,0,4,0,0,0,0,0,0,0,0,0,28,0,0.06555530504346292,0.0727994452029288,0.03744518863937327,0.0,1.0,0.054814014740037095,0.0,184,0,0.28001815587641127,0.7506270412805589,1.0,0.0,0.029602420406984586,0.07270056634918003,0.08105344059681137,0.04497714782224377,udp,other,SF
1577,691,61136,0,0,0,0,1,0,1,0,0,0,9,0,0,0,0,0,0,0,1,0.0,0.0,0.0,0.0,1.0,0.0,0.0,255,251,1.0,0.0,0.031518308350501394,0.02863617053698093,0.013203121081559497,0.043692702287001686,0.0,0.0,tcp,http,SF
1578,0,182495,0,0,0,0,1,0,0,0,0,0,12,0,0,0,0,0,0,0,3,0.0,0.09649024431826304,0.8878428039070163,0.7425926048675826,0.8979422105044466,0.050066290893306394,0.0,7,255,0.9190537860210978,0.0,0.4874473769787348,0.08915927865328298,0.06862308681249936,0.07207874059646706,1.0,0.8937564703940147,tcp,http,REJ
1579,232,0,36109,0,0,0,0,0,1,0,0,0,6,1,0,0,0,0,0,26,1,0.0390312106578408,0.02445003319738127,0.06717843044214405,0.0,1.0,0.0,0.0,151,242,0.7418735191324016,0.04342137403747757,0.0,0.0,0.07240613082529887,0.017612210095530618,0.18434682628140112,0.0,tcp,smtp,SF
1580,799,211220,13654,0,0,0,1,0,0,0,0,0,0,0,0,0,0,0,0,0,54,0.026869293422641462,0.0,0.0,0.12607735182834345,1.0,0.0,0.0,45,50,1.0,0.04273886389901951,0.0,0.0,0.0,0.045221856954204796,0.03328341540521135,0.0,udp,private,SF
1581,0,672671,17860,0,0,0,1,0,1,3,0,0,10,1,0,0,0,0,0,27,27,0.0,0.0030350904033477405,0.05852606351131378,0.0,0.9594692979422282,0.0,0.10509597513923721,119,237,0.896762820248845,0.0,0.1341118819007608,0.0,0.0,0.02593041437817551,0.285635492345306,0.6759592968602091,tcp,http,SF
1582,370,25723,52493,0,0,0,1,0,0,0,0,0,0,0,0,0,0,0,0,248,332,0.0,0.0,0.0,0.0,0.9162649338481297,0.0,0.1211745118605229,243,231,0.8595163090164213,0.09274527937064306,0.0,0.0,0.09794413219100677,0.0,0.0,0.0,udp,domain_u,SF
1583,0,0,0,0,0,0,0,0,1,12,0,0,0,1,0,0,0,0,0,0,0,0.021305888715263,0.0,0.0,0.1394833592962129,1.0,0.047459805052362386,0.0,229,234,1.0,0.0,0.0,0.06873286350549525,0.004564367236381941,0.0,0.22432429107588148,0.7750055572237453,tcp,http,SF
1584,0,101183,0,0,0,0,1,0,0,5,0,0,0,0,0,0,0,0,0,322,292,0.0,0.0032610965682133668,0.09724617460372231,0.0,0.9249699765284303,0.0,0.0,255,255,1.0,0.033608115284581845,0.05935553955107397,0.005062646649718986,0.037491796643434196,0.012316209042973201,0.013509863447696103,0.026617439379306874,udp,domain_u,SF
1585,0,665186,5505,0,0,0,0,0,0,4,0,0,0,0,0,0,0,0,0,12,16,0.0,0.0,0.8997519294213038,0.9766965132354496,1.0,0.0,0.24218420395384083,0,255,1.0,0.0,0.23045777431062706,0.18825203670407287,0.0,0.033465528439862675,0.7360025354401164,0.8677395183463583,tcp,http,REJ
1586,0,0,0,0,0,0,1,0,0,0,0,0,0,0,0,0,0,0,0,294,251,0.0,0.0,0.0031957196909059337,0.29269611519441835,1.0,0.05458760992338298,0.052139830953369465,255,255,1.0,0.04764129928184801,0.0,0.0,0.0,0.0,0.0487888345041654,0.0,udp,domain_u,SF
1587,643,67596,27626,0,0,0,0,0,1,0,0,0,8,1,0,0,0,0,0,9,66,0.0,0.0,0.0,0.0,0.952160048972568,0.004532249210665556,0.05501807592788478,255,83,0.42892946997027354,0.06291746988280847,0.17325744252546288,0.0,0.0,0.01610797409873999,0.14321911232164858,0.09539016143291798,tcp,smtp,SF
1588,1977,0,0,0,0,0,0,0,0,9,0,0,0,0,0,0,0,0,0,11,0,0.0,0.0,0.009209798605637988,0.126059585827354,0.9455911788601515,0.0,0.07619585051251453,244,32,0.0,0.5718623454147262,1.0,0.0,0.042653553089300474,0.0,0.0,0.0,udp,other,SF
1589,0,0,0,0,0,0,2,0,0,28,0,0,0,0,0,0,0,0,0,0,0,0.006188400207283349,0.0,0.9194954804806789,0.8308499879320983,0.9653796607354078,0.017674348927272862,0.0,49,255,1.0,0.0,0.35276591996119144,0.043438378069014495,0.03397588532867074,0.0,1.0,0.9281119464797105,tcp,http,REJ
1590,0,0,2293,0,0,0,0,0,0,8,0,0,0,0,0,0,0,0,0,0,0,0.0,0.0,0.8457428288227472,0.8263897190465822,0.9271924721273372,0.07290777951191736,0.02890777388216713,86,240,1.0,0.0,0.4103976600969762,0.010460481726364664,0.05636239841608468,0.0,0.99864223584547,0.7880730620268563,tcp,http,REJ
1591,0,442067,6265,0,0,0,1,0,1,7,0,0,0,0,0,0,0,0,0,43,0,0.06698959675424705,0.07436103298970156,0.057888293266389064,0.0,1.0,0.07755361811417662,0.06371415806258707,185,74,0.6704149028360754,0.0,0.0,0.032117919137203264,0.0,0.012857899427361968,0.07344033139730766,0.04325709541787094,tcp,smtp,SF
1592,0,840059,32914,0,0,0,0,0,1,3,0,0,0,0,0,0,0,0,0,26,0,0.0,0.01804713453542237,0.15562031424804673,0.08335401740491524,1.0,0.0,0.014462639047226888,119,85,0.7925317028975692,0.08617483727498634,0.031521784340706994,0.04423693573933229,0.025273075720088054,0.0,0.0937662955611488,0.0,tcp,smtp,SF
1593,0,146677,13704,0,0,0,0,0,0,0,0,0,0,0,0,0,0,0,0,0,0,0.04436554892449264,0.026511035562842237,1.0,1.0,1.0,0.0,0.0,105,255,1.0,0.0,0.17691826098814686,0.19858651779804717,0.0009297231632574432,0.0,1.0,1.0,tcp,http,REJ
1594,254,0,16075,0,0,0,0,0,0,7,0,0,0,0,0,0,0,0,0,0,29,0.020354963373845528,0.0005010260566573162,0.8758508529202405,0.801107780075592,0.9386454782855238,0.07337946944099083,0.06350529581587254,0,243,1.0,0.04607336047007427,0.1807663427139214,0.11851880239828697,0.0,0.0,0.9388890051253451,1.0,tcp,http,REJ
1595,304,819822,11494,0,0,0,0,0,1,0,0,0,8,0,0,0,0,0,0,0,0,0.10580940390597326,0.022525643700058683,0.0,0.0,1.0,0.0,0.0,181,159,0.4599699013764114,0.13123738354790504,0.11814619020162645,0.0,0.031335954884844815,0.008286045063088637,0.05582791750315372,0.0018388351654579098,tcp,smtp,SF
1596,217,110654,0,0,0,0,0,0,1,0,0,0,3,0,0,0,0,0,0,28,37,0.026245990004295047,0.05231606043632891,0.08921386299582353,0.0,0.9272811237092525,0.0,0.08295032688257134,89,65,0.6572120585979164,0.02304282478451224,0.0,0.0,0.059513213645837705,0.01940451285243492,0.08916758317048666,0.06353033487964964,tcp,smtp,SF
1597,193,0,0,0,0,0,29,0,1,0,0,0,4,0,0,0,0,0,1,33,0,0.0,0.018144813461640104,0.04896068472858136,0.0,1.0,0.0,0.0,133,0,0.1490581840419742,0.1087480185933965,0.0,0.013374843020531076,0.07235244360948337,0.0,0.035764103799048506,0.0,tcp,ftp,SF
1598,1067,0,11525,0,0,0,0,0,1,7,0,0,0,0,0,0,0,0,0,16,0,0.05126135542339468,0.07298201387652782,0.07731143973591509,0.0,0.8905428582406496,0.0,0.0,250,156,0.8601457460010982,0.0,0.08821281125091966,0.03880306870445443,0.0,0.031024733252405227,0.03723035413942299,0.039946224836192055,tcp,smtp,SF
1599,0,457158,0,0,0,0,1,0,1,0,0,0,0,0,0,0,0,0,0,0,0,0.08253329091405513,0.0,0.10515289154905105,0.0,1.0,0.0,0.09208446974968368,147,255,0.9109545472933641,0.0,0.0,0.08959973911241718,0.03821131440542524,0.04328342051204631,0.36241878140555156,0.6122118364254404,tcp,http,SF
1600,0,317013,59051,0,0,0,0,0,0,1,0,0,6,0,0,0,0,0,0,22,26,0.0,0.026646981984601092,0.16130638228156907,0.019453450735131946,0.9616027041221125,0.05618149344945905,0.039203129689751676,69,34,1.0,0.0,0.0,0.004815929517504674,0.025121291693979753,0.0,0.0,0.0,udp,private,SF
1601,761,791397,46918,0,0,0,0,0,0,0,0,0,0,0,0,0,0,0,0,304,279,0.031073266095995394,0.03132314558651799,0.0,0.0,1.0,0.0,0.0,167,101,0.9075977850022603,0.0031090615346955775,0.06959048465549397,0.028654974218401668,0.0,0.028281574427168256,0.04880903607762022,0.0,udp,domain_u,SF
1602,849,0,22060,0,0,0,1,0,0,0,0,0,6,0,0,0,0,0,0,6,37,0.04182691766127922,0.0,0.8689033463468483,0.9993394460879456,1.0,0.06871179628513424,0.0,111,134,1.0,0.0,0.13930495763577355,0.20459403516509356,0.0,0.0,0.9178503489382885,0.839625006219396,tcp,http,REJ
1603,0,477556,15724,0,0,0,0,0,1,0,0,0,9,0,0,0,0,0,0,63,0,0.0,0.0019016427537620177,0.01506815191528601,0.0,0.9065289585117485,0.020942048374542672,0.0,97,92,0.9825145927753814,0.003866091529512268,0.0,0.03542560981580317,0.0,0.0,0.0,0.0218513315164779,tcp,http,SF
1604,0,26901,0,0,0,0,0,0,1,0,0,0,0,0,0,0,0,0,0,0,0,0.0,0.0,0.0,0.050994168474424,1.0,0.0,0.0,180,160,0.7077788451082753,0.10061141412215079,0.0,0.07656313792433035,0.0,0.0,0.013857085713486428,0.03397653734020344,tcp,smtp,SF
1605,922,264924,0,0,0,0,1,0,1,0,0,0,0,0,0,0,0,0,0,20,14,0.0,0.0,0.0,0.024396812478201184,0.9594504994162737,0.0,0.06488697901260566,255,86,0.5237582083417986,0.028942951393424444,0.0,0.0,0.00406329681450169,0.0,0.0,0.05934365703920093,tcp,smtp,SF
1606,2980,0,0,0,0,0,0,0,0,0,0,0,0,0,0,0,0,0,0,0,32,0.0,0.0,0.1240910259116462,0.0,0.9774649494108626,0.03633168063132302,0.0,255,21,0.15816091071256644,0.6914971469680707,0.8911573613579864,0.0,0.0,0.0,0.19327527517505524,0.0,udp,other,SF
1607,2770,480650,3640,0,0,0,0,0,0,0,0,0,0,0,0,0,0,0,0,30,26,0.0743748747418401,0.0,0.0,0.016370089598159127,0.9506540533300366,0.0029057134064768547,0.0,255,0,0.0,0.7169540629241932,1.0,0.0,0.009786663267796356,0.05757311875407037,0.0,0.0,udp,other,SF
1608,0,257533,8144,0,0,0,2,0,0,4,0,0,0,0,0,0,0,0,0,19,12,0.0,0.0,0.0,0.09467995556673395,1.0,0.027834350312114207,0.0,68,74,0.9836257608727034,0.0,0.06871758614545306,0.0,0.0,0.0,0.07922525629527696,0.0,udp,private,SF
1609,0,0,16513,0,0,0,0,0,0,4,0,0,9,0,0,0,0,0,0,51,9,0.0,0.022778899037229305,0.0,0.0,0.9138591553010396,0.0,0.0,47,75,1.0,0.08282945602976198,0.0,0.013163064817200093,0.07017764700286198,0.0,0.0,0.0,udp,private,SF
1610,194,211190,32238,0,0,0,0,0,0,0,0,0,0,0,0,0,0,0,0,213,197,0.0,0.0,0.006411449209811487,0.006759763855573269,1.0,0.050745902128641475,0.014690467404107753,104,42,0.5527911962473738,0.0,0.2757096367519846,0.0,0.0,0.004461514168228681,0.0020854835909195238,0.01197724387512556,udp,domain_u,SF
1611,0,0,0,0,0,0,0,0,0,0,0,0,10,0,0,0,0,0,0,188,210,0.01583724699892125,0.08275519845504238,0.12029961082425147,0.0,0.9440821676074369,0.0,0.0,31,31,0.9237623385989413,0.0,0.012164690550894456,0.0,0.0,0.0,0.0,0.1831587121433387,udp,domain_u,SF
1612,0,0,0,0,0,0,1,0,1,12,0,0,0,0,0,0,0,0,0,0,71,0.002764826401021384,0.025248527738103717,0.12337883131508755,0.008879289925799203,1.0,0.18700754612705167,0.0,107,121,1.0,0.12712857827780863,0.0,0.03533112427856092,0.0,0.0042378841024959864,0.0,0.0,tcp,http,SF
1613,60,0,52032,0,0,0,0,0,1,0,0,0,15,0,0,0,0,0,0,0,0,0.0,0.0,0.10628194794078649,0.0,1.0,0.0,0.10703447312913288,244,148,0.5404855564300541,0.0,0.022915043272896042,0.01749284030912463,0.0,0.01907366972885258,0.03220300234878621,0.0,tcp,smtp,SF
1614,0,0,27021,0,0,0,0,0,0,3,0,0,0,0,0,0,0,0,0,0,0,0.012836194726191606,0.028796117099778057,0.0,0.0,0.9535900469738553,0.19815567740346307,0.14987278484785874,0,0,0.9389379897738713,0.021123144070518754,0.1474667219566805,0.025753166234460303,0.0,0.04306106454629633,0.0,0.002462124117616711,udp,private,SF
1615,357,282055,0,0,0,0,0,0,0,1,0,0,0,0,0,0,0,0,0,38,0,0.0,0.04426327144125361,1.0,1.0,1.0,0.0,0.037401157743535675,0,255,1.0,0.0,0.4194620597912084,0.016623635003823925,0.0,0.03815998547073865,1.0,0.8269600100945894,tcp,http,REJ
1616,1957,390054,0,0,0,0,1,0,0,7,0,0,0,0,0,0,0,0,0,234,210,0.0,0.01642287680915576,0.043741831858331096,0.0829577237830275,0.9616390053023931,0.1033672936754452,0.0,43,88,0.7150154025041997,0.0,0.3054263482322418,0.0022709061487994633,0.011071147360815319,0.01054624063014593,0.1260972675962152,0.0,udp,domain_u,SF
1617,1445,0,0,0,0,0,1,0,0,2,0,0,0,1,0,0,0,0,0,0,0,0.03247803874880487,0.0,0.0,0.11014029132660844,1.0,0.06077281685832067,0.0,255,0,0.04252789644637714,0.693328320284282,0.8061372350989,0.06326700489191325,0.0,0.0,0.0,0.024428137883104724,udp,other,SF
1618,228,115053,1428,0,0,0,0,0,1,0,0,0,10,0,0,0,0,0,0,2,0,0.02786715149843826,0.09954198751180329,0.03882132456277208,0.0,0.9816890227941812,0.0,0.0728296803419035,255,32,0.0,0.03564747597201768,0.0,0.0,0.017710588635439922,0.0,0.13669263041450838,0.009561682392870812,tcp,smtp,SF
1619,0,0,17244,0,0,0,2,0,1,0,0,0,3,0,0,0,0,0,0,9,34,0.00971094710615022,0.028451671256572702,0.09007828677383661,0.0712678567755664,1.0,0.04402922024008339,0.0,167,246,0.8441294202805361,0.0,0.0,0.0636353781242005,0.0,0.011836080836649387,0.196140257775048,0.5936056847237996,tcp,http,SF
1620,398,108530,88693,0,0,0,1,0,1,1,0,0,7,0,0,0,0,0,0,0,0,0.0,0.0,0.0,0.05134887478237246,0.9707165662647672,0.0,0.12427590619486814,144,94,0.5793426234322706,0.0,0.0004954460631283429,0.01950600866665415,0.07906983435218017,0.0,0.0,0.2110989651753419,tcp,smtp,SF
1621,31,0,6737,0,0,0,0,0,0,0,0,0,0,0,0,0,0,0,0,211,204,0.0,0.009304005955721768,0.0,0.0,1.0,0.030186803331470023,0.1313744118221625,121,52,0.4609271095977776,0.04376692003691006,0.07021892292667727,0.0,0.0,0.0,0.0,0.0,udp,domain_u,SF
1622,512,0,24777,0,0,0,0,0,1,0,0,0,5,0,0,0,0,0,0,44,68,0.03983200791038626,0.0,0.0,0.01187875381844912,0.8386463082389591,0.010860369407948505,0.05538658217455744,232,155,1.0,0.01537486997465579,0.0,0.024051604273625526,0.0,0.0,0.0,0.17517293857112307,tcp,http,SF
1623,790,344391,0,0,0,0,0,0,0,8,0,0,0,0,0,0,0,0,0,292,278,0.0,0.00028596291718984606,0.0,0.0,1.0,0.0,0.0,255,229,1.0,0.01826622975817748,0.05983954562070041,0.0,0.008695635897374933,0.01947919023067536,0.0,0.0,udp,domain_u,SF
1624,129,0,0,0,0,0,0,0,0,7,0,0,0,0,0,0,0,0,0,38,0,0.041794390492489925,0.0,0.0,0.14137471117079758,0.999223880000184,0.0,0.0,59,47,0.9718544457482132,0.07901078042033231,0.06813108699657708,0.0,0.0,0.008648035490671814,0.0,0.0,udp,private,SF
1625,760,661839,42835,0,0,0,0,0,0,0,0,0,2,0,0,0,0,0,0,0,0,0.0,0.0024171095403328815,0.9572237825024921,1.0,0.9965590945918779,0.025035962411780605,0.0,0,112,0.7156580761084137,0.0,0.0,0.23054396514645553,0.0,0.0,1.0,0.9221647686770111,tcp,http,REJ
1626,0,15201,14146,0,0,0,0,0,0,0,0,0,2,0,0,0,0,0,0,200,190,0.00817575496307235,0.0,0.10089120977607524,0.0,1.0,0.0,0.0,84,44,0.5012866474024519,0.10973279468119512,0.06441890860027805,0.0,0.05675016616346935,0.043247591802497584,0.0,0.11276616713115942,udp,domain_u,SF
1627,1068,0,0,0,0,0,0,0,0,0,0,0,0,0,0,0,0,0,0,0,0,0.0012522796094042153,0.0,0.09897526772796324,0.0,1.0,0.0,0.0,45,68,1.0,0.011106187384520877,0.0,0.0,0.042824998224962725,0.006056785731559677,0.0,0.0,udp,private,SF
1628,252,401579,23495,0,0,0,0,0,0,0,0,0,5,0,0,0,0,0,0,9,5,0.048748690688323354,0.017238264251776353,1.0,1.0,1.0,0.07013987726900968,0.0,21,255,1.0,0.044762889022657515,0.1479210940387097,0.17939580462919305,0.015742726955513014,0.0,0.8089276496819229,0.8629361598818642,tcp,http,REJ
1629,724,206766,69682,0,0,0,0,0,1,0,0,0,6,0,0,0,0,0,0,28,10,0.0,0.0,0.01833565352613455,0.13580876008533851,1.0,0.031463566982269764,0.3193116088183955,0,231,0.6645848480942314,0.047057451564978516,0.0,0.060931914704907074,0.0035474567024214284,0.027443853208222388,0.0009876503111723414,0.0327045817181569,tcp,http,SF
1630,0,237906,0,0,0,0,1,0,0,0,0,0,11,0,0,0,0,0,0,53,63,0.0,0.0,1.0,0.8519801552895898,1.0,0.0,0.14512880374706,0,189,1.0,0.0,0.06967242488296937,0.11884483963239537,0.02325477826317362,0.0,0.9270386745552394,0.9431424478145553,tcp,http,REJ
1631,2081,389830,53068,0,0,0,0,0,0,0,0,0,0,0,0,0,0,0,0,37,0,0.0,0.03649397200905464,0.0,0.06674770969677235,0.796380753137011,0.0,0.0,255,0,0.0,0.7084170336363309,1.0,0.017427906970104035,0.0,0.0,0.02419338506153632,0.05521244265340264,udp,other,SF
1632,98,0,0,0,0,0,1,0,1,0,0,0,11,0,0,0,0,0,0,23,0,0.0,0.0,0.024518679541659167,0.13207516633481398,1.0,0.0,0.27744695226753047,255,231,1.0,0.0,0.0,0.0,0.008829454669252161,0.0,0.18237758264443127,0.0,tcp,http,SF
1633,0,208943,33029,0,0,0,0,0,1,1,0,0,14,0,0,0,0,0,0,0,8,0.012417949645195379,0.0,0.0,0.0,1.0,0.06681374414027541,0.0,142,7,0.5946987906042426,0.0,0.0,0.04398623891118137,0.05700662742749431,0.02507155453038195,0.0,0.0,tcp,smtp,SF
1634,190,0,1379,0,0,0,1,0,1,8,0,0,0,1,0,0,0,0,0,0,14,0.0,0.0,0.0,0.008459927138683404,0.8710746046585494,0.05057366104915891,0.1121487375328001,222,255,1.0,0.0,0.02071150050074145,0.0,0.04790795270030255,0.0,0.030797964723334462,0.15948678706023767,tcp,http,SF
1635,735,0,0,0,0,0,0,0,1,6,0,0,0,0,0,0,0,0,0,15,5,0.0,0.0,0.12050948196781043,0.04933095670779695,1.0,0.0,0.011835989671340894,151,151,0.5231837369566024,0.03042108784295936,0.23369196845620574,0.0,0.0,0.017959656811417906,0.0,0.0,tcp,smtp,SF
1636,1453,0,15657,0,0,0,2,0,0,0,0,0,0,0,0,0,0,0,0,42,0,0.029695497943379324,0.005745030667807677,0.0,0.0,1.0,0.0477147373688459,0.0,220,45,0.17899297467107264,0.5791396999467076,1.0,0.0,0.008547374331745993,0.0,0.0,0.0,udp,other,SF
1637,655,687992,40448,0,0,0,1,0,1,0,0,0,0,0,0,0,0,0,0,0,4,0.0,0.028451201996028363,0.07066754471715485,0.1722018475061103,1.0,0.14582857493145457,0.0,157,140,0.7825739007398124,0.031732696158669305,0.0,0.0,0.0,0.0,0.0,0.04437252491206115,tcp,smtp,SF
1638,16,78767,13012,0,0,0,0,0,1,5,0,0,15,0,0,0,0,0,0,0,0,0.0036563538087161594,0.0,0.0,0.0,1.0,0.0,0.19403962432547567,213,81,0.4385973291645915,0.005976795870074322,0.0,0.006209394445681766,0.007234211401550488,0.0009285466178662927,0.11186960459450226,0.0,tcp,smtp,SF
1639,0,0,20724,0,0,0,1,0,1,1,0,0,0,1,0,0,0,0,0,61,30,0.0,0.027131935405395192,0.12679044620037014,0.006211498498782034,1.0,0.0,0.11834695437228095,255,239,1.0,0.06691233600352314,0.1254271213263526,0.013309100254293972,0.0,0.0,0.08568354983805647,0.07042992081661455,tcp,http,SF
1640,0,0,0,0,0,0,0,0,0,3,0,0,0,0,0,0,0,0,0,212,220,0.0,0.00468126766572674,0.0,0.1942288203765184,0.840333064046106,0.0,0.0,120,117,0.6200768453031423,0.0,0.0,0.0,0.0,0.0,0.0349116718288761,0.17189353145877972,udp,domain_u,SF
1641,338,544929,0,0,0,0,1,0,0,13,0,0,0,0,0,0,0,0,0,273,275,0.0013946377250929024,0.0,0.11837687532317084,0.0,1.0,0.06966744837972447,0.0,255,255,0.8601572234418641,0.08668607485052819,0.0,0.0,0.016495562930319046,0.021663859464295963,0.15448864693971484,0.08316082089259204,udp,domain_u,SF
1642,0,0,25574,0,0,0,0,0,1,0,0,0,0,0,0,0,0,0,0,0,10,0.0,0.007766587796215847,0.09094602747241612,0.021887853317925157,1.0,0.0,0.041117184798316095,243,179,0.47621742289065383,0.04492984084259358,0.13908232194404133,0.0,0.0,0.0,0.044667847073964824,0.0,tcp,smtp,SF
1643,436,0,65020,0,0,0,0,0,1,0,0,0,6,0,0,0,0,0,0,14,55,0.007428940773180729,0.05313966965874299,0.0,0.0,1.0,0.0,0.0,66,255,0.9339633379916871,0.0,0.06923956898820416,0.09213058005361195,0.0,0.0,0.03190344750395385,0.0,tcp,http,SF
1644,0,0,40832,0,0,0,1,0,1,0,0,0,0,0,0,0,0,0,0,20,36,0.0,0.0,0.0,1.7160577413347704e-05,0.8870580804321447,0.01670311290240177,0.07274440746621598,114,196,0.4265677037204253,0.10208963855633148,0.0,0.0,0.016197283902798742,0.003186815857692771,0.14667100860370574,0.006184153000212754,tcp,smtp,SF
1645,36,0,0,0,0,0,1,0,1,3,0,0,15,0,0,0,0,0,0,28,22,0.0,0.08921615287009871,0.10382437067322353,0.0,0.9104712490032993,0.0,0.0,69,255,0.9193717389235683,0.1239105045053806,0.0,0.039570196379970765,0.0,0.0,0.0,0.035096133414916866,tcp,http,SF
1646,0,465781,0,0,0,0,0,0,0,0,0,0,5,0,0,0,0,0,0,0,67,0.0,0.0,1.0,0.9624106681336914,1.0,0.0,0.0,11,255,0.9685043559133953,0.0,0.0,0.10646528357452117,0.0,0.029264434367364273,1.0,1.0,tcp,http,REJ
1647,786,0,0,0,0,0,2,0,1,0,0,0,6,0,0,0,0,0,0,12,0,0.04737652242270556,0.0,0.07277024949690652,0.0025112197514287325,1.0,0.020180405100272875,0.0,19,252,1.0,0.0,0.0,0.05787429765592997,0.0,0.013779761697498836,0.0,0.15079025763932827,tcp,http,SF
1648,0,459769,0,0,0,0,0,0,1,0,0,0,0,0,0,0,0,0,0,0,0,0.0,0.006158779389229245,0.0,0.024154248441790042,1.0,0.0,0.1378346106903933,255,179,0.6814910879021491,0.04764878161559476,0.04878054047646411,0.044813762594500664,0.0,0.0027028062528512775,0.0,0.0,tcp,smtp,SF
1649,0,17122,2307,0,0,0,0,0,1,0,0,0,0,0,0,0,0,0,0,53,7,0.007679091195723658,0.03697695251795104,0.0,0.09077549986838004,0.9465660506870395,0.0,0.0,131,246,0.9683639834783478,0.0,0.13230238188643992,0.010386472342890446,0.053925655954704145,0.0,0.11069717762286369,0.5589360270959239,tcp,http,SF
1650,0,467888,13714,0,0,0,0,0,0,0,0,0,0,0,0,0,0,0,0,52,17,0.0881542901591513,0.0,0.9076321453553182,0.5844738880041593,0.9700754457208685,0.0,0.16964491804331847,0,255,0.8760767820236913,0.0,0.09410582972615536,0.18193106310357945,0.0,0.020013444001541814,0.874530605936117,0.9048769213968233,tcp,http,REJ
1651,855,84016,0,0,0,0,0,0,0,3,0,0,0,0,0,0,0,0,0,0,0,0.05354973513807795,0.013863760204908532,0.956671115323753,0.9872428664785011,1.0,0.006708639245527215,0.04623243981512777,96,89,1.0,0.08423016296180867,0.0,0.2747104031899789,0.0,0.0,1.0,1.0,tcp,http,REJ
1652,360,279308,27211,0,0,0,0,0,0,0,0,0,7,0,0,0,0,0,0,167,178,0.024764372009385343,0.09431191115219509,0.0,0.0,0.9493009374111663,0.05418881083116799,0.0,67,0,0.7474490374146854,0.05685734892981825,0.0,0.004324537824957539,0.039196614007763024,0.0356123249425291,0.0,0.10379172062745241,udp,domain_u,SF
1653,0,235404,21076,0,0,0,0,0,0,0,0,0,0,0,0,0,0,0,0,207,208,0.012142002452920247,0.00915000974869698,0.0,0.0,1.0,0.05283617930474543,0.0,58,85,0.5417130817294309,0.0,0.1919950425953993,0.0,0.07443671879237,0.0,0.0,0.006562128076383897,udp,domain_u,SF
1654,2480,204149,0,0,0,0,1,0,0,0,0,0,7,0,0,0,0,0,0,0,0,0.0,0.13269765643120704,0.08967996616178583,0.003271199645600673,0.9667324610647992,0.0,0.06570610357970169,198,0,0.0,0.8820591059930611,0.9347961518865011,0.0,0.011590752323662393,0.0018374670588436075,0.0,0.0,udp,other,SF
1655,0,113984,0,0,0,0,0,0,0,2,0,0,1,0,0,0,0,0,0,0,0,0.0,0.05626629091089114,0.18372625482162377,0.0,1.0,0.10340942224539572,0.0,25,14,0.9180930277164873,0.0,0.10789631591028669,0.0,0.04701695371537712,0.0012309642271647087,0.0,0.2030909960701894,udp,private,SF
1656,265,0,0,0,0,0,0,0,0,0,0,0,0,0,0,0,0,0,0,0,3,0.0,0.0022929235650532005,0.10443976206688557,0.0,0.9362151461118305,0.0043419419785975695,0.0,0,89,0.8107438548265837,0.08994219119380911,0.16216879160145609,0.06586843432297125,0.0,0.009040729317975955,0.0,0.06535544407865741,udp,private,SF
1657,0,628010,0,0,0,0,0,0,1,1,0,0,0,0,0,0,0,0,0,0,5,0.027949391196163895,0.012971155547461245,0.0009714370834120348,0.022004168683021047,0.938313296974784,0.0,0.008610801002944398,255,166,0.6545054438945996,0.0,0.0967436046632173,0.027999793935369284,0.0025049379339786657,0.040768345145485455,0.03366185147535561,0.0,tcp,smtp,SF
1658,505,0,257,0,0,0,0,0,0,1,0,0,2,0,0,0,0,0,0,5,23,0.018947220392605605,0.0,0.9085465879598913,0.8992304650176314,0.9727006434397927,0.0,0.2322767040312763,0,239,1.0,0.11479300297562084,0.5549018355386772,0.09019497027288395,0.0003375044581277413,0.0,1.0,0.836705837048446,tcp,http,REJ
1659,86,1410,5882,0,0,0,0,0,0,0,0,0,0,1,0,0,0,0,0,0,0,0.03834622970717226,0.011104290931927658,1.0,1.0,0.9598576992344865,0.1460978226456588,0.0,0,114,0.999471534927809,0.0,0.2963510751949017,0.2222645297725626,0.014917214632846156,0.0,0.9510942830366971,1.0,tcp,http,REJ
1660,1603,5176,16025,0,0,0,0,0,1,0,0,0,7,0,0,0,0,0,0,87,45,0.059298191571131274,0.02498498512143985,0.1693854859266055,0.0,0.9776090309338434,0.17332423807458416,0.06762700513850231,34,255,1.0,0.0,0.0,0.08508630376917765,0.04443351038275192,0.0,0.022477935576098722,0.0,tcp,http,SF
1661,0,131824,8661,0,0,0,1,0,0,0,0,0,0,1,0,0,0,0,0,17,0,0.0,0.0,0.10206584158196244,0.07020885627989791,1.0,0.13706487089012628,0.0,35,97,0.9843954630322892,0.0,0.20293928536483571,0.0,0.0,0.0,0.02169585597859439,0.12126983394903378,udp,private,SF
1662,0,0,0,0,0,0,0,0,0,0,0,0,4,1,0,0,0,0,0,0,0,0.009327464588204725,0.0,1.0,0.9944807935181624,1.0,0.008917585772138779,0.0,1,255,1.0,0.13423004897768712,0.269977590717274,0.06085035729414852,0.0,0.06699230333861068,0.9613698889375711,0.808304332949988,tcp,http,REJ
1663,1215,115234,11433,0,0,0,0,0,1,14,0,0,12,1,0,0,0,0,0,0,53,0.0,0.05878669382959354,0.0,0.001516021280976428,0.9565233326310938,0.025273406174308084,0.0,254,177,0.8067829299665066,0.0,0.049700700906486935,0.089130089859807,0.0,0.02711056120827255,0.027169007839122048,0.0,tcp,smtp,SF
1664,833,0,39081,0,0,0,29,0,1,0,0,0,2,0,0,0,0,0,1,12,0,0.10969216534442655,0.04331244146992106,0.035106084112263056,0.0,0.9272229732995686,0.10951174107241973,0.0,83,16,0.48540371815640926,0.09094895410995152,0.003830713323429007,0.0,0.0,0.015023302752903051,0.0,0.0,tcp,ftp,SF
1665,0,0,0,0,0,0,1,0,0,0,0,0,6,0,0,0,0,0,0,0,0,0.0,0.0,1.0,0.9587812122162329,1.0,0.0,0.0459124974552039,116,102,1.0,0.0003045664170457303,0.0,0.214244936707419,0.010585336898647338,0.022738626321671476,1.0,1.0,tcp,http,REJ
1666,2789,3271,11176,0,0,0,0,0,0,1,0,0,4,0,0,0,0,0,0,37,0,0.03168408603966982,0.007607781938453562,0.023627203368125318,0.0,0.9373185590596823,0.03975690519082818,0.0,252,0,0.028813073722743103,0.6444576979541847,0.8758378318002247,0.0,0.010011914881978877,0.03691607125190987,0.0,0.0,udp,other,SF
1667,1,0,0,0,0,0,0,0,1,0,0,0,14,1,0,0,0,0,0,17,0,0.0,0.04569679898049181,0.0,0.11976279046723678,0.8796112799584966,0.016688509909347886,0.1372748846465164,166,83,1.0,0.0,0.07999681261350115,0.0,0.002699624796104857,0.0,0.0,0.0,tcp,http,SF
1668,189,0,0,0,0,0,1,0,1,7,0,0,3,0,0,0,0,0,0,0,13,0.0,0.04109878642209431,0.0,0.0,1.0,0.14092722511923353,0.0,87,130,1.0,0.0,0.11203027575826335,0.0,0.0,0.0,0.0,0.0814256187592674,tcp,http,SF
1669,0,48543,22253,0,0,0,2,0,1,0,0,0,5,0,0,0,0,0,0,0,35,0.0,0.0,0.26336015337530017,0.0,1.0,0.10549358176058587,0.07441703328320572,43,255,0.8728168105061243,0.0,0.016876054743775938,0.021157373613638033,0.06208152569391121,0.019941121405098926,0.0,0.0,tcp,http,SF
1670,0,159918,0,0,0,0,0,0,1,0,0,0,0,0,0,0,0,0,0,0,3,0.0,0.04369660808614582,0.0,0.10709480663141867,1.0,0.0,0.0,207,255,0.9576298576318358,0.020545128902759956,0.0,0.0,0.009978006178408572,0.0,0.0,0.0,tcp,http,SF
1671,0,172622,15140,0,0,0,1,0,1,5,0,0,0,1,0,0,0,0,0,16,0,0.0,0.000671711520639873,0.0,0.08308578034997725,0.8581101398825636,0.11200998249371862,0.0,214,190,1.0,0.1382790603344811,0.16315765037910057,0.020530999453005502,0.0,0.0,0.08110574702417007,0.0,tcp,http,SF
1672,91,185852,1752,0,0,0,1,0,1,12,0,0,0,0,0,0,0,0,0,0,0,0.05638198755067694,0.01729313041631972,0.016689689022018894,0.13616967995310472,0.9569461539464192,0.0,0.0,128,177,1.0,0.041538672204039444,0.0,0.07960116768051,0.0030651547090330793,0.0,0.218718520692573,0.5239265845865532,tcp,http,SF
1673,306,0,0,0,0,0,0,0,0,9,0,0,9,0,0,0,0,0,0,6,0,0.02653104961528476,0.0,0.0,0.0,0.8957543137387073,0.0,0.058998094838903635,0,13,0.993736632919958,0.10541952712263458,0.07462920196806934,0.03390178982000725,0.03428579599828966,0.011086598842391436,0.0,0.0,udp,private,SF
1674,0,0,0,0,0,0,0,0,0,0,0,0,0,0,0,0,0,0,0,231,221,0.0,0.0,0.10407531165587336,0.0,0.9984928783886705,0.0,0.09664785049827067,255,204,0.7832347196306095,0.0,0.0,0.005062301613837942,0.009854429872793155,0.02647269798200827,0.0,0.0,udp,domain_u,SF
1675,0,645936,0,0,0,0,0,0,0,0,0,0,5,0,0,0,0,0,0,2,24,0.021971051011480943,0.0,1.0,0.887717862690679,1.0,0.010826876526121165,0.0,0,255,0.9303840044316265,0.0,0.514593494059819,0.15600429727021073,0.0,0.0,0.918475319944714,0.9118913704831171,tcp,http,REJ
1676,664,0,0,0,0,0,0,0,1,0,0,0,3,1,0,0,0,0,0,19,33,0.040058147929513066,0.023873535705621514,0.0,0.0,1.0,0.0,0.07985052534773399,127,54,1.0,0.0,0.0,0.0,0.08120089610647682,0.0,0.2150563941944383,0.0,tcp,http,SF
1677,245,199929,13347,0,0,0,0,0,0,1,0,0,7,0,0,0,0,0,0,67,27,0.0,0.0,0.7731546218681445,0.8970982382509273,0.950895276152743,0.0,0.07170292432000003,0,255,0.9933171546311774,0.0,0.14586169733490628,0.22528713770271122,0.02127944168148242,0.0,0.7720787885292579,1.0,tcp,http,REJ
1678,0,25757,8403,0,0,0,0,0,1,0,0,0,0,0,0,0,0,0,0,8,14,0.020023286368841445,0.028928471536857184,0.0,0.0,0.9371989738664914,0.0,0.0,148,34,0.42255824266332054,0.02677284770467491,0.0,0.01580272017131535,0.0,0.0,0.0,0.03209409711590866,tcp,smtp,SF
1679,0,29821,33644,0,0,0,0,0,1,6,0,0,0,0,0,0,0,0,0,0,41,0.048948914715683745,0.049215113826360325,0.07979111726139823,0.0,0.9857742038938924,0.0,0.05112612209609523,124,255,1.0,0.0,0.0,0.08073899624989747,0.0,0.023036260584016845,0.0,0.2051427282171766,tcp,http,SF
1680,0,0,0,0,0,0,0,0,0,1,0,0,3,0,0,0,0,0,0,68,31,0.0,0.0,0.8935647040498286,0.8602302131703319,1.0,0.017226703155999244,0.02940830675030802,103,255,1.0,0.0,0.0006297956881554934,0.12035737510206368,0.031728423755270095,0.0,0.8572991513607342,0.9153156436502655,tcp,http,REJ
1681,0,184009,66837,0,0,0,1,0,1,0,0,0,0,0,0,0,0,0,0,2,49,0.025933465762075492,0.0,0.0,0.0028096299136434978,0.9573546030855352,0.0765416494200543,0.0,236,205,0.9540212949832476,0.08165892670006328,0.0,0.07183614835825686,0.059538995027701054,0.0,0.23400799480503512,0.5668270675570335,tcp,http,SF
1682,0,45007,0,0,0,0,1,0,1,0,0,0,0,0,0,0,0,0,0,25,0,0.017715830614315926,0.0,0.022009114908373508,0.0,0.9309822844935306,0.06713266702100439,0.0,255,255,1.0,0.0,0.0,0.0673194165651781,0.020820082448541718,0.0,0.027917116450614725,0.014817880952354425,tcp,http,SF
1683,825,0,0,0,0,0,0,0,1,0,0,0,14,0,0,0,0,0,0,0,3,0.09142403562780188,0.0,0.0,0.0,0.934125664297336,0.03157033170586585,0.0,20,255,1.0,0.0,0.017342812015210273,0.07297131115399827,0.028221741588792263,0.025546269455617023,0.0,0.0,tcp,http,SF
1684,0,0,0,0,0,0,0,0,0,0,0,0,0,0,0,0,0,0,0,3,0,0.027082024382942344,0.0,0.0,0.09597572438679257,0.9515223246585198,0.0,0.0,92,74,1.0,0.0,0.0,0.0,0.0293818176126487,0.028401649065846475,0.0,0.0,udp,private,SF
1685,430,87876,0,0,0,0,0,0,1,0,0,0,0,0,0,0,0,0,0,0,24,0.0,0.024766144029384932,0.0,0.10619811413335294,0.9666731244830924,0.0,0.0,243,252,0.9612331684519033,0.0,0.1639399094799203,0.0,0.0002190992719555098,0.009862860357337171,0.0,0.0,tcp,http,SF
1686,0,0,55105,0,0,0,0,0,1,0,0,0,0,0,0,0,0,0,0,13,0,0.0,0.0,0.01479716613974843,0.0,0.9191450346624395,0.0,0.0,166,255,0.8221884817357255,0.0,0.0,0.053724054633243964,0.0,0.05536155750944097,0.0,0.0,tcp,http,SF
1687,167,140219,50611,0,0,0,1,0,1,2,0,0,9,1,0,0,0,0,0,41,63,0.0983736606948829,0.0,0.014411161028199615,0.0,0.9671986951756603,0.07071694479820842,0.0,61,255,1.0,0.0,0.14478769523778418,0.042962608982910745,0.0,0.032395676153787564,0.06966902154875385,0.08435991669585037,tcp,http,SF
1688,0,859652,20941,0,0,0,0,0,0,13,0,0,0,0,0,0,0,0,0,0,18,0.0,0.0,0.8998839453312067,1.0,1.0,0.0,0.07121919311554124,0,215,1.0,0.010487694901247268,0.5862780533446457,0.05077034763858135,0.036599840556719596,0.016013464949741294,1.0,1.0,tcp,http,REJ
1689,3225,442057,0,0,0,0,0,0,0,4,0,0,8,0,0,0,0,0,0,0,54,0.028497341612419593,0.0,0.04283948309430428,0.0,0.9783166119089359,0.0,0.0,180,0,0.22560136908023926,0.6497836411108384,0.8793166007089829,0.0,0.02699497011906346,0.0,0.13742778659847055,0.1392460536806526,udp,other,SF
1690,0,247333,64595,0,0,0,0,0,1,10,0,0,0,0,0,0,0,0,0,11,0,0.0,0.04108687875682982,0.10751494039537589,0.03701151738750142,0.9087881502594128,0.10637203337026924,0.0,163,160,0.6090173571253379,0.0682486834536891,0.0,0.0,0.0,0.032853801033164064,0.0,0.012098521133291006,tcp,smtp,SF
1691,0,0,0,0,0,0,0,0,0,4,0,0,2,0,0,0,0,0,0,0,0,0.052568960244686304,0.004153202424368294,0.0,0.0,0.833715618353625,0.0,0.005862388830687182,26,58,1.0,0.02677434992423201,0.07968355182485848,0.04741161275885444,0.0,0.0,0.0,0.04624792006064506,udp,private,SF
1692,0,0,0,0,0,0,0,0,0,7,0,0,0,0,0,0,0,0,0,0,22,0.05497108846579955,0.04410639433987019,0.9668112322347532,0.8766790466267124,1.0,0.0,0.16275982138391834,6,255,1.0,0.007398321229554024,0.4133221965157664,0.12652628536793198,0.008008485649345578,0.021690354403439503,0.9103072865217008,1.0,tcp,http,REJ
1693,0,0,50430,0,0,0,1,0,1,12,0,0,14,0,0,0,0,0,0,11,32,0.0,0.0,0.05223834161204847,0.18013744312359095,1.0,0.016697037296324515,0.0,188,203,0.40394276455451955,0.10556128466614804,0.0,0.0,0.0,0.0,0.0,0.0,tcp,smtp,SF
1694,0,419860,22969,0,0,0,1,0,0,0,0,0,1,0,0,0,0,0,0,0,0,0.0,0.023702524525564636,0.999352287198524,0.9653949014468207,1.0,0.0,0.17551863764999745,109,96,1.0,0.024801764868777946,0.49137820858384107,0.24010404314336073,0.0,0.0,0.8948311466465355,0.9078135815160074,tcp,http,REJ
1695,276,0,76874,0,0,0,1,0,0,0,0,0,0,0,0,0,0,0,0,0,0,0.0,0.0,0.0,0.05313967566954328,1.0,0.0,0.0,1,38,1.0,0.0,0.10776977760212182,0.0,0.006091074167329899,0.0,0.0,0.023862720289916494,udp,private,SF
1696,0,0,11201,0,0,0,0,0,1,4,0,0,0,0,0,0,0,0,0,23,0,0.0,0.0,0.0,0.0,1.0,2.7020767358857553e-05,0.0,107,60,0.8603669934431191,0.057949603129496256,0.053736028004419845,0.0,0.0,0.0,0.06682862973096468,0.0,tcp,http,SF
1697,1628,0,0,0,0,0,31,0,1,0,0,0,1,0,0,0,0,0,1,19,9,0.004888989417594617,0.060190314802623705,0.0,0.15733295911694306,0.994428689103324,0.0,0.0,34,51,0.3147034810690113,0.0,0.12258231458408123,0.00021104201065965753,0.036852525497961884,0.0,0.10447982060223193,0.08066576106735894,tcp,ftp,SF
1698,0,0,0,0,0,0,0,0,0,1,0,0,1,0,0,0,0,0,0,0,48,0.0039087173462551165,0.0,0.9826675089995435,1.0,0.9086895890675939,0.0,0.0,103,93,1.0,0.002735078927593075,0.0,0.22105174429772614,0.0,0.0008295023190171199,1.0,0.7711987145396189,tcp,http,REJ
1699,137,0,0,0,0,0,1,0,0,0,0,0,3,0,0,0,0,0,0,0,0,0.0,0.021885593413283784,0.9869984630842498,0.8477509374072127,1.0,0.0,0.0,10,112,0.8720433688573246,0.0,0.1792091174698094,0.1928643168422818,0.022459204559821384,0.013565923314681982,1.0,0.983321250408648,tcp,http,REJ
1700,1881,0,0,0,0,0,0,0,0,0,0,0,0,0,0,0,0,0,0,0,0,0.0,0.0,0.15927223502860083,0.0,0.9678223089838439,0.0,0.11437548115243354,237,13,0.0,0.6722188667054395,0.8315725990934808,0.015866994871554706,0.002923938100732554,0.0,0.0,0.11622085663010322,udp,other,SF
1701,0,0,40031,0,0,0,0,0,0,11,0,0,0,1,0,0,0,0,0,284,257,0.010029219505289797,0.0016066229843015856,0.0,0.1345844015873436,0.9718460509387598,0.07014644242318004,0.021567718302991097,255,251,0.926699105972364,0.0674162333200429,0.11072927363079,0.007337411119565816,0.07104069816590593,0.0,0.0020763786730023256,0.05539839195912755,udp,domain_u,SF
1702,95,0,23692,0,0,0,0,0,1,0,0,0,0,0,0,0,0,0,0,23,77,0.01617151579671221,0.0,0.0,0.0,1.0,0.0,0.0,86,255,1.0,0.035801566747881756,0.0,0.0,0.025007761546024326,0.006374725762549456,0.11137521527386487,0.0,tcp,http,SF
1703,0,0,2388,0,0,0,0,0,1,5,0,0,4,0,0,0,0,0,0,0,72,0.019186922085820367,0.0,0.009268585029086956,0.04148332160146539,1.0,0.0,0.09104786780363716,255,213,0.9514369499960289,0.06822575843321353,0.0,0.026172315124710806,0.018774858548917337,0.0,0.06459260679928583,0.0,tcp,http,SF
1704,160,421562,0,0,0,0,0,0,1,3,0,0,0,0,0,0,0,0,0,0,14,0.0,0.017147702519350223,0.17775672518554866,0.0,1.0,0.07345800420996727,0.07137345028450383,28,84,0.34608974262535047,0.010456628951241671,0.23568458924981983,0.010900613163658833,0.01710223844736167,0.03914957288121974,0.086374704963537,0.0,tcp,smtp,SF
1705,1278,0,7908,0,0,0,0,0,0,0,0,0,5,0,0,0,0,0,0,18,28,0.019290373996857842,0.04922511630232698,0.983003324562459,0.9201038606973572,1.0,0.04181406895899499,0.0,27,241,0.9278940647693856,0.058581757376197585,0.48731124278403487,0.08702939984815955,0.09599335002748369,0.0,1.0,0.9154656334973164,tcp,http,REJ
1706,0,0,35634,0,0,0,2,0,1,0,0,0,0,0,0,0,0,0,0,0,27,0.0,0.0,0.0,0.030916835655347353,0.9575276970639397,0.00641359760930447,0.024346417558551933,201,191,0.55751469493393,0.055384861006281955,0.0,0.07973781682362169,0.007967151252278603,0.015603590582174703,0.0,0.04962184876997369,tcp,smtp,SF
1707,2814,195526,15119,0,0,0,0,0,0,0,0,0,0,1,0,0,0,0,0,22,0,0.042029803892136224,0.0,0.0,0.0,1.0,0.0,0.08380155270859185,252,56,0.0,0.6504524328710543,1.0,0.0,0.007550016714148204,0.007558151810373323,0.06187677644741801,0.011097504686597922,udp,other,SF
1708,688,0,8630,0,0,0,0,0,1,4,0,0,9,0,0,0,0,0,0,43,40,0.0,0.0,0.05941102598770596,0.0,1.0,0.0,0.0,22,255,1.0,0.008380920374456228,0.0,0.018376033886880406,0.004827406594888281,0.0,0.0,0.06170888503199866,tcp,http,SF
1709,0,159520,0,0,0,0,0,0,1,0,0,0,0,0,0,0,0,0,0,0,0,0.05592075407415443,0.0,0.0,0.0,0.9512601031049379,0.0,0.03853175525344906,177,46,0.7494788870608257,0.08478395307685846,0.1832570955213158,0.07623473326778159,0.0,0.002534726485377549,0.05811062754303966,0.024745020729348883,tcp,smtp,SF
1710,0,157925,30558,0,0,0,0,0,1,0,0,0,0,1,0,0,0,0,0,27,0,0.07341274675846413,0.0,0.0,0.06629102470786984,1.0,0.0,0.0,240,188,0.5541966217583404,0.0647228915062471,0.007936336954390505,0.0,0.014284434671763026,0.0,0.11977378216215083,0.057604564172355294,tcp,smtp,SF
1711,0,218935,0,0,0,0,1,0,1,0,0,0,9,0,0,0,0,0,0,8,39,0.005643531852994162,0.0,0.0,0.0,0.9985089263819674,0.08383347657236971,0.07323042990358077,255,255,0.795463936231009,0.044802791458456656,0.0,0.06345883834036577,0.04681214387243356,0.0,0.15171169443030436,0.09009668594911446,tcp,http,SF
1712,431,0,13345,0,0,0,2,0,0,16,0,0,13,0,0,0,0,0,0,9,4,0.01962588419442225,0.0,0.9934205312655373,1.0,1.0,0.1464743296035772,0.0,16,241,0.983460454763359,0.01490042160519241,0.3045762242568994,0.13445560982907076,0.023712137097517166,0.051534374863589465,1.0,0.9572424921095279,tcp,http,REJ
1713,0,26616,91277,0,0,0,0,0,1,0,0,0,17,0,0,0,0,0,0,0,37,0.03811140788797721,0.0,0.05447621908322905,0.0,0.8975022882143835,0.045158983423215955,0.1407693279641459,255,255,0.7867480633942479,0.021712482292948747,0.06636057914089406,0.0,0.06960355239912477,0.03732220563348359,0.038460428430892035,0.0,tcp,http,SF
1714,1959,0,0,0,0,0,0,0,0,3,0,0,0,0,0,0,0,0,0,0,40,0.0,0.0,0.0,0.08115297518129523,1.0,0.0,0.0,235,33,0.0,0.6249177721525655,0.7296432100677513,0.07933488383336879,0.03618496254684617,0.0,0.13549587067280652,0.07005662322539351,udp,other,SF
1715,85,0,0,0,0,0,0,0,1,0,0,0,3,0,0,0,0,0,0,0,0,0.0,0.024565048936687733,0.0,0.07116991988169961,0.9344454272241762,0.0891946895040714,0.0,173,255,1.0,0.0,0.0,0.01217305023290373,0.023125154891117817,0.018452301289812904,0.0,0.0,tcp,http,SF
1716,0,251984,62,0,0,0,2,0,1,0,0,0,6,0,0,0,0,0,0,0,0,0.008956655736536983,0.03747112653751242,0.004569206740691521,0.0,0.953286239419634,0.0,0.0,241,238,1.0,0.0,0.0380517493280327,0.0543890402436085,0.04094234058912717,0.021605452733681103,0.14116768321159615,0.0,tcp,http,SF
1717,0,145871,0,0,0,0,2,0,1,13,0,0,9,0,0,0,0,0,0,7,39,0.09854386476443844,0.0,0.0,0.0,1.0,0.0,0.11804829974300157,255,221,1.0,0.021752306500321963,0.030625195143593548,0.0,0.01680172322463369,0.004236953172845327,0.012762034847592729,0.13718920196279918,tcp,http,SF
1718,3046,149165,36231,0,0,0,0,0,0,0,0,0,2,0,0,0,0,0,0,5,37,0.0,0.0,0.0,0.0,0.9831780778826296,0.0,0.0,255,2,0.0,0.6279609607362813,0.9764787401802537,0.0,0.0,0.0,0.013475261327165724,0.02441700777339587,udp,other,SF
1719,0,91924,16469,0,0,0,0,0,0,2,0,0,7,1,0,0,0,0,0,10,10,0.07962314060520292,0.01794014426406366,1.0,0.9605078198189223,1.0,0.0,0.14322783896270677,0,255,1.0,0.0,0.2948546783822045,0.05190993008117785,0.0,0.0,0.9559744635675246,1.0,tcp,http,REJ
1720,703,15122,5309,0,0,0,0,0,0,0,0,0,3,0,0,0,0,0,0,0,14,0.0,0.0,0.8793262145605986,0.8684785407511153,1.0,0.0,0.028825247196872433,30,255,1.0,0.0,0.27244037588992354,0.18392535156104062,0.0,0.015331921189201106,0.8854508662958112,0.9822289981519331,tcp,http,REJ
1721,0,228152,28559,0,0,0,0,0,1,0,0,0,4,0,0,0,0,0,0,26,34,0.0,0.0,0.03116836212721952,0.05410879056049828,0.9487726509293746,0.0,0.0,64,186,0.6620920429739,0.0480687874572277,0.01396552351354767,0.09291874410048793,0.07347273337202366,0.014721049288567793,0.43368119401143557,0.6904654368472061,tcp,http,SF
1722,2194,306207,689,0,0,0,1,0,0,0,0,0,0,0,0,0,0,0,0,51,28,0.05921906490415586,0.05429948610337445,0.0,0.0,1.0,0.0,0.0035088452527718954,255,83,0.06247966962088299,0.7408481624674597,0.9699055029153519,0.0,0.0,0.0,0.039446386847311304,0.0,udp,other,SF
1723,1293,548839,111177,0,0,0,0,0,1,0,0,0,0,0,0,0,0,0,0,0,0,0.09827913724589388,0.020045903841380396,0.0,0.0,0.9825358565571455,0.0,0.006329033697853021,115,59,0.43013672819990223,0.0,0.02885902130578981,0.04984826723003631,0.0,0.03821591212581842,0.0,0.00034104230874658066,tcp,smtp,SF
1724,767,0,5603,0,0,0,0,0,1,0,0,0,0,0,0,0,0,0,0,0,30,0.020557980778579246,0.005468070769984461,0.0,0.10199608153601991,1.0,0.0,0.0,241,164,0.696210361909303,0.024877111602909768,0.0,0.0012839506961630164,0.0,0.0433754701578641,0.064173543266696,0.04713027492530594,tcp,smtp,SF
1725,66,454259,9338,0,0,0,2,0,1,0,0,0,0,0,0,0,0,0,0,0,0,0.05662784549670599,0.007291580390970842,0.13887120133894953,0.05795286019338116,0.9781928875567276,0.0,0.0011186300967939305,224,81,1.0,0.0,0.0,0.0,0.08093881547196112,0.04303264550822677,0.0,0.052958126713397724,tcp,http,SF
1726,0,78519,0,0,0,0,0,0,1,0,0,0,0,0,0,0,0,0,0,16,21,0.0,0.037805359412451556,0.0,0.0,1.0,0.0,0.07322887964125381,92,181,1.0,0.07843968049689737,0.0,0.06216028483237674,0.0033093741144848295,0.053156261774729416,0.0,0.0,tcp,http,SF
1727,0,207024,0,0,0,0,2,0,0,0,0,0,0,0,0,0,0,0,0,254,274,0.0,0.0,0.0,0.10550071061409695,1.0,0.07417675832795369,0.152372590547016,202,190,0.8424939177439993,0.0,0.0,0.0,0.011836310310490424,0.0,0.0,0.057076080841932664,udp,domain_u,SF
1728,49,92561,41676,0,0,0,1,0,1,0,0,0,0,0,0,0,0,0,0,0,0,0.0,0.0,0.0,0.06745388109635629,1.0,0.012462776818802927,0.14645446897622258,249,240,1.0,0.035159113573542615,0.0,0.02484966404184289,0.09609531408595287,0.0,0.0,0.0,tcp,http,SF
1729,26,331439,0,0,0,0,0,0,1,10,0,0,1,0,0,0,0,0,0,0,0,0.0,0.0,0.11870890349507668,0.0,1.0,0.11786638344094527,0.32267185286202377,251,96,0.6804528962820744,0.0025927438554467705,0.0,0.02060149590326897,0.038482110772080635,0.0,0.023222081810669017,0.0,tcp,smtp,SF
1730,0,0,0,0,0,0,0,0,1,0,0,0,4,0,0,0,0,0,0,47,87,0.027480670781488997,0.0,0.19811734297645292,0.0,0.8672332909461993,0.0,7.894505184451506e-05,120,255,0.6179275423388226,0.0,0.21935423446986047,0.024284451277675048,0.0,0.0,0.1548431330893696,0.0,tcp,http,SF
1731,0,229658,1273,0,0,0,0,0,0,0,0,0,1,0,0,0,0,0,0,36,0,0.01031412010218734,0.0,0.0,0.10140323531156396,1.0,0.15749669536224076,0.0747985445752827,114,54,1.0,0.0794496671375021,0.0,0.0,0.0,0.0,0.0,0.21457798274080184,udp,private,SF
1732,0,931484,48549,0,0,0,0,0,1,0,0,0,0,0,0,0,0,0,0,51,18,0.0839685411069049,0.004313581461997644,0.05485610704638304,0.07892049574389022,0.9483751814022519,0.00018508213443743928,0.0,45,255,1.0,0.069502204049892,0.027592259646758925,0.05035743747581782,0.02943467987465922,0.0,0.36722392377408136,0.597683305422839,tcp,http,SF
1733,0,0,3157,0,0,0,0,0,1,0,0,0,0,0,0,0,0,0,0,10,22,0.09989625251111948,0.0,0.0,0.0,0.9007039008056293,0.0,0.25449118665790915,255,255,0.772152493921209,0.0,0.0,0.0,0.0,0.0,0.0,0.02361128077696018,tcp,http,SF
1734,0,23470,0,0,0,0,2,0,1,9,0,0,6,0,0,0,0,0,0,0,2,0.0,0.0,0.0,0.0,0.9383153819222843,0.17691377576072584,0.0,223,255,1.0,0.07363230216798085,0.1663508265601181,0.014482849113799835,0.03039739495741965,0.020750500636963005,0.0,0.0,tcp,http,SF
1735,614,0,0,0,0,0,0,0,1,16,0,0,0,0,0,0,0,0,0,7,39,0.0,0.07354619337644323,0.0277931447643763,0.0704781668924277,0.954369848233276,0.0,0.24841422478689473,86,255,1.0,0.0,0.26107817433999475,0.014860951712583417,0.0,0.04729298648842947,0.0,0.0,tcp,http,SF
1736,0,0,16103,0,0,0,2,0,1,5,0,0,0,0,0,0,0,0,0,0,14,0.05639880115565211,0.041852153705311874,0.0,0.0,0.9826729977708863,0.0,0.2310856937878314,218,255,1.0,0.0,0.0,0.0,0.018828879715284647,0.06918359171589931,0.06046915128434612,0.07829557824258904,tcp,http,SF
1737,0,505544,23173,0,0,0,0,0,0,7,0,0,0,0,0,0,0,0,0,157,172,0.0614642165058222,0.0,0.0,0.08158217343771854,1.0,0.0,0.0,113,23,0.5534368872719139,0.020697259854989387,0.10266690543647639,0.026470633157493293,0.04126516084561851,0.007209798656653501,0.13146633130196053,0.0,udp,domain_u,SF
1738,0,0,0,0,0,0,0,0,1,11,0,0,0,0,0,0,0,0,0,16,25,0.021452668540557742,0.004139024642583184,0.04584482071502171,0.19619616354502242,1.0,0.0,0.1399702636724727,82,137,1.0,0.032687999330829866,0.27625512027348664,0.0,0.0,0.0,0.018789902806789223,0.12529006258759576,tcp,http,SF
1739,2714,0,39653,0,0,0,1,0,0,2,0,0,0,1,0,0,0,0,0,16,0,0.034303074644501885,0.061236693592111625,0.0,0.03783370034990135,0.9698818414194319,0.0,0.0616877532599842,237,36,0.06498887056972992,0.5823085731368579,0.8522222564848898,0.025753550585473437,0.005929345976053383,0.0,0.052288623870806177,0.17305267596388924,udp,other,SF
1740,0,0,26691,0,0,0,0,0,0,10,0,0,0,0,0,0,0,0,0,55,54,0.026698788941141038,0.0,1.0,0.906453154427863,1.0,0.04529879672420092,0.0,71,135,0.5476175086922703,0.0,0.1548197018609128,0.21261318070614876,0.0,0.03953491151473108,1.0,0.9254695613676791,tcp,http,REJ
1741,993,2626,39803,0,0,0,1,0,1,5,0,0,0,0,0,0,0,0,0,0,14,0.0,0.0,0.0,0.017889233727739096,0.9726603655927601,0.0,0.0,45,79,0.5628668501967206,0.0,0.0,0.010827421298300537,0.013262578507161343,0.039044147596055345,0.0,0.0,tcp,smtp,SF
1742,350,0,20668,0,0,0,0,0,1,1,0,0,5,0,0,0,0,0,0,0,0,0.0,0.010095174619508878,0.00951627465819704,0.1048602451327325,0.8566897148539665,0.0,0.03585640582739759,255,190,0.4839051453807445,0.0,0.0037719273338567083,0.0,0.023233551978575538,0.0,0.15764962887984246,0.0,tcp,smtp,SF
1743,0,210736,23115,0,0,0,0,0,1,2,0,0,3,0,0,0,0,0,0,0,11,0.0,0.018415605969919428,0.13650761495043842,0.010024783350532272,0.9746290325893512,0.06550832547152982,0.04870933302777511,135,255,0.3302951931472253,0.1882740886777628,0.0,0.0,0.017001534036945088,0.034953371561130854,0.0,0.0,tcp,smtp,SF
1744,451,920088,22177,0,0,0,0,0,1,0,0,0,11,1,0,0,0,0,0,6,0,0.0,0.021734723848184364,0.0,0.04903786408629672,1.0,0.03403118800508673,0.20181121777700936,0,250,1.0,0.0007793695050287872,0.0,0.020738056581772694,0.0,0.014694019121096748,0.0,0.060732157294945494,tcp,http,SF
1745,0,0,30601,0,0,0,0,0,1,2,0,0,9,0,0,0,0,0,0,0,9,0.01346449597095364,0.036829696897054016,0.0,0.0,0.7590237713839079,0.030401064710930212,0.07715189284362053,255,91,0.4838362037916343,0.06734263458495438,0.13868602014838374,0.009420861241687704,0.0,0.0,0.0,0.14057402003353078,tcp,smtp,SF
1746,0,0,0,0,0,0,1,0,0,0,0,0,14,0,0,0,0,0,0,36,21,0.0,0.0,0.7050549880857735,0.7466544817941831,1.0,0.08915121170168314,0.0,93,251,1.0,0.013514894669456734,0.05879766762516139,0.15634530336227906,0.0,0.0,0.9101192350904661,0.9048619162878858,tcp,http,REJ
1747,211,294571,0,0,0,0,1,0,0,0,0,0,4,0,0,0,0,0,0,0,0,0.0,0.0,1.0,1.0,0.9927053574004518,0.11820736951531949,0.10043606751259901,0,225,1.0,0.10110497046749678,0.0819378151299362,0.11561197681181369,0.0055124738392817825,0.04946505482922865,0.9622203467051214,0.9394025994532785,tcp,http,REJ
1748,0,0,0,0,0,0,0,0,1,1,0,0,4,0,0,0,0,0,0,5,0,0.0,0.0,0.09438481223082378,0.0,0.9151534246759213,0.0,0.0,132,236,0.6438015206175194,0.04252853311039527,0.051836550849225116,0.0,0.034261763301735956,0.020961124566598596,0.009061532323223863,0.0,tcp,smtp,SF
1749,610,426364,0,0,0,0,0,0,1,0,0,0,0,0,0,0,0,0,0,19,75,0.035852503737660454,0.02588744119754281,0.0,0.0,0.9293092721320242,0.03548966159107576,0.0,208,141,0.4769797143082064,0.014331249599031988,0.11508064291334345,0.015512556800181996,0.0,0.0,0.006708961913925265,0.0,tcp,smtp,SF
1750,2119,0,13635,0,0,0,0,0,0,0,0,0,6,0,0,0,0,0,0,40,4,0.0,0.0,0.0,0.0,1.0,0.0,0.0,203,125,0.14939202685810488,0.57887074422252,0.7747903988201805,0.02942118151186456,0.03826602020971087,0.02722414925906482,0.017661646380714643,0.12769850667482116,udp,other,SF
1751,0,0,12085,0,0,0,0,0,1,1,0,0,0,0,0,0,0,0,0,16,0,0.0,0.0,0.0,0.03184444133237131,1.0,0.0,0.08891454352424653,155,255,1.0,0.0522957833706714,0.0,0.1123485501323083,0.0,0.020735410856595162,0.3967521223628149,0.6397981745225634,tcp,http,SF
1752,0,192347,39273,0,0,0,0,0,1,1,0,0,0,0,0,0,0,0,0,30,0,0.0,0.006418875882085742,0.012614526957689802,0.10728231598142514,0.9522337996276259,0.0,0.23917150094865555,108,22,0.32290992360686754,0.10180069505144639,0.004653730314997445,0.0,0.0,0.0,0.14894938194738272,0.0,tcp,smtp,SF
1753,0,248126,40181,0,0,0,0,0,0,0,0,0,11,0,0,0,0,0,0,0,16,0.0,0.0,0.0,0.16680288198848092,0.9002149707198203,0.0,0.029402559608714508,59,7,0.8483079910680925,0.10625173330961543,0.0,0.03443217364831208,0.0,0.0,0.0,0.05444663028005055,udp,private,SF
1754,739,176158,0,0,0,0,0,0,1,6,0,0,0,0,0,0,0,0,0,0,0,0.0,0.0,0.0,0.008584520454216678,1.0,0.0,0.0,131,0,0.6303019728818907,0.021964094827878065,0.18042274437902206,0.04898001959614311,0.0,0.0,0.0910008185429155,0.227899346960661,tcp,smtp,SF
1755,455,0,12468,0,0,0,30,0,1,0,0,0,3,0,0,0,0,0,1,38,0,0.04958255935741843,0.003312509199170346,0.16439915613843445,0.06675226036235027,1.0,0.10504747524168946,0.0,121,0,0.44511031697815917,0.0,0.0,0.018819219463834067,0.04240876082181714,0.0,0.019206966412503357,0.0,tcp,ftp,SF
1756,1159,0,0,0,0,0,1,0,1,3,0,0,0,0,0,0,0,0,0,0,0,0.0,0.0,0.0,0.012225738905196872,1.0,0.0,0.11278383881477934,234,126,0.4146944049502105,0.014431359078505342,0.039399106522886404,0.0,0.06437464460460454,0.0,0.0,0.0,tcp,smtp,SF
1757,1523,0,0,0,0,0,0,0,0,0,0,0,8,0,0,0,0,0,0,0,0,0.03086106673564424,0.07456828336822764,0.8303790836814922,1.0,0.9585390486690826,0.0,0.0,1,66,0.8424197641002382,0.0,0.006192948538129232,0.215548887402211,0.0,0.0,1.0,1.0,tcp,http,REJ
1758,0,129949,11217,0,0,0,0,0,0,0,0,0,9,0,0,0,0,0,0,32,0,0.03739148649467296,0.003952857139158154,1.0,0.9810613889394447,0.9910103199146415,0.0,0.0,10,255,0.8429471178043884,0.05946654788570145,0.303161576356749,0.12141589346836468,0.03994242741897695,0.036600512305312714,1.0,0.9367298360758742,tcp,http,REJ
1759,57,0,0,0,0,0,0,0,1,7,0,0,4,0,0,0,0,0,0,0,0,0.015390763624611824,0.02607623758971673,0.0,0.03916667103223869,1.0,0.0,0.1284844562927104,252,175,0.7024494636816623,0.0,0.0038856482721086683,0.05624620759545342,0.06515242412026205,0.023940464655476733,0.0,0.09896542836434505,tcp,smtp,SF
1760,0,0,86870,0,0,0,0,0,1,6,0,0,9,0,0,0,0,0,0,11,7,0.03899387126636175,0.0,0.0,0.0,1.0,0.0,0.15792679702988427,32,242,1.0,0.0,0.0,0.0383809789030728,0.0,0.005707451991290402,0.0,0.0,tcp,http,SF
1761,0,248548,19744,0,0,0,0,0,0,0,0,0,0,0,0,0,0,0,0,0,0,0.0006956862035692971,0.0,1.0,1.0,1.0,0.04853034728714422,0.0,0,240,1.0,0.1401169052107602,0.32491226174381366,0.06642806754237235,0.014622594576148036,0.0,0.8432029971297277,0.7995832576785054,tcp,http,REJ
1762,0,99404,0,0,0,0,0,0,1,0,0,0,16,0,0,0,0,0,0,10,0,0.06630618323833415,0.0,0.026027478895815543,0.0,1.0,0.0,0.0,172,255,1.0,0.05151752341110989,0.0,0.006395791344029136,0.00876717628812437,0.008575917524264934,0.27859905429369763,0.44427589960779,tcp,http,SF
1763,0,193446,68865,0,0,0,1,0,1,0,0,0,5,0,0,0,0,0,0,34,12,0.040032983465342925,0.04809431221280763,0.0,0.057860582827150904,1.0,0.0,0.0,195,255,0.8801922940173976,0.06934584038574063,0.0,0.04037210745427433,0.049518141021018154,0.0,0.015640413749768548,0.0,tcp,http,SF
1764,0,0,0,0,0,0,2,0,0,0,0,0,0,0,0,0,0,0,0,27,70,0.046500500081303506,0.033270831266676654,0.93982074302612,1.0,1.0,0.0,0.0,0,212,0.867878708125182,0.0,0.17320309683543444,0.17500305323999207,0.0,0.025361487218995418,1.0,1.0,tcp,http,REJ
1765,0,382859,4619,0,0,0,0,0,0,0,0,0,1,0,0,0,0,0,0,2,42,0.0,0.0,1.0,1.0,1.0,0.062238703844877945,0.0,62,206,0.9794255660009356,0.0,0.15008962813246024,0.161571203353836,0.014542326235136727,0.02618269948255455,0.9087771090560839,0.948622347197834,tcp,http,REJ
1766,0,306399,0,0,0,0,1,0,1,0,0,0,0,0,0,0,0,0,0,44,73,0.012798426325287124,0.0,0.01699259592611722,0.0,0.9566081618184265,0.0,0.0,0,241,1.0,0.06875685736033961,0.06617826193052756,0.029800161624046136,0.0,0.011478383710549381,0.0941148356521064,0.023683914640506062,tcp,http,SF
1767,566,146326,60404,0,0,0,0,0,1,4,0,0,0,0,0,0,0,0,0,28,2,0.0,0.0,0.049149786715098426,0.0,1.0,0.05350461569937986,0.141348240921619,72,255,0.7741646459150421,0.09616854936603937,0.0,0.04222712955584327,0.019575272813885894,0.02372488424476645,0.029356836581308648,0.0,tcp,http,SF
1768,0,307533,0,0,0,0,0,0,1,0,0,0,0,0,0,0,0,0,0,25,52,0.06811514561066424,0.04716624886206492,0.0,0.06139660074563333,0.8986593343343,0.0,0.08784345908483322,115,171,0.7832981663546382,0.017083358220186334,0.0,0.05915080632144736,0.06626030962075707,0.02945700842612522,0.2181299387696092,0.0059371233333285105,tcp,smtp,SF
1769,1887,245615,5211,0,0,0,0,0,0,0,0,0,3,0,0,0,0,0,0,0,8,0.0,0.0,1.0,1.0,1.0,0.04422011057217858,0.33191639033570675,0,142,1.0,0.0,0.0,0.23213727271439807,0.06804798986077305,0.003182390567781859,1.0,1.0,tcp,http,REJ
1770,0,0,42289,0,0,0,1,0,1,0,0,0,0,1,0,0,0,0,0,49,31,0.0,0.03499263597761856,0.09665604193629874,0.0223206971745491,0.9281970867331314,0.0,0.0,179,211,0.28866223302800076,0.0,0.025643533318763963,0.08824716025459017,0.05666513254756574,0.0,0.024978003827962197,0.09171043050753594,tcp,smtp,SF
1771,58,0,20724,0,0,0,0,0,1,7,0,0,0,0,0,0,0,0,0,7,15,0.0,0.017723825453496458,0.004765867740259636,0.08161581446576806,1.0,0.03984561325092873,0.1796126457590178,255,56,0.29431303651171414,0.051028142103647665,0.03174973266796289,0.02721107359688038,0.0,0.0,0.11266097116603582,0.10156985982802369,tcp,smtp,SF
1772,0,137826,0,0,0,0,1,0,1,0,0,0,0,0,0,0,0,0,0,0,0,0.0,0.006532048161068682,0.0,0.0,1.0,0.0,0.0666615937914829,255,234,1.0,0.07001680377286644,0.019898424008217147,0.0,0.0,0.0,0.04773359099452111,0.0,tcp,http,SF
1773,1146,178736,38706,0,0,0,1,0,0,0,0,0,0,0,0,0,0,0,0,46,23,0.0,0.0,0.976043834772953,1.0,1.0,0.007091595147229375,0.0,68,191,1.0,0.0,0.3739138339310938,0.046224673722088265,0.04635533081597156,0.0,1.0,0.820367035659972,tcp,http,REJ
1774,752,356913,88487,0,0,0,0,0,0,0,0,0,0,0,0,0,0,0,0,2,17,0.08861619136450788,0.052884271442406795,0.9372080139482903,1.0,0.8490403215102785,0.07043126231747894,0.0,67,216,0.9524887610649002,0.0,0.20314372147445478,0.1261981351146378,0.02785984221743035,0.0,1.0,0.9965513150194861,tcp,http,REJ
1775,199,0,11064,0,0,0,0,0,0,0,0,0,0,0,0,0,0,0,0,0,0,0.04177443625721525,0.005048455189687837,0.9046019093112028,0.9682212929855145,0.9302064502607694,0.0,0.0,46,241,1.0,0.0,0.43465653362547113,0.08876122798598775,0.0,0.0,0.8559391114892879,0.7646461744517024,tcp,http,REJ
1776,0,0,4408,0,0,0,4,0,1,4,0,0,0,0,0,0,0,0,0,0,0,0.0,0.0,0.0,0.12017506855947016,1.0,0.0,0.03494418181959201,213,221,0.9025150355873752,0.0,0.16733040197244597,0.03868179090317911,0.0,0.0,0.050979347188957046,0.10440278760392653,tcp,http,SF
1777,2780,150671,6053,0,0,0,0,0,0,0,0,0,0,0,0,0,0,0,0,13,27,0.0,0.0,0.04584894314539019,0.0,1.0,0.02227644262828385,0.1332676544220307,212,26,0.04810550758655138,0.7771489650562489,1.0,0.05755190660686935,0.0,0.02844462003020422,0.04870784466713155,0.0,udp,other,SF
1778,0,0,45679,0,0,0,0,0,0,0,0,0,0,0,0,0,0,0,0,0,9,0.0,0.0,0.9095676541878794,0.9378708313808718,0.9868362455252463,0.0,0.0,42,255,0.8992317570861573,0.0317528790755641,0.5101069694644734,0.048854691565229105,0.0,0.00636077377527218,0.9277801320356655,0.8246358101698051,tcp,http,REJ
1779,982,0,0,0,0,0,0,0,1,8,0,0,3,0,0,0,0,0,0,0,23,0.0,0.05340559874533702,0.0,0.055329768215065994,1.0,0.052645836753366614,0.11458600240384123,187,129,0.9582773786613569,0.05970091760606765,0.0,0.01569363452381879,0.0,0.03371695674036285,0.028273711018468813,0.016936185918772266,tcp,http,SF
1780,551,134990,0,0,0,0,0,0,1,9,0,0,10,0,0,0,0,0,0,0,0,0.0,0.06336834703926626,0.0,0.19285393655179106,0.8918502733406927,0.02422428338768809,0.17169719780934298,136,141,1.0,0.0,0.0,0.052935996175901806,0.0,0.023292300640448644,0.0,0.02979730567224167,tcp,smtp,SF
1781,64,0,0,0,0,0,0,0,1,0,0,0,4,0,0,0,0,0,0,11,27,0.01694894003191002,0.0483309128626777,0.18081347040021206,0.0014466918593864552,1.0,0.0,0.2017740823965943,85,245,1.0,0.0,0.08295099969697947,0.09197024482912772,0.018935253562251356,0.014488883225842943,0.02492711984695984,0.02584558191648507,tcp,http,SF
1782,0,0,0,0,0,0,0,0,1,4,0,0,7,0,0,0,0,0,0,5,16,0.0,0.0,0.07351084532273269,0.0,0.9721741643576532,0.09259663218879753,0.0,0,239,0.7479637392676621,0.0011999373051008793,0.03997573311549052,0.0,0.027712835594145002,0.02306776676672424,0.06685819848855228,0.0,tcp,http,SF
1783,0,442451,0,0,0,0,0,0,0,2,0,0,8,0,0,0,0,0,0,222,192,0.000842371514666737,0.0,0.07186180967843088,0.1905500171670768,1.0,0.05126943389737598,0.0,108,44,0.723581976507355,0.04089774824346512,0.0,0.02079432478903158,0.10405641690895583,0.004380261545335918,0.09368341322558274,0.15808704761949746,udp,domain_u,SF
1784,495,598776,2202,0,0,0,29,0,1,0,0,0,0,1,0,0,0,0,1,8,0,0.0,0.0,0.09357405420879979,0.0,1.0,0.0,0.09581868431822392,74,43,0.4819696159783128,0.14868828124406525,0.0,0.0,0.0,0.037904826452112204,0.06841968057934672,0.007235137444072765,tcp,ftp,SF
1785,815,0,64198,0,0,0,2,0,1,2,0,0,3,0,0,0,0,0,0,20,37,0.007391534007386832,0.0,0.0,0.0673767623331209,0.9149584998414724,0.0,0.0,105,26,1.0,0.0,0.0,0.0,0.0,0.0,0.0,0.0,tcp,http,SF
1786,778,0,22836,0,0,0,30,0,1,0,0,0,7,0,0,0,0,0,1,18,11,0.0,0.0,0.1400245840089346,0.0,1.0,0.0,0.0,81,37,0.27151643303891615,0.05110001493064901,0.0,0.0,0.0,0.0,0.0,0.17276663970254857,tcp,ftp,SF
1787,0,14183,0,0,0,0,1,0,1,10,0,0,0,0,0,0,0,0,0,1,11,0.0,0.061730482924305115,0.016188745875321705,0.014419967239854016,1.0,0.03286581246386217,0.0,212,215,0.8521852674345797,0.0,0.15300406538529127,0.0,0.07723464023223046,0.0,0.09189593854353004,0.0,tcp,http,SF
1788,203,583044,0,0,0,0,0,0,0,3,0,0,0,0,0,0,0,0,0,240,330,0.04036508238947052,0.06155586164481623,0.0,0.0,0.9810007019037742,0.0,0.0,255,235,0.836146322564252,0.0,0.0,0.0,0.0005936180102966533,0.05858404399727378,0.039534897650547525,0.1725068808130993,udp,domain_u,SF
1789,682,0,51948,0,0,0,0,0,1,0,0,0,4,0,0,0,0,0,0,63,28,0.0,0.0,0.0,0.228817008674383,1.0,0.0,0.0,41,183,0.9694274343586561,0.05930454293484737,0.0,0.010365904922191263,0.0466325522645318,0.0,0.048152246265177695,0.0,tcp,http,SF
1790,0,0,39599,0,0,0,0,0,1,0,0,0,0,0,0,0,0,0,0,26,37,0.02156914267099984,0.0,0.0,0.1207338909301079,0.9508733107004911,0.0,0.0,255,104,0.41089428978553044,0.13262625498132266,0.0,0.0,0.0,0.03740189114815672,0.19415507113903394,0.0,tcp,smtp,SF
1791,0,507116,1748,0,0,0,0,0,1,0,0,0,0,0,0,0,0,0,0,51,15,0.0,0.0,0.0,0.17920304460880795,1.0,0.0,0.29172306887183225,220,255,0.9100536719013727,0.04933521269907611,0.05143258632375901,0.0901637059903177,0.0,0.0,0.13307449092711635,0.44951990541482123,tcp,http,SF
1792,184,0,0,0,0,0,0,0,0,0,0,0,0,0,0,0,0,0,0,296,257,0.0,0.05288355758676361,0.0,0.0,0.9726924030984083,0.0,0.0,255,255,1.0,0.024842529379193,0.1510273316992606,0.0011365193152223496,0.0,0.002912444109991507,0.17604703640428546,0.0,udp,domain_u,SF
1793,0,236682,42031,0,0,0,0,0,1,0,0,0,3,0,0,0,0,0,0,6,0,0.015910714801979496,0.010305688278064381,0.0,0.0,1.0,0.010084328195292504,0.07909731983354505,0,200,1.0,0.11945726361948653,0.09590315436383653,0.0,0.0,0.0,0.0,0.04352459388792898,tcp,http,SF
1794,0,0,0,0,0,0,1,0,0,0,0,0,2,0,0,0,0,0,0,204,275,0.05090413051686272,0.0,0.0,0.0,0.9512005505261756,0.0,0.07004359075439467,197,255,1.0,0.03957543970590906,0.07349433106012518,0.09192656265391848,0.0005006350008728706,0.0,0.08054416077978925,0.02744211996824568,udp,domain_u,SF
1795,0,0,17818,0,0,0,29,0,1,5,0,0,7,0,0,0,0,0,1,0,0,0.0,0.0,0.0,0.2550498262152034,1.0,0.0,0.0,165,77,0.1729693422710706,0.11173847885598145,0.0,0.0,0.03996085513578874,0.0,0.0,0.0,tcp,ftp,SF
1796,0,0,79367,0,0,0,0,0,0,9,0,0,0,0,0,0,0,0,0,19,10,0.10429606817117511,0.0,0.0715606778203884,0.0,1.0,0.0,0.1980196157286182,117,8,0.6916312034208065,0.059085899141633695,0.1270377704540459,0.0,0.025843593205157094,0.014611277103652415,0.0,0.15701844832912476,udp,private,SF
1797,0,0,7290,0,0,0,0,0,0,0,0,0,0,0,0,0,0,0,0,265,278,0.0,0.0,0.06026410813296803,0.1066009735084833,0.9323842166783501,0.0,0.08452270818209731,255,251,0.9924686235480443,0.028929394177462972,0.0,0.01953466063329785,0.09153059211395538,0.0,0.0,0.10902579778446704,udp,domain_u,SF
1798,0,274777,0,0,0,0,2,0,0,0,0,0,4,0,0,0,0,0,0,0,0,0.0,0.09219081427853347,0.17186062595675794,0.0,1.0,0.0,0.021198481281165377,40,0,0.9068658732893959,0.04143101837658217,0.08760738478585636,0.0,0.0,0.0,0.0,0.0,udp,private,SF
1799,0,0,14437,0,0,0,0,0,0,3,0,0,0,0,0,0,0,0,0,200,265,0.006810999406175406,0.07645922824443621,0.1689812034746974,0.0,0.9273741224984273,0.10716096060118635,0.14282094513897464,255,210,0.9915236078643328,0.06366121091620978,0.0639708876307114,0.0,0.011170771270412343,0.026075332033624145,0.04559859346388708,0.0,udp,domain_u,SF
1800,0,0,0,0,0,0,1,0,1,0,0,0,0,0,0,0,0,0,0,1,0,0.022577046693796347,0.0,0.015887052204361627,0.0,0.8517962552585515,0.1280417260895336,0.0,253,208,0.7658874952627482,0.029665001940628863,0.0,0.023098409697846753,0.009281413951337369,0.0,0.034664768353482645,0.09215806874710616,tcp,smtp,SF
1801,304,0,0,0,0,0,1,0,1,0,0,0,0,0,0,0,0,0,0,0,43,0.0,0.0,0.10408617452268625,0.21382200697872913,0.9422021149584763,0.0,0.11911698403976093,158,199,0.8654008886143196,0.0470220232957929,0.11442736951634719,0.0,0.0,0.009619904174199773,0.09295305648774149,0.0,tcp,smtp,SF
1802,0,0,28463,0,0,0,0,0,1,0,0,0,2,0,0,0,0,0,0,0,4,0.0,0.007520010606043058,0.02657636353549979,0.1115109541266957,0.9580062913644231,0.0,0.0,40,227,0.9648107956861731,0.0,0.0091706614265042,0.040084629738331906,0.018870127711742825,0.041750717301807065,0.0,0.028085648082659512,tcp,http,SF
1803,0,98771,39733,0,0,0,0,0,1,0,0,0,11,0,0,0,0,0,0,30,0,0.030156033980371675,0.0,0.0,0.0,0.962382267970945,0.06276775521907388,0.11041822047127725,83,255,1.0,0.03286134786784672,0.044839435724858386,0.12914646865238277,0.0,0.04489719269402995,0.3629143810544014,0.6866689746133863,tcp,http,SF
1804,62,322005,0,0,0,0,0,0,1,2,0,0,0,0,0,0,0,0,0,0,26,0.006477914404089107,0.02794748015273763,0.0,0.06757459300170487,0.9779383994250838,0.043507183915393245,0.024802322429353436,108,130,1.0,0.15430551589321412,0.2507677994692071,0.004142811453490237,0.07661065400756643,0.0,0.006459353316634586,0.0,tcp,http,SF
1805,0,0,0,0,0,0,1,0,1,0,0,0,7,0,0,0,0,0,0,0,4,0.0,0.03802340464074876,0.06498203477551179,0.0,1.0,0.13769390682265323,0.026913638675786666,255,96,0.6253592113074932,0.0651066244693475,0.07334264543405854,0.030593157958959304,0.0,0.0,0.06178549362331025,0.12290594291463061,tcp,smtp,SF
1806,320,0,0,0,0,0,0,0,1,1,0,0,0,0,0,0,0,0,0,12,0,0.024251441792733676,0.0,0.4157661947908681,0.0,0.911883994386506,0.15725515997628742,0.0,194,255,1.0,0.07566135345558311,0.0,0.06249161230443118,0.0,0.0,0.34010491033230333,0.5735249037804866,tcp,http,SF
1807,0,52116,0,0,0,0,0,0,0,0,0,0,0,0,0,0,0,0,0,223,184,0.0,0.056959810108717326,0.11867803911704143,0.051729160454365854,1.0,0.0,0.0,95,0,0.4962589467917349,0.07816616549816455,0.0,0.005137276644896607,0.0,0.07917666196096704,0.0,0.051785936223850436,udp,domain_u,SF
1808,27,0,0,0,0,0,0,0,1,4,0,0,0,0,0,0,0,0,0,0,7,0.0,0.0,0.025061095754486708,0.14173445368307921,1.0,0.08509975058640394,0.0,2,255,0.8438524864972654,0.0,0.12116726802333903,0.05415245939395252,0.01558645172187044,0.004378467733574316,0.31462409860033536,0.6825805153690492,tcp,http,SF
1809,645,135770,0,0,0,0,0,0,1,0,0,0,0,0,0,0,0,0,0,54,55,0.0,0.02704729239208106,0.04920449133186916,0.13675095852562283,1.0,0.0,0.0,5,212,1.0,0.0,0.16276246104997358,0.022668002489246216,0.0,0.03826486174546256,0.04500170123559303,0.0876841262781231,tcp,http,SF
1810,0,88652,66285,0,0,0,1,0,1,17,0,0,0,0,0,0,0,0,0,0,15,0.0,0.0,0.048296957161725794,0.033604988364146764,0.9808443456260224,0.040328746878594036,0.048393521380854426,255,58,0.20606359259277607,0.0488662058354467,0.0,0.0,0.0,0.0,0.1067902199860941,0.18763967968844136,tcp,smtp,SF
1811,0,0,16407,0,0,0,0,0,0,0,0,0,3,0,0,0,0,0,0,0,1,0.0,0.04104368595064634,0.0,0.035029068784698074,1.0,0.05713041825711906,0.21247938190202265,26,75,0.9224250721270715,0.0,0.0,0.0,0.0,0.0,0.14695883061034026,0.0,udp,private,SF
1812,184,0,20085,0,0,0,0,0,0,2,0,0,13,0,0,0,0,0,0,226,294,0.0,0.0,0.0769375198512107,0.13644147540190263,0.9498605160964114,0.05405052707375946,0.0,255,239,0.798217656998788,0.0,0.0,0.03480831967864297,0.0,0.03193054141182758,0.0,0.0,udp,domain_u,SF
1813,0,0,30916,0,0,0,1,0,0,19,0,0,0,1,0,0,0,0,0,154,199,0.0015592314257457031,0.032850134262841425,0.0,0.0,0.9647194214691381,0.0834738815385917,0.06621433173063204,100,135,0.8645850045365875,0.014892601462881384,0.03301334373648248,0.019420084629972734,0.0,0.014960917666963822,0.0,0.0,udp,domain_u,SF
1814,118,376090,27023,0,0,0,0,0,0,1,0,0,0,0,0,0,0,0,0,11,14,0.0,0.0,0.0,0.18520635853761852,1.0,0.0,0.0,10,0,0.7761494453394583,0.0,0.1538965934658459,0.0,0.03360262496839225,0.04872858265453272,0.12562582777639683,0.292529508653503,udp,private,SF
1815,0,0,0,0,0,0,0,0,1,0,0,0,0,0,0,0,0,0,0,0,6,0.04593174107147868,0.003268593776232502,0.048987877689736635,0.0,0.9753564120044836,0.0,0.0,187,123,0.9441601280831807,0.03750188570434285,0.13793235581634627,0.06781666110619312,0.005644242177960748,0.0,0.0,0.12980648939413622,tcp,smtp,SF
1816,446,0,12319,0,0,0,1,0,1,0,0,0,0,0,0,0,0,0,0,0,37,0.0008965798507542873,0.055379665762879934,0.06258346288596957,0.02641375121290328,0.9069433272308067,0.0871748900988299,0.010097870776004254,11,233,0.9660306560791815,0.08619475284446071,0.0,0.061498965851127525,0.0,0.0,0.10091653865697281,0.0,tcp,http,SF
1817,626,60008,0,0,0,0,0,0,0,10,0,0,1,0,0,0,0,0,0,37,15,0.0,0.0,0.8351707346477533,0.7697036924122523,1.0,0.0,0.08214496038450056,0,255,0.9591469518209539,0.0,0.15095980327204347,0.1983817819128447,0.02590710842045002,0.014903777047028572,0.7612298388724811,0.9465813396166526,tcp,http,REJ
1818,325,510705,15284,0,0,0,1,0,0,0,0,0,0,0,0,0,0,0,0,25,0,0.07859586906741205,0.0,1.0,0.8828359822312618,0.9389930093301975,0.13671365170872746,0.02494339832006141,99,255,1.0,0.017496615231262513,0.3816935628206158,0.14426772781606273,0.0,0.01933443631678906,0.9385234028875108,0.9985470078717357,tcp,http,REJ
1819,0,0,14729,0,0,0,2,0,1,3,0,0,0,0,0,0,0,0,0,48,46,0.0020318657829303957,0.0,0.09772822070093572,0.04678318323526514,0.9617161030902759,0.0,0.0,0,255,1.0,0.07499412143918846,0.0,0.0,0.0,0.012177667844622549,0.0,0.026238104730377743,tcp,http,SF
1820,1223,313964,0,0,0,0,0,0,0,0,0,0,0,0,0,0,0,0,0,25,47,0.0,0.0,0.0,0.02397339906454561,1.0,0.0,0.14720924924352663,140,29,0.0,0.6782511431596465,0.9993238807612003,0.0,0.0,0.0,0.0,0.06162435682181361,udp,other,SF
1821,517,403228,0,0,0,0,1,0,0,0,0,0,0,0,0,0,0,0,0,2,0,0.07641416557774809,0.0,0.8045370172548117,0.8093181897993386,1.0,0.0,0.0809587960052782,118,209,0.9348865283716463,0.09078832474142451,0.13648381074243074,0.21724879372442868,0.0,0.0,0.7552895659369235,1.0,tcp,http,REJ
1822,821,0,5098,0,0,0,0,0,0,0,0,0,0,0,0,0,0,0,0,10,7,0.06587118567937454,0.004728274854706452,0.9278583152928828,0.9845270181826954,1.0,0.0,0.08020435992798941,0,255,0.9364269003521197,0.0,0.020290603165698196,0.09543276352892714,0.0,0.009921963563603491,0.8366320997105587,1.0,tcp,http,REJ
1823,433,0,0,0,0,0,2,0,0,9,0,0,9,0,0,0,0,0,0,213,184,0.0,0.007037365966846858,0.0,0.15465800178760597,0.8818204187757334,0.0,0.16404827298456956,134,76,0.9998715935046489,0.0,0.0,0.0,0.02573735890538246,0.0,0.0653408673504692,0.19249936325089584,udp,domain_u,SF
1824,0,0,0,0,0,0,0,0,1,0,0,0,3,0,0,0,0,0,0,6,46,0.0,0.02059941022222663,0.1561076750681131,0.22224528855949316,0.9143505701122681,0.06698595244469602,0.0,0,255,0.7300585870308863,0.0,0.12132839713839481,0.025486024978275186,0.0,0.0,0.0,0.0,tcp,http,SF
1825,453,0,18034,0,0,0,1,0,1,0,0,0,1,1,0,0,0,0,0,9,11,0.0,0.0,0.0,0.12698435843425787,1.0,0.0,0.0851522072050544,255,255,0.8062354444316739,0.0,0.0,0.0,0.04684201681071084,0.0010839847738018473,0.0014083385204097937,0.0,tcp,http,SF
1826,578,279835,33988,0,0,0,2,0,1,8,0,0,0,0,0,0,0,0,0,0,105,0.0,0.0,0.036558221219492947,0.02811595131070565,1.0,0.18506099983260885,0.0,253,196,1.0,0.0,0.0,0.017877673833327078,0.016652856266046324,0.0,0.0,0.0,tcp,http,SF
1827,1047,75715,88281,0,0,0,0,0,0,0,0,0,0,0,0,0,0,0,0,0,0,0.01578570636665091,0.0,0.0,0.0,1.0,0.0,0.13761318532469838,118,25,1.0,0.018368705036537578,0.03811424073133296,0.020481712181240903,0.0,0.006659360763020162,0.0,0.0,udp,private,SF
1828,2051,77156,0,0,0,0,1,0,0,2,0,0,4,1,0,0,0,0,0,11,48,0.041089407398890485,0.0,0.0,0.06356357279923384,0.9651203146979354,0.0,0.0,244,0,0.0,0.6289547798720058,0.8510554350444053,0.013872122023910485,0.0,0.0,0.0,0.03545868668344873,udp,other,SF
1829,0,0,0,0,0,0,0,0,1,6,0,0,3,0,0,0,0,0,0,48,57,0.03193671986440621,0.0,0.0,0.06804684986281978,0.9627005483928863,0.03086365640499918,0.126331411358701,106,255,0.7176308424733653,0.0,0.0,0.059405677821404324,0.0,0.0,0.3833766372308303,0.6710878193124195,tcp,http,SF
1830,502,0,0,0,0,0,2,0,1,3,0,0,0,0,0,0,0,0,0,33,17,0.001592429222539843,0.0,0.01019845753849639,0.07817624402341156,1.0,0.0,0.0,200,135,0.9150110393298412,0.027686041709242964,0.06963866931318875,0.019682950954983812,0.016349159162907693,0.0,0.0,0.16590679746938553,tcp,smtp,SF
1831,39,701658,7420,0,0,0,2,0,0,0,0,0,2,0,0,0,0,0,0,19,2,0.04580603197350166,0.014684227372354442,0.0,0.0,0.9078367243180766,0.0,0.05432446312097522,48,63,0.8213289917095364,0.056846249095561595,0.13082381877124546,0.05980815315062863,0.017091304745751004,0.03711553178635043,0.0,0.0,udp,private,SF
1832,0,0,7052,0,0,0,0,0,0,5,0,0,0,0,0,0,0,0,0,3,4,0.0,0.0,1.0,1.0,1.0,0.0,0.038392936683643325,0,245,0.9208673441289448,0.0,0.5507415789288445,0.011914210998704315,0.0,0.011156656922226423,1.0,0.8744676481892506,tcp,http,REJ
1833,278,0,0,0,0,0,1,0,1,0,0,0,0,0,0,0,0,0,0,7,9,0.0884014899889325,0.0,0.0,0.15827010440435713,0.8977500592133483,0.0,0.0,84,42,1.0,0.0,0.18331913053286508,0.03744560206534055,0.005538227622612986,0.007183413836673233,0.0260767296490241,0.0,tcp,http,SF
1834,389,468696,0,0,0,0,1,0,1,0,0,0,5,0,0,0,0,0,0,0,43,0.0,0.0,0.0,0.0,0.9224989227898954,0.0,0.0,255,91,0.8271700337864174,0.0,0.06343540224958039,0.02709403989293612,0.060828076078135535,0.0015934104214457012,0.0,0.038913127611144085,tcp,http,SF
1835,59,92236,0,0,0,0,0,0,0,0,0,0,6,0,0,0,0,0,0,0,0,0.0,0.0,0.9816744587325793,1.0,1.0,0.11208141009094152,0.0,0,146,1.0,0.013253537044357038,0.2651731594429326,0.21647020699450897,0.0006456920867733315,0.0,1.0,1.0,tcp,http,REJ
1836,147,192975,36318,0,0,0,0,0,1,0,0,0,1,1,0,0,0,0,0,0,9,0.0,0.052735350179236716,0.037739439921896066,0.0,1.0,0.013459130513783583,0.12464582885559876,50,186,1.0,0.04314257600621949,0.038376648664973964,0.055578861042954564,0.016115837818538762,0.0,0.0,0.0,tcp,http,SF
1837,0,0,0,0,0,0,1,0,1,1,0,0,11,0,0,0,0,0,0,25,0,0.0,0.0,0.15163442867262064,0.0,1.0,0.029339570356938936,0.20094435035760153,103,180,0.8578771415477544,0.048405310285317193,0.04217428874967655,0.011961871416697675,0.07353898435857725,0.0,0.12696720729863836,0.23571285763097705,tcp,http,SF
1838,993,0,0,0,0,0,0,0,0,0,0,0,4,0,0,0,0,0,0,294,216,0.0,0.0,0.0,0.0,0.9179412272754242,0.0,0.26393626689068816,255,255,0.8520745436439762,0.02381211578369999,0.05133774649995566,0.0,0.0,0.0,0.08983306893625084,0.0,udp,domain_u,SF
1839,0,0,0,0,0,0,0,0,0,0,0,0,0,0,0,0,0,0,0,21,27,0.0,0.0,0.028254910052896806,0.0,0.8622439815876763,0.0,0.07115097029808208,10,82,1.0,0.06451636706992192,0.0,0.0,0.0787524540239438,0.0,0.20477044675686035,0.0,udp,private,SF
1840,0,0,0,0,0,0,0,0,0,1,0,0,0,0,0,0,0,0,0,33,33,0.006302856419450258,0.0,0.8404456704531431,0.9652404056180802,0.9993877801710913,0.0,0.03395859466760414,7,255,0.9550842071847433,0.0,0.40118720027881827,0.09039814208300095,0.0,0.015933752125683574,0.9708085677123544,0.8070697800912786,tcp,http,REJ
1841,40,0,0,0,0,0,27,0,1,7,0,0,10,0,0,0,0,0,1,3,0,0.0,0.0,0.1244075849694381,0.04178494854017288,0.860155890020579,0.0,0.06063334198636189,114,0,0.3990102058345292,0.08936390296304707,0.0,0.0,0.0,0.0,0.0,0.016805880851080417,tcp,ftp,SF
1842,590,100636,3632,0,0,0,0,0,1,0,0,0,6,0,0,0,0,0,0,0,45,0.008099995829212437,0.07769911338156703,0.0,0.0902397233301164,1.0,0.0,0.2604730652215816,29,225,0.9983912953702516,0.02837273978776376,0.0,0.01334366742203344,0.0,0.032825886418084545,0.0,0.0,tcp,http,SF
1843,0,605875,17490,0,0,0,0,0,1,10,0,0,13,0,0,0,0,0,0,6,0,0.0,0.024902781453327305,0.0,0.12326220539406867,0.9203853461022015,0.0,0.0703171902259532,100,255,0.7172886087384498,0.0,0.2736584543161135,0.06271141950073944,0.0,0.0,0.23945497365217744,0.6834264124600637,tcp,http,SF
1844,1759,28293,50269,0,0,0,1,0,0,6,0,0,16,1,0,0,0,0,0,0,2,0.03561156693988784,0.029683335108117683,0.0,0.0,1.0,0.0,0.01177804379198552,254,0,0.1303394919890812,0.610672674266939,1.0,0.009539847282051267,0.0,0.004314144908418866,0.03764339854044203,0.0,udp,other,SF
1845,0,0,27221,0,0,0,1,0,1,0,0,0,0,1,0,0,0,0,0,22,0,0.03500847640463126,0.0,0.08277748043518796,0.036473444324925566,0.9291721671744407,0.04768289993441667,0.0,239,255,1.0,0.08714870208549763,0.0,0.0,0.0,0.0,0.0,0.0,tcp,http,SF
1846,22,0,37566,0,0,0,1,0,1,0,0,0,0,0,0,0,0,0,0,4,17,0.0,0.018723123414908678,0.0,0.0,1.0,0.0,0.0,22,213,1.0,0.00807928090015076,0.0,0.025722989285521775,0.03408796211684041,0.03032491401466718,0.0,0.18208145233026773,tcp,http,SF
1847,0,898134,54561,0,0,0,30,0,1,0,0,0,0,0,0,0,0,0,1,0,4,0.0,0.0,0.02830362043802121,0.0,0.9457663546680837,0.0,0.052188525595429205,126,45,0.0,0.12778961901123975,0.0,0.03194874514174393,0.032604187748131674,0.03503357829212668,0.0,0.0,tcp,ftp,SF
1848,0,283796,21539,0,0,0,0,0,1,2,0,0,7,0,0,0,0,0,0,23,2,0.015126726545476336,0.03623099102310748,0.0,0.0043318769870090154,0.987617990512544,0.04928395666133434,0.0,255,255,0.49107625802489774,0.0,0.0,0.0,0.007994324376393098,0.0,0.0,0.0,tcp,http,SF
1849,444,0,0,0,0,0,1,0,0,0,0,0,5,0,0,0,0,0,0,0,0,0.0,0.008411955496516703,0.9801919006460149,0.9064989141779377,1.0,0.0,0.0,33,180,1.0,0.0,0.09695127710578,0.12322396087775657,0.05151709286520717,0.0511015770847048,1.0,1.0,tcp,http,REJ
1850,2208,193615,35281,0,0,0,1,0,0,8,0,0,1,1,0,0,0,0,0,27,0,0.0016792822015501074,0.0,0.0,0.0566665650849592,1.0,0.0,0.0,255,5,0.0,0.5912740195113548,0.9440172447499531,0.013232872900131634,0.029706694906911673,0.0,0.09790031666196787,0.0,udp,other,SF
1851,162,0,38860,0,0,0,1,0,1,0,0,0,0,1,0,0,0,0,0,0,42,0.0,0.0017319994983328807,0.0,0.0,1.0,0.08206391051692186,0.0,238,85,0.37958188219328365,0.06165693016451461,0.0,0.011964545628439715,0.0,0.0,0.07125239849215932,0.0,tcp,smtp,SF
1852,0,0,22608,0,0,0,2,0,0,0,0,0,0,0,0,0,0,0,0,10,0,0.12786128677999745,0.06520118270494284,0.9504247827623737,1.0,1.0,0.16756188839188213,0.08056385314352238,71,169,1.0,0.0,0.2273441457213048,0.1509630421589609,0.005484932298735184,0.0,1.0,1.0,tcp,http,REJ
1853,451,0,0,0,0,0,0,0,1,2,0,0,1,0,0,0,0,0,0,0,69,0.0,0.007444934354866239,0.05817278268313496,0.12410656115679772,1.0,0.050254204241774396,0.09102280025560248,172,168,0.6376037511227498,0.06427581521745167,0.10867026944093955,0.024869593211110833,0.0,0.04379179412243707,0.0,0.08033428915024655,tcp,smtp,SF
1854,352,31448,0,0,0,0,30,0,1,0,0,0,6,0,0,0,0,0,1,24,0,0.0,0.0,0.0,0.0,0.9546378419303555,0.03463540627497276,0.035456151918623,121,153,0.09436659307163969,0.1860548608542737,0.0,0.0,0.0,0.0,0.0,0.0,tcp,ftp,SF
1855,0,0,0,0,0,0,0,0,1,0,0,0,2,1,0,0,0,0,0,0,14,0.0,0.0149578987739164,0.04284188225983352,0.08616941548561594,1.0,0.0,0.06616690452263668,73,255,0.9866593709512532,0.04294291101804324,0.19295645455620036,0.10832559258969461,0.019710800009292692,0.020840564207047448,0.1364577870554219,0.6491559240163982,tcp,http,SF
1856,0,0,29707,0,0,0,0,0,1,7,0,0,5,0,0,0,0,0,0,0,26,0.0,0.021758531194590314,0.0,0.1462387947555454,0.9749012485294616,0.0,0.015882605419758423,0,179,1.0,0.04215698490125244,0.05401199964550975,0.0,0.0,0.0,0.0,0.0827318155508777,tcp,http,SF
1857,711,4469,0,0,0,0,0,0,1,1,0,0,0,0,0,0,0,0,0,22,0,0.0,0.0,0.06216723518030084,0.1400284732847782,1.0,0.01669218415208806,0.0,255,149,0.49818651138149544,0.0,0.11310016693786275,0.04162371966324089,0.0,0.023637523529247143,0.04237238724167455,0.12384546944636497,tcp,smtp,SF
1858,2903,0,39734,0,0,0,0,0,0,1,0,0,9,0,0,0,0,0,0,0,43,0.0,0.0,0.04220210526833054,0.0,1.0,0.1008348846651397,0.0,238,11,0.03940764525301244,0.5602779638291948,0.9440347453627189,0.0,0.0,0.0,0.0,0.03556795564796592,udp,other,SF
1859,0,133168,46176,0,0,0,1,0,1,1,0,0,5,0,0,0,0,0,0,0,18,0.0,0.0,0.0,0.0,1.0,0.03132819439570567,0.09553665667766291,200,236,0.781449480607017,0.16255910548517682,0.07957797907083063,0.0,0.013269473332461163,0.0,0.06734581235376212,0.16430057834713171,tcp,smtp,SF
1860,444,0,41947,0,0,0,0,0,0,0,0,0,0,0,0,0,0,0,0,0,0,0.0,0.004319116312365544,0.0,0.0,1.0,0.07035888591231093,0.0,0,1,0.5674662687707239,0.0,0.13774316472088236,0.0,0.0,0.0,0.0,0.004548436680531292,udp,private,SF
1861,0,237676,42352,0,0,0,0,0,1,3,0,0,10,0,0,0,0,0,0,26,43,0.04681692113667126,0.0,0.09719558139817204,0.0,1.0,0.0,0.11553572954123913,122,217,0.7017344797994621,0.06767249983489408,0.1968601317624897,0.0,0.03617267439710182,0.0,0.0,0.0,tcp,smtp,SF
1862,982,0,0,0,0,0,29,0,1,1,0,0,9,0,0,0,0,0,1,9,0,0.0,0.0,0.0,0.06952946565717447,0.9405356025619345,0.04531114651235407,0.12312802600848442,43,78,0.3386647475608923,0.0076884146092056,0.0931040541152544,0.0,0.0,0.0,0.0,0.0,tcp,ftp,SF
1863,688,537669,16824,0,0,0,0,0,0,6,0,0,3,1,0,0,0,0,0,9,0,0.05228652736372502,0.0,1.0,1.0,0.8842658423805441,0.0,0.0,38,255,0.9391022429554948,0.0,0.3086983405675472,0.11763539894476038,0.0,0.0,1.0,1.0,tcp,http,REJ
1864,195,0,0,0,0,0,0,0,0,4,0,0,2,0,0,0,0,0,0,0,19,0.0019681349322033938,0.04373173309236086,1.0,1.0,1.0,0.010293690240200366,0.0,0,255,0.8663531327214671,0.0,0.13264372668329624,0.1838873813451823,0.002403929684255356,0.0,1.0,0.9141299924678246,tcp,http,REJ
1865,113,0,0,0,0,0,0,0,1,0,0,0,12,0,0,0,0,0,0,15,25,0.0451463255987645,0.06896049841382741,0.0,0.0,1.0,0.04523003027654148,0.0012954104769613937,172,163,0.489767599036394,0.0,0.1622707716392207,0.0,0.0,0.023189394839473385,0.0,0.0,tcp,smtp,SF
1866,0,140552,0,0,0,0,0,0,1,7,0,0,0,0,0,0,0,0,0,0,11,0.0,0.0,0.04367937554822648,0.0,0.9914668712441372,0.0,0.0,149,255,0.6627260487657867,0.021626106458849367,0.0,0.0,0.0,0.0,0.0,0.044186614732826604,tcp,smtp,SF
1867,456,544750,46300,0,0,0,0,0,0,0,0,0,9,0,0,0,0,0,0,181,194,0.07752417226889173,0.0,0.13912137747255512,0.13989222070733354,1.0,0.0,0.08468543225067313,147,45,0.7673351631983649,0.03644053528635921,0.0,0.0,0.0,0.0,0.0,0.0,udp,domain_u,SF
1868,0,103114,16061,0,0,0,1,0,0,2,0,0,0,0,0,0,0,0,0,0,0,0.02289760228940331,0.0,1.0,1.0,0.8800399842560969,0.026631481202827892,0.0,49,255,1.0,0.06872605041345013,0.23581664313679732,0.21858763498566075,0.0,0.0013506194582911944,1.0,1.0,tcp,http,REJ
1869,165,196441,71795,0,0,0,0,0,1,0,0,0,8,0,0,0,0,0,0,0,35,0.0,0.02066392132638978,0.013149533525841266,0.07936361143476536,0.9542383654531751,0.0,0.0,164,182,0.8232485349366426,0.0,0.0,0.0,0.0,0.014191090335842819,0.03009985184963255,0.025612008917448994,tcp,smtp,SF
1870,590,5845,6324,0,0,0,1,0,0,3,0,0,1,0,0,0,0,0,0,31,9,0.030101909175242275,0.004282010330730657,0.16491426754363142,0.3352788960394581,1.0,0.009998322024705693,0.0,72,13,0.5885167901830399,0.06260372426045759,0.0,0.0,0.020749311681330273,0.01888295332825322,0.0,0.1189071281382629,udp,private,SF
1871,0,0,85448,0,0,0,0,0,0,0,0,0,0,0,0,0,0,0,0,205,172,0.0013174739189332747,0.0,0.0,0.03325106994361088,0.8622387958004769,0.05826506466865023,0.0,76,0,0.46864749338977674,0.05489506076948532,0.0,0.0,0.0,0.009813906362623626,0.069146644748603,0.0,udp,domain_u,SF
1872,0,0,10214,0,0,0,0,0,1,11,0,0,0,0,0,0,0,0,0,2,0,0.0,0.004171173975021758,0.0,0.0,0.8873895313464192,0.09601588823485019,0.0,21,218,1.0,0.028778513548374303,0.07821339210481164,0.10178186378523613,0.0,0.04511344026615708,0.0,0.0570821725497799,tcp,http,SF
1873,0,0,3315,0,0,0,0,0,1,13,0,0,7,1,0,0,0,0,0,12,55,0.004668377329769548,0.0,0.0,0.0,1.0,0.048714668398146636,0.0,112,71,1.0,0.0,0.0,0.0,0.08699281034304661,0.0014281985412119343,0.0,0.03570760225207865,tcp,http,SF
1874,0,0,0,0,0,0,0,0,1,6,0,0,0,0,0,0,0,0,0,4,0,0.036524373422112476,0.07070421298541231,0.14435366472987898,0.030968720196675886,0.9554059412246787,0.039069287263930615,0.0,222,151,0.45421697074296263,0.0,0.132707079900794,0.0,0.0,0.0,0.1305607572351126,0.13258126916995255,tcp,smtp,SF
1875,0,132984,42864,0,0,0,31,0,1,10,0,0,0,0,0,0,0,0,1,3,9,0.0,0.0,0.09589223054844155,0.0018992474359030317,0.9744755663608442,0.0,0.0,34,0,0.3295307917090857,0.1088921391882417,0.24944595027277566,0.012174910443571977,0.0,0.025368791354317553,0.0956805971444075,0.018391046098360377,tcp,ftp,SF
1876,491,0,0,0,0,0,0,0,1,0,0,0,0,0,0,0,0,0,0,6,42,0.0,0.011456169238561378,0.0,0.0,0.9700854805509285,0.0,0.06123519607864698,138,132,0.43762269650021285,0.05161043388970978,0.044433399556758985,0.03967922609215759,0.0,0.0,0.0,0.0,tcp,smtp,SF
1877,1215,104885,0,0,0,0,1,0,1,0,0,0,5,0,0,0,0,0,0,0,25,0.03319018825832173,0.02267475235198611,0.0,0.0,0.905494896512167,0.033381778017643464,0.0,242,120,1.0,0.0,0.0,0.016318747978613074,0.03533447100131256,0.0,0.017429665460901383,0.09982414893589171,tcp,http,SF
1878,957,0,44662,0,0,0,0,0,0,0,0,0,13,0,0,0,0,0,0,5,0,0.01206835078874035,0.019508848819185257,0.8653589266750493,0.9204957953538611,0.9839846107453667,0.0,0.0,14,255,0.8963205743604947,0.0,0.24689796876497536,0.11437753603209241,0.02952701550496764,0.0,1.0,0.9313562038559805,tcp,http,REJ
1879,0,97112,40521,0,0,0,1,0,0,0,0,0,0,0,0,0,0,0,0,0,0,0.0,0.0,0.0,0.037886888679935525,0.9989910389275111,0.033077454921081766,0.046804807177491914,69,12,1.0,0.03357630389149532,0.0,0.0,0.0,0.05268315791029077,0.0,0.0,udp,private,SF
1880,487,0,39461,0,0,0,0,0,0,0,0,0,20,1,0,0,0,0,0,17,58,0.0,0.060877619534936186,1.0,1.0,0.9570972261902574,0.0,0.32683945191044805,0,219,0.8047413109504282,0.0,0.4918939534454699,0.09774679486107038,0.0,0.06056905276981217,1.0,0.8357659337028973,tcp,http,REJ
1881,988,461878,0,0,0,0,31,0,1,0,0,0,1,0,0,0,0,0,1,0,0,0.08269591045491496,0.0,0.09922981916817891,0.17557623176897827,0.9630782532906934,0.1417044227558671,0.1452043378871659,103,0,0.036732328261453506,0.04430965539125119,0.32350592798323574,0.013715382228354287,0.0,0.0,0.10843151015521557,0.0,tcp,ftp,SF
1882,0,105954,0,0,0,0,0,0,0,8,0,0,4,0,0,0,0,0,0,33,0,0.0,0.0,1.0,1.0,0.9849822143300105,0.014225024773328841,0.09174018151721054,0,196,1.0,0.03168045747238567,0.0041407940812198535,0.24711700375837364,0.01434296484950555,0.02217435938529624,1.0,1.0,tcp,http,REJ
1883,75,416690,0,0,0,0,2,0,1,14,0,0,0,1,0,0,0,0,0,0,12,0.0736102884645105,0.02952373602974369,0.0,0.0,1.0,0.00940156322348825,0.0,255,89,0.6211729776288623,0.0,0.048534978325080406,0.008185630413131773,0.002094859747343891,0.02031817204314374,0.20924141133286767,0.0,tcp,smtp,SF
1884,0,0,27604,0,0,0,0,0,1,9,0,0,0,0,0,0,0,0,0,47,0,0.03864961944430703,0.0,0.0,0.0,0.9930451127938595,0.0,0.0,255,59,0.813967451666765,0.03501648074629317,0.0,0.035423265434304144,0.0,0.005500999840639455,0.09345048121588738,0.12764383723889322,tcp,smtp,SF
1885,179,22120,58181,0,0,0,0,0,1,7,0,0,1,0,0,0,0,0,0,0,31,0.0,0.0,0.06949365756476461,0.0,0.8581717153304695,0.14050512130940007,0.0,5,255,1.0,0.0,0.0,0.05983016833622321,0.0,0.04530289912369004,0.009965123064040678,0.10625271810836773,tcp,http,SF
1886,0,0,13171,0,0,0,0,0,1,2,0,0,0,0,0,0,0,0,0,0,0,0.0,0.0,0.23873478158136044,0.0599977443324128,0.9121008055649039,0.0,0.03250204334082756,255,255,0.7364536240939303,0.0,0.06123080041038,0.0,0.0,0.0,0.0,0.0798346812646109,tcp,http,SF
1887,138,0,68988,0,0,0,0,0,0,0,0,0,0,0,0,0,0,0,0,10,0,0.0,0.0,0.0,0.0,1.0,0.0,0.0,9,37,0.898294591585481,0.08967582435947158,0.0,0.024997536690025444,0.06826670749001634,0.0,0.0,0.07034016207131369,udp,private,SF
1888,0,0,32732,0,0,0,0,0,1,0,0,0,9,0,0,0,0,0,0,18,22,0.0,0.028345539165073198,0.16159546626562127,0.0,0.9495214784784761,0.06269352138497658,0.029761121015971614,204,171,0.40142003367302015,0.09566617483758118,0.0,0.0,0.0,0.0,0.0,0.0,tcp,smtp,SF
1889,365,0,0,0,0,0,1,0,1,14,0,0,0,0,0,0,0,0,0,0,22,0.021910257224784343,0.04023902595823242,0.02482196749836166,0.1474247255415956,0.9934850564200406,0.017601982765997955,0.0,190,239,0.6622733405164414,0.023706860663203266,0.0,0.06175955447626726,0.1624074637578435,0.0,0.0,0.011177829208863838,tcp,smtp,SF
1890,688,0,28888,0,0,0,0,0,0,0,0,0,3,0,0,0,0,0,0,51,11,0.0,0.003929349928229999,0.933424655244462,0.8299708638622386,1.0,0.0,0.0,39,236,0.6962850659173156,0.061424115541876614,0.2366499709000538,0.19380528639908748,0.0,0.0,0.7622087750009672,1.0,tcp,http,REJ
1891,2113,0,59571,0,0,0,0,0,0,0,0,0,0,1,0,0,0,0,0,0,0,0.008654351031041606,0.04692272603694383,0.018832483723855483,0.012586276257947752,1.0,0.0,0.0,203,0,0.0,0.6791606598741355,1.0,0.0,0.0,0.0,0.0,0.12885664415925052,udp,other,SF
1892,0,0,69657,0,0,0,0,0,0,7,0,0,0,0,0,0,0,0,0,0,7,0.008636621183636624,0.0,1.0,1.0,0.8418268825579946,0.0,0.16899146586343716,14,155,0.862267088353895,0.0,0.0,0.21379739915520382,0.016177957670007334,0.0,1.0,0.9804036841884491,tcp,http,REJ
1893,0,0,41373,0,0,0,0,0,0,8,0,0,14,0,0,0,0,0,0,19,0,0.04793522045456819,0.0033764167212870897,0.8835305711475416,0.8885336864366699,1.0,0.007501824439715403,0.08868987322573402,85,251,0.9120634902306255,0.0,0.0,0.16443848639978104,0.04823661999021297,0.010597849072471355,0.8818812322003192,1.0,tcp,http,REJ
1894,0,205485,1041,0,0,0,2,0,0,0,0,0,0,0,0,0,0,0,0,0,41,0.0,0.05997351655951056,0.0,0.06911768781074891,1.0,0.11410912157298331,0.0,10,85,0.8462562367396929,0.0892037064289235,0.14243614810719313,0.0,0.021883970903838233,0.0,0.016504247668929262,0.029540962925905134,udp,private,SF
1895,0,0,0,0,0,0,0,0,0,0,0,0,0,0,0,0,0,0,0,0,33,0.021526143426978943,0.043462536598763146,0.895779294237958,0.9773124431793458,1.0,0.04444715965923062,0.0,0,173,0.8330382201151485,0.0,0.03443373528530846,0.20422973044875964,0.009059706778802036,0.0,1.0,0.731744257390153,tcp,http,REJ
1896,0,0,20419,0,0,0,0,0,1,0,0,0,0,0,0,0,0,0,0,3,0,0.014023271304921741,0.06390399053580677,0.1145997519289064,0.0,1.0,0.07516062648834841,0.1219977563977433,247,221,1.0,0.0,0.2856877722312923,0.0,0.0,0.0,0.16430985951775817,0.0,tcp,http,SF
1897,304,586163,58352,0,0,0,1,0,0,0,0,0,0,0,0,0,0,0,0,0,0,0.04256940556529158,0.0,1.0,1.0,1.0,0.0,0.0,162,139,1.0,0.0,0.20847573227196262,0.16961568757295387,0.0,0.004077739158570742,0.9109025092449379,0.9192517778891471,tcp,http,REJ
1898,0,0,15120,0,0,0,0,0,0,7,0,0,0,1,0,0,0,0,0,31,0,0.0,0.04080786147341324,0.7890535985063709,0.9896236221492147,0.9941289376478696,0.037878653682253176,0.07074553412549131,82,77,1.0,0.02887562094635661,0.11087027203329607,0.21132670446307575,0.0,0.0,1.0,0.9411672345270325,tcp,http,REJ
1899,0,117296,17301,0,0,0,2,0,1,0,0,0,1,0,0,0,0,0,0,0,0,0.0,0.0,0.0,0.0,0.8909176832477848,0.0,0.0,159,46,0.5991522467405037,0.031903028076733064,0.0,0.0352348233496979,0.03957012015094477,0.0,0.0,0.1011132280612913,tcp,smtp,SF
1900,0,460824,2124,0,0,0,0,0,1,7,0,0,2,0,0,0,0,0,0,0,16,0.0,0.026479706392495465,0.009972301808050293,0.07680268928664659,1.0,0.013377382737694196,0.024843720946485175,109,81,0.6750468514588924,0.13109622726337639,0.0,0.06402475835189966,0.0,0.027078743432169913,0.026144680042728848,0.02859010110956819,tcp,smtp,SF
1901,727,229063,0,0,0,0,1,0,1,1,0,0,0,0,0,0,0,0,0,34,0,0.0,0.058323891451856395,0.0,0.131407402936741,0.8982619813657039,0.008663804905123218,0.004767153896358381,224,196,0.37878037208187754,0.0,0.04846597851565909,0.013816433864148067,0.05280508436117288,0.0,0.0,0.0,tcp,smtp,SF
1902,405,0,0,0,0,0,1,0,0,16,0,0,0,0,0,0,0,0,0,35,40,0.0,0.0,0.7996069526289016,0.7600239221810371,1.0,0.13377711039627901,0.0,0,225,1.0,0.00635516149751413,0.08520452786100371,0.13874546182564465,0.0,0.0,0.7907370764139376,0.9149682612147411,tcp,http,REJ
1903,0,0,7539,0,0,0,0,0,1,2,0,0,5,0,0,0,0,0,0,34,35,0.0,0.0,0.13455871788621598,0.170974728257209,0.9733369222869526,0.11439953089697202,0.07718638080841339,0,255,0.8070247555902238,0.02917217459147105,0.0,0.038521678500748995,0.0,0.02149035209966171,0.06091491187898119,0.04210171094272218,tcp,http,SF
1904,3055,0,59995,0,0,0,0,0,0,0,0,0,0,0,0,0,0,0,0,13,30,0.0,0.08220238471806014,0.0,0.0,0.9961905400402145,0.0,0.20685547553538017,255,21,0.26005274624751074,0.7259175289006387,0.8263211394731329,0.0,0.0575408666560852,0.0,0.0,0.0,udp,other,SF
1905,0,800788,0,0,0,0,1,0,0,4,0,0,0,0,0,0,0,0,0,15,10,0.0,0.02171789023255488,0.009558053420553426,0.059824260697462266,0.9502267644081727,0.0,0.05195147732968776,118,31,0.9641919936776129,0.11775614706579488,0.32551128308780275,0.0,0.06153501599869644,0.035705728449568666,0.0,0.0669504755088254,udp,private,SF
1906,22,0,1834,0,0,0,1,0,0,0,0,0,11,0,0,0,0,0,0,51,35,0.004639527487334153,0.0,1.0,0.9097270865038926,1.0,0.0,0.014041329340367602,17,127,1.0,0.0,0.034311047814522794,0.1914284061557189,0.03874887065466064,0.0,0.9328705448340191,0.9205802407442659,tcp,http,REJ
1907,99,0,0,0,0,0,0,0,0,0,0,0,0,0,0,0,0,0,0,5,44,0.0,0.0,1.0,0.934955038262293,1.0,0.0,0.0,85,255,1.0,0.04198915092505723,0.2540098789873125,0.16711490470803392,0.0,0.0023284407771295653,0.9078531087413504,0.9634224566986426,tcp,http,REJ
1908,0,0,25127,0,0,0,0,0,0,0,0,0,8,0,0,0,0,0,0,0,10,0.0,0.0,0.0,0.0060891862720365755,0.9500296664084438,0.09560862115802918,0.1267184614892918,0,0,0.839695175167275,0.0,0.0,0.0,0.0,0.0,0.040268131296634466,0.0,udp,private,SF
1909,292,0,47772,0,0,0,0,0,0,0,0,0,9,1,0,0,0,0,0,285,278,0.05491690148001972,0.00928692595753334,0.04532312139209314,0.0,1.0,0.030473598538838485,0.0,83,255,0.8532891917889909,0.004992303966571817,0.1739509150633956,0.0,0.032295679919396046,0.0003760695060217219,0.11743255478923104,0.0,udp,domain_u,SF
1910,0,442752,56759,0,0,0,1,0,0,0,0,0,9,0,0,0,0,0,0,252,251,0.0,0.0,0.01271451935728832,0.0,1.0,0.03804603051634208,0.07572850980873157,255,196,0.8282508193846154,0.04230625888049353,0.13242802543537244,0.037115209617268344,0.0,0.0,0.0,0.20931055562578973,udp,domain_u,SF
1911,342,792870,7089,0,0,0,0,0,0,0,0,0,5,0,0,0,0,0,0,0,0,0.0,0.0023347253907062583,1.0,1.0,0.992941529110729,0.059580491644611794,0.10287785402958521,33,218,1.0,0.06286558613327575,0.20770010073087686,0.11767513574316892,0.0033971972118970167,0.0,1.0,0.9292179599763958,tcp,http,REJ
1912,371,0,20021,0,0,0,0,0,0,0,0,0,0,0,0,0,0,0,0,11,40,0.0,0.0013477996067431444,1.0,1.0,0.9446671150612521,0.0,0.13337658566150135,76,176,1.0,0.03675191230381482,0.056752591292552085,0.19095346027068605,0.00955465571734768,0.0,0.9440280764477227,0.9544971612322732,tcp,http,REJ
1913,0,0,0,0,0,0,0,0,0,0,0,0,0,0,0,0,0,0,0,0,19,0.0,0.0,0.8869381948629529,0.9836758783084678,1.0,0.0,0.13589130963816123,74,65,0.8203507292594433,0.005836005331007484,0.06628551223700842,0.2310973314326446,0.011800009784250448,0.0,0.99012413397795,0.9207966634016499,tcp,http,REJ
1914,799,0,18406,0,0,0,0,0,0,2,0,0,0,0,0,0,0,0,0,0,22,0.0,0.02179965984242817,0.9321412869267334,0.9757121196088084,1.0,0.03820940617995426,0.13100631627711745,12,244,1.0,0.0,0.5125012732120433,0.036129891279423856,0.0,0.013797530291899101,1.0,0.8223869369085631,tcp,http,REJ
1915,0,0,15096,0,0,0,29,0,1,1,0,0,0,1,0,0,0,0,1,14,0,0.0,0.008407682720882713,0.07670374652549006,0.0,1.0,0.0,0.0,66,133,0.3552490391285048,0.09537062981753139,0.08103526201440893,0.0,0.047115362177795855,0.019586562840093462,0.0,0.0,tcp,ftp,SF
1916,0,0,2369,0,0,0,0,0,1,0,0,0,5,0,0,0,0,0,0,0,53,0.0,0.014383017847975176,0.026122199455220277,0.0,1.0,0.0,0.0,244,255,0.9469333193619436,0.14109862561065084,0.047948772871951685,0.05195020019629323,0.0,0.0,0.10446791044825485,0.11709456335923947,tcp,http,SF
1917,689,0,6482,0,0,0,0,0,1,0,0,0,2,0,0,0,0,0,0,31,0,0.0,0.0,0.0,0.0,1.0,0.0,0.0,232,221,0.8553009627221841,0.05507978566083627,0.0,0.0,0.027170544877940666,0.0,0.0,0.0,tcp,http,SF
1918,0,84673,17210,0,0,0,1,0,1,0,0,0,6,1,0,0,0,0,0,0,0,0.09587584411166979,0.002176712082814056,0.0,0.08144979474501816,0.9742799828115024,0.07743938219779124,0.0,169,129,0.7285211778232228,0.044591538858877094,0.0,0.0,0.0,0.0,0.0,0.0109762968545755,tcp,smtp,SF
1919,0,130427,0,0,0,0,3,0,1,0,0,0,0,0,0,0,0,0,0,0,0,0.0,0.007688639483491782,0.09295159392689907,0.10790969604786772,0.805401040289353,0.0,0.20601417784869197,163,113,0.622437236410192,0.0,0.0,0.014717264225572612,0.08847940723144965,4.000694131403497e-05,0.0,0.0,tcp,smtp,SF
1920,0,105790,0,0,0,0,0,0,0,0,0,0,5,0,0,0,0,0,0,251,246,0.038389846303348615,0.012202588424574197,0.04933651915148605,0.06048994931109052,0.9002505881456986,0.026587994549952976,0.0,26,116,0.671947998534584,0.0,0.1055267055074373,0.0,0.066721667138037,0.0,0.006490076818764286,0.0,udp,domain_u,SF
1921,697,0,60973,0,0,0,1,0,1,0,0,0,0,0,0,0,0,0,0,0,0,0.0,0.02115991184999847,0.0,0.03843817263773424,1.0,0.0,0.0,181,109,0.6215278573371124,0.0,0.09558246880266169,0.0,0.09818705046958698,0.0,0.02338049296993184,0.10435144060685521,tcp,smtp,SF
1922,0,0,94485,0,0,0,0,0,0,2,0,0,0,0,0,0,0,0,0,26,5,0.0,0.012580756823905435,0.8741832747365603,0.8993303039563426,1.0,0.02786593624371905,0.062454152189111066,0,182,0.8739329183898921,0.05865240058283465,0.20710298612971292,0.21982307278128008,0.0761318632726233,0.0,0.9238772850663963,0.8977462905834308,tcp,http,REJ
1923,758,217928,0,0,0,0,0,0,0,2,0,0,0,0,0,0,0,0,0,52,89,0.0,0.08229864283558384,0.9949347857726567,1.0,1.0,0.0,0.0,0,154,1.0,0.0,0.2105764744296739,0.19336600139245047,0.0,0.0,0.9434521182926905,1.0,tcp,http,REJ
1924,0,5182,0,0,0,0,0,0,1,0,0,0,0,0,0,0,0,0,0,0,30,0.06542214022256632,0.0,0.04784469732303468,0.0,0.883851913556842,0.032771786363198795,0.30550132035284433,238,43,0.3677315544082198,0.06140709245820353,0.08933424644615393,0.0,0.0,0.0,0.013671635092954864,0.0,tcp,smtp,SF
1925,0,290805,0,0,0,0,0,0,0,16,0,0,0,0,0,0,0,0,0,236,176,0.01813806598851828,0.0,0.0,0.022546872525527475,1.0,0.0,0.0,81,13,0.4149655236720192,0.027714796225736707,0.033866083040678764,0.014647897479814109,0.0,0.0,0.11605953565050572,0.0,udp,domain_u,SF
1926,0,270810,0,0,0,0,0,0,1,0,0,0,0,0,0,0,0,0,0,19,0,0.0,0.07532348230145249,0.0,0.0,0.9795286468713355,0.03703801216841791,0.06012682030974381,173,151,0.7913681954191705,0.04287591615682519,0.05373655081601884,0.08251008066101344,0.01226310328857757,0.022716514537997157,0.0,0.16482176573980792,tcp,smtp,SF
1927,0,0,31225,0,0,0,0,0,0,0,0,0,2,0,0,0,0,0,0,1,0,0.0,0.0,1.0,0.9713312531290458,1.0,0.0,0.0,0,119,0.8340514783270925,0.0,0.0,0.20626025137097304,0.0011214356129900542,0.040466011820151804,0.7583295836571746,1.0,tcp,http,REJ
1928,582,0,23428,0,0,0,0,0,1,0,0,0,0,0,0,0,0,0,0,15,22,0.05230861012377015,0.041450687370062606,0.05579784743264428,0.11556218323535987,0.91813368319066,0.0,0.0,98,192,0.69434538085905,0.0,0.15176784390857767,0.009169573856925788,0.0,0.034168662881672626,0.0,0.0,tcp,http,SF
1929,502,0,6324,0,0,0,2,0,1,0,0,0,0,0,0,0,0,0,0,0,23,0.0,0.006028919955977226,0.14394436332768534,0.159595304628051,0.963926883767978,0.0,0.0,182,137,0.680922543763597,0.0,0.16853671580709573,0.016689971025911136,0.0,0.0026163228279830913,0.08957263963019457,0.32961176310271967,tcp,smtp,SF
1930,0,0,20118,0,0,0,0,0,1,5,0,0,18,0,0,0,0,0,0,0,50,0.015096043997805461,0.0,0.0,0.0,1.0,0.0019270666805943774,0.0,213,255,0.7189172694113175,0.03941828473624563,0.13262512775047108,0.07002117681726326,0.016628103476156383,0.0,0.008093126192214617,0.0,tcp,http,SF
1931,0,247195,0,0,0,0,0,0,0,0,0,0,0,0,0,0,0,0,0,8,0,0.026137190006698945,0.04388042671404606,0.9928417094582761,0.9741476778671266,1.0,0.02049637886507009,0.0,0,224,0.9372010071412367,0.0,0.270838526714134,0.15455901467011354,0.0,0.0,0.9066397737247645,1.0,tcp,http,REJ
1932,0,115225,0,0,0,0,2,0,1,0,0,0,0,0,0,0,0,0,0,10,0,0.0,0.023065798751347146,0.0,0.0,0.9515215318166651,0.0,0.0,255,255,0.8234628719703387,0.0,0.0,0.0,0.0,0.0,0.006972102653859947,0.0,tcp,http,SF
1933,869,359869,0,0,0,0,0,0,0,0,0,0,0,0,0,0,0,0,0,69,0,0.007516089449154885,0.0,0.0,0.11771763469420048,0.9264023222678451,0.0,0.01837856619596161,88,82,0.8733736018598313,0.044390771264365594,0.0,0.013121340293779888,0.0075490916381448815,0.0,0.0,0.0,udp,private,SF
1934,1732,129916,0,0,0,0,1,0,0,0,0,0,0,0,0,0,0,0,0,9,86,0.02442137713789703,0.007719105681639409,0.0,0.0,1.0,0.013696827909031062,0.0,231,0,0.3683660158879221,0.9006373907956415,0.9796554135793515,0.0,0.0,0.0,0.0,0.0,udp,other,SF
1935,1078,72035,0,0,0,0,0,0,1,0,0,0,0,0,0,0,0,0,0,31,41,0.0,0.0,0.0,0.0,0.9072369333079567,0.03728797158534356,0.0,10,255,0.983634869460812,0.0,0.0,0.029376669480919892,0.0,0.0,0.0,0.0,tcp,http,SF
1936,0,392977,0,0,0,0,0,0,1,0,0,0,9,0,0,0,0,0,0,51,30,0.040933333295805625,0.05655647051728934,0.02751363201245226,0.08320353030101112,0.9125300822227489,0.0,0.014353608281826259,28,231,1.0,0.10660980889856835,0.08497288266526856,0.0,0.0,0.0,0.07270957384753507,0.0,tcp,http,SF
1937,0,153983,26974,0,0,0,1,0,1,6,0,0,0,1,0,0,0,0,0,19,0,0.014456127016882805,0.07802120955779948,0.0,0.0975954162955235,1.0,0.0,0.102950041729481,192,255,1.0,0.0,0.0,0.0,0.024533337498104456,0.027091983107230863,0.0,0.00574214271553246,tcp,http,SF
1938,0,23781,12705,0,0,0,31,0,1,1,0,0,13,0,0,0,0,0,1,0,0,0.0,0.08337728560247863,0.0,0.0,1.0,0.006349778082550447,0.1617700159018399,98,1,0.19577685852412158,0.04256773548119705,0.0,0.0,0.0,0.017690290781461476,0.0,0.045945590483608106,tcp,ftp,SF
1939,0,484787,22981,0,0,0,1,0,1,10,0,0,0,1,0,0,0,0,0,2,5,0.005101424294650448,0.015906589928250465,0.14547980293134355,0.0,0.9375070478437069,0.04923457427443627,0.0,227,255,1.0,0.061537682805247955,0.008676587482746764,0.0,0.0,0.0,0.1685046639175877,0.13651870481331033,tcp,http,SF
1940,0,37699,0,0,0,0,0,0,0,5,0,0,3,0,0,0,0,0,0,0,0,0.034382387415465954,0.0,1.0,1.0,0.9727762607209897,0.0,0.0,31,233,1.0,0.0010025692413153555,0.5185231782351927,0.15601068166684448,0.032188544040084734,0.011086051714001134,0.9030246626328841,1.0,tcp,http,REJ
1941,64,0,0,0,0,0,1,0,0,3,0,0,7,0,0,0,0,0,0,13,0,0.1126053011346029,0.01431576065802836,0.0,0.0,1.0,0.0,0.0,92,47,1.0,0.0,0.010563587292064944,0.020726823825576474,0.0,0.008884779801705472,0.036405294654114344,0.007447963900989674,udp,private,SF
1942,0,0,23119,0,0,0,1,0,0,13,0,0,9,0,0,0,0,0,0,22,16,0.029654466640043592,0.0,0.6972195246959543,0.8302417964802904,0.9651956226468045,0.0,0.0,0,224,0.8832181244409195,0.0,0.0452554620355707,0.15351446582245537,0.0,0.0,0.9315394066102002,0.9105489521191341,tcp,http,REJ
1943,0,234047,0,0,0,0,0,0,1,0,0,0,10,0,0,0,0,0,0,18,0,0.03940902228157943,0.10435657656271062,0.04031669660490338,0.05148306515538533,0.869914613885224,0.0,0.18754318120766095,82,172,0.781540467105086,0.1634919713141643,0.0,0.0,0.0,0.05224846997722844,0.04117648645910191,0.0,tcp,smtp,SF
1944,0,404888,42689,0,0,0,0,0,0,0,0,0,0,1,0,0,0,0,0,0,0,0.009408916781401174,0.05313966091382299,0.7879053593657124,0.8553064835594518,1.0,0.0,0.0,26,171,0.9985595711729216,0.1381485553451595,0.24893973846498285,0.2624267402122811,0.007610668991318765,0.0,0.9773101986704334,0.9515479428949111,tcp,http,REJ
1945,0,0,0,0,0,0,0,0,0,0,0,0,0,0,0,0,0,0,0,272,310,0.09245477088843392,0.013549070017475075,0.0,0.0,1.0,0.04216504321495914,0.0,181,193,1.0,0.07867368115991906,0.0,0.06361696563456425,0.0,0.0,0.0,0.0,udp,domain_u,SF
1946,0,428377,31929,0,0,0,1,0,1,10,0,0,0,0,0,0,0,0,0,52,0,0.0,0.04436098653689077,0.042070566614779904,0.0,1.0,0.0,0.0,119,113,0.9129353369919799,0.0,0.26882584160223766,0.013419487997919937,0.01937028921873061,0.004685005237809077,0.11446754590467671,0.24517215095061265,tcp,http,SF
1947,0,0,0,0,0,0,0,0,0,0,0,0,0,0,0,0,0,0,0,0,0,0.0,0.0,0.0,0.0,0.9895668770776272,0.0,0.21960461195424932,24,35,1.0,0.03499090399754945,0.0,0.0,0.04545163584868677,0.016388551794027977,0.0,0.02329735796264992,udp,private,SF
1948,0,0,40589,0,0,0,0,0,1,0,0,0,8,0,0,0,0,0,0,64,13,0.00744016844174798,0.0,0.0,0.0,1.0,0.0,0.0,8,249,1.0,0.0,0.14989303011603833,0.03856222731361699,0.041021883141994675,0.001231831869758249,0.09491478712518868,0.02451102534677375,tcp,http,SF
1949,1344,0,111978,0,0,0,1,0,0,4,0,0,7,0,0,0,0,0,0,5,22,0.03209489278528488,0.0,0.0,0.02104939086994341,0.962852709444357,0.0,0.0,1,111,0.9698235594566007,0.0,0.0027809934643925954,0.014531050619700284,0.05316749158011355,0.036151193381628206,0.10846449399430808,0.11703378452199696,udp,private,SF
1950,38,0,0,0,0,0,0,0,0,0,0,0,0,1,0,0,0,0,0,25,2,0.0,0.0036953842306025994,0.8557219286845557,0.8843408946328258,0.920700834447961,0.0,0.0,87,161,0.9609754032354133,0.0,0.0,0.16301795651708822,0.0,0.005246228716051458,0.7307539548866844,0.7318819940351089,tcp,http,REJ
1951,175,781327,24567,0,0,0,2,0,1,4,0,0,12,0,0,0,0,0,0,4,31,0.0,0.0,0.11424026749112177,0.14074050232368526,1.0,0.07127720306293678,0.0,232,147,0.4688970471121418,0.0023527929033824516,0.12854590644025704,0.01460450866024871,0.047627364746007865,0.0,0.0,0.23516888867244745,tcp,smtp,SF
1952,0,0,0,0,0,0,0,0,0,3,0,0,0,1,0,0,0,0,0,0,0,0.0,0.023104361260118347,0.0,0.23638164933939612,0.838123908664784,0.013722279841739106,0.14886976752864675,187,8,0.888703513056537,0.0,0.17915109764959353,0.015087901346384507,0.012543378483810142,0.0,0.0,0.0,udp,private,SF
1953,0,0,14876,0,0,0,0,0,0,0,0,0,0,1,0,0,0,0,0,0,0,0.036179595583176856,0.0005816341771770665,0.9980252342648617,1.0,0.9886764241333922,0.049810802131491805,0.0,41,97,1.0,0.054018841261470045,0.006377491119296912,0.1952466738941301,0.0,0.004316897538071444,1.0,0.9150999944806089,tcp,http,REJ
1954,145,8497,0,0,0,0,0,0,0,4,0,0,0,1,0,0,0,0,0,51,78,0.020844329521078543,0.021084233143678337,0.7670235926766147,0.7879149370795799,0.9944406598828438,0.0,0.0079453807733217,45,169,0.9980801144297905,0.027129327542350805,0.03692060420984698,0.1324070576429475,0.02150187576722977,0.002338286533799245,0.791644226437589,0.9278235169256568,tcp,http,REJ
1955,0,0,4656,0,0,0,0,0,0,0,0,0,0,1,0,0,0,0,0,328,239,0.0,0.03608694532974604,0.0,0.0,0.9915659434016509,0.030213986405844984,0.0,255,236,1.0,0.0,0.0,0.0,0.020102333730959387,0.035243415534533154,0.009166155606257054,0.09460464788971863,udp,domain_u,SF
1956,610,0,0,0,0,0,1,0,1,1,0,0,5,1,0,0,0,0,0,17,26,0.0,0.0,0.0,0.0,0.8857901026035576,0.0,0.0,255,228,0.9301784981582649,0.009525931245546721,0.0285278824897252,0.015677425678850877,0.07095980689244395,0.024246033954313326,0.0,0.20609858711855697,tcp,http,SF
1957,0,325762,27537,0,0,0,0,0,1,0,0,0,2,0,0,0,0,0,0,16,31,0.0,0.038659324446154664,0.07993378915124164,0.04542143713140693,0.9127495921108895,0.0,0.0,243,255,0.6905601850150601,0.03783298772255788,0.0,0.0,0.06514483849811771,0.0,0.07671198239911715,0.15758011530428326,tcp,smtp,SF
1958,0,0,0,0,0,0,1,0,0,19,0,0,4,0,0,0,0,0,0,22,37,0.035926146603087614,0.0,0.7062384082411604,0.7698434345685791,1.0,0.025914213792865785,0.04727416296807116,83,242,0.930019206608821,0.0,0.0,0.1523323598564984,0.0,0.0,0.7880091551110973,0.9336811616987325,tcp,http,REJ
1959,0,0,45812,0,0,0,0,0,1,1,0,0,0,0,0,0,0,0,0,41,5,0.018214607284253975,0.023028260470936316,0.0,0.05250570422728459,1.0,0.0,0.0,25,135,1.0,0.044321896931519805,0.0,0.0,0.01569221044885111,0.0,0.0,0.0,tcp,http,SF
1960,110,428653,0,0,0,0,0,0,0,0,0,0,0,0,0,0,0,0,0,198,262,0.0,0.04548119653247706,0.041680824305284414,0.0,0.9592750205413292,0.06937578192118567,0.10921913748584026,132,4,0.3870485174353884,0.050359702658311,0.0,0.0,0.015198753611832568,0.04236395342201762,0.0,0.0,udp,domain_u,SF
1961,0,450884,0,0,0,0,0,0,1,0,0,0,0,0,0,0,0,0,0,8,1,0.007027619423862233,0.045786743499121894,0.09253193007784888,0.0,0.9314787273689717,0.010214803815221309,0.06970795479606488,214,189,0.6250884124571481,0.0,0.0,0.05703708052143061,0.011575738761563413,0.0,0.0,0.0,tcp,smtp,SF
1962,0,169428,56364,0,0,0,2,0,1,9,0,0,3,0,0,0,0,0,0,0,13,0.0,0.005746302561670017,0.044812401991248925,0.04381994461150583,0.8685925419849425,0.0,0.2626013927489199,141,255,1.0,0.020074380134364862,0.0,0.12131346668252613,0.0,0.005869546274115802,0.39388907127104283,0.4519116462895213,tcp,http,SF
1963,0,0,0,0,0,0,0,0,0,0,0,0,1,0,0,0,0,0,0,0,0,0.09964964496100272,0.007940795479139276,0.9926127434290446,0.9873405832855592,1.0,0.061906829550439774,0.014853807576576807,126,161,0.818240918394653,0.0,0.0,0.23393487145291827,0.08082510755827266,0.0,0.965064237469931,1.0,tcp,http,REJ
1964,0,0,66497,0,0,0,2,0,0,0,0,0,0,0,0,0,0,0,0,37,33,0.027924195146711718,0.03968320389285958,0.7921405947991547,0.6253713102540447,1.0,0.07738736656818626,0.14958648802688096,116,170,1.0,0.0,0.0,0.21936653241338244,0.0,0.0,0.7571478658657977,0.9804249335479975,tcp,http,REJ
1965,330,0,42721,0,0,0,0,0,0,2,0,0,0,0,0,0,0,0,0,27,31,0.038222471382671604,0.0,0.0941101996864955,0.0,0.7930519362579671,0.006433667845403937,0.0,83,10,0.690057383611813,0.03922113213041094,0.0,0.029453508668508314,0.07675794648381547,0.0,0.0,0.048109631549556026,udp,private,SF
1966,160,0,0,0,0,0,0,0,1,4,0,0,0,0,0,0,0,0,0,35,1,0.06693800751995696,0.0,0.0,0.0,0.8215364826249989,0.09813272000771946,0.23119264987986612,87,120,1.0,0.02784524306818972,0.13314907728993453,0.004497166055333661,0.0,0.0,0.0,0.07032363153837375,tcp,http,SF
1967,0,0,0,0,0,0,1,0,1,4,0,0,13,0,0,0,0,0,0,0,0,0.049407865575468786,0.0,0.0,0.11974041125243118,1.0,0.0,0.0013869856409597682,128,128,0.8813486180538661,0.039732556400056754,0.0399569796728344,0.0,0.0,0.01651375221956562,0.0,0.06581010744586217,tcp,smtp,SF
1968,0,0,4219,0,0,0,0,0,0,0,0,0,0,0,0,0,0,0,0,0,17,0.0015327509815176378,0.0,1.0,1.0,1.0,0.0,0.0,40,255,0.9395654078760322,0.0,0.699257024260131,0.04674616892182242,0.03521809339560211,0.0154222797748972,0.9013273943739241,0.8338114349409405,tcp,http,REJ
1969,535,0,54884,0,0,0,2,0,1,1,0,0,2,0,0,0,0,0,0,20,0,0.0,0.0,0.036640770952359784,0.0,0.9648561488713622,0.00032161467939734905,0.07301248890936057,255,233,1.0,0.010705279072933465,0.013147610728652236,0.01275968018268926,0.0,0.0,0.0,0.1576193283493097,tcp,http,SF
1970,0,0,18069,0,0,0,0,0,1,2,0,0,0,0,0,0,0,0,0,0,41,0.06263400693150856,0.0,0.04023554029315633,0.08123362928072406,0.9975740849928285,0.0,0.0,0,253,0.9444463514409575,0.0016387340801727443,0.0,0.027532758373514075,0.0,0.009099623947163024,0.011890273654894375,0.0,tcp,http,SF
1971,0,84028,7602,0,0,0,1,0,1,2,0,0,0,0,0,0,0,0,0,26,1,0.0012900963755447204,0.0038755701635290866,0.06087603335808092,0.03945634666091472,0.9817967159392083,0.0,0.0,244,127,0.6014148353174288,0.0,0.0,0.0,0.02464161989555342,0.02758604557435691,0.0,0.0,tcp,smtp,SF
1972,70,76888,0,0,0,0,0,0,0,3,0,0,2,0,0,0,0,0,0,0,30,0.0,0.0,0.0,0.0,1.0,0.0,0.07291533595141868,54,77,1.0,0.0,0.02465856273722337,0.0,0.0,0.01489111303804108,0.0,0.0,udp,private,SF
1973,1140,556718,0,0,0,0,1,0,0,7,0,0,0,0,0,0,0,0,0,265,239,0.09561403574869842,0.047577748349428226,0.0,0.08901996264743861,0.9336694201453318,0.0,0.09889827859192031,163,255,0.9120716247704387,0.04168645078304631,0.03080984918427263,0.034458416271602885,0.050889133483908874,0.0,0.08646739561460223,0.051707457709202403,udp,domain_u,SF
1974,0,0,45476,0,0,0,2,0,0,0,0,0,0,0,0,0,0,0,0,0,0,0.0,0.025494282180143157,1.0,0.8702809557340698,0.9990979631430009,0.008135039972856929,0.08064195800446201,26,255,0.5722855684710624,0.08925287348624689,0.425388921175439,0.0,0.06810628326385584,0.0013964872898893583,0.945965990971668,0.9055747883135739,tcp,http,REJ
1975,517,97218,2947,0,0,0,0,0,1,0,0,0,2,0,0,0,0,0,0,32,9,0.0,0.0,0.0,0.11608652448526043,0.9503488999370684,0.08801420044884992,0.0,65,245,0.9946902094491009,0.0,0.0,0.0870482370341375,0.07008313779696589,0.00442736341816947,0.0,0.0,tcp,http,SF
1976,0,102567,0,0,0,0,2,0,1,0,0,0,0,0,0,0,0,0,0,0,0,0.048266951470077986,0.0,0.0,0.0,0.9442125948610225,0.05980044258466789,0.03652494298720795,121,204,1.0,0.06311775470313163,0.0,0.09924972951459288,0.014994751502874725,0.04057597056221222,0.3930327401725475,0.5792956892277543,tcp,http,SF
1977,146,0,0,0,0,0,0,0,0,5,0,0,6,0,0,0,0,0,0,214,302,0.0,0.0,0.0,0.0,0.8625477114484904,0.02850355098781812,0.1297183128660641,201,255,1.0,0.0,0.0,0.0,0.0,0.0494141636729744,0.0,0.12540251626865448,udp,domain_u,SF
1978,1058,243621,0,0,0,0,1,0,0,0,0,0,0,0,0,0,0,0,0,32,0,0.02115359652781621,0.0,0.845266891282333,1.0,0.9870755769150172,0.09174737520834829,0.0,114,224,0.9704639691470229,0.09007238934045005,0.03375941175187781,0.1696458581611839,0.0,0.018730423363408504,0.8329488268790255,0.8543184403185902,tcp,http,REJ
1979,335,265950,0,0,0,0,1,0,1,0,0,0,0,0,0,0,0,0,0,15,34,0.08834943182486565,0.11206519639362149,0.0,0.0,1.0,0.001413656807754246,0.00018811606833138403,155,146,0.4710186753827027,0.004617543385977882,0.0,0.04222853433167658,0.013236305416046902,0.0015515541889425792,0.05087694934531282,0.26402648808746654,tcp,smtp,SF
1980,119,107267,0,0,0,0,0,0,0,6,0,0,3,0,0,0,0,0,0,30,15,0.0,0.0,0.0,0.0,0.9760284076745948,0.0,0.0,96,0,0.8004997678196148,0.003934915493347631,0.11135423627364205,0.0011199579223895777,0.005969000396239927,0.0,0.0,0.0,udp,private,SF
1981,0,0,52571,0,0,0,1,0,1,10,0,0,2,0,0,0,0,0,0,0,0,0.0,0.0,0.0,0.0,0.9739743647093291,0.0,0.09997898254925126,178,249,1.0,0.022850489594180772,0.0301795273281355,0.03181080455234478,0.0,0.0021092387888050077,0.006823881644555244,0.0,tcp,http,SF
1982,21,0,0,0,0,0,0,0,1,0,0,0,5,0,0,0,0,0,0,35,24,0.07212061441009975,0.0,0.0,0.0,1.0,0.0,0.0,59,236,0.9932253536577013,0.0,0.0160007923270973,0.07853049103435183,0.07296093091324908,0.0159652440502994,0.0,0.035540309410750086,tcp,http,SF
1983,0,0,26235,0,0,0,0,0,1,1,0,0,2,1,0,0,0,0,0,17,14,0.03315205746992906,0.01198050968269785,0.040952510652181785,0.07082298868063276,1.0,0.0,0.0,255,171,1.0,0.03325199548461236,0.0,0.005873619302628119,0.0,0.0,0.0,0.05113103003318851,tcp,http,SF
1984,2111,0,0,0,0,0,0,0,0,0,0,0,3,0,0,0,0,0,0,37,0,0.0,0.010218689592899293,0.06325649238432464,0.005869498669858753,1.0,0.044807444005934706,0.0,255,48,0.0,0.6720099945260902,1.0,0.0,0.0662048775632755,0.057163190484517665,0.1818441487794558,0.0,udp,other,SF
1985,0,0,19810,0,0,0,0,0,0,0,0,0,0,0,0,0,0,0,0,0,10,0.11616721675446211,0.0,0.9276365056468114,1.0,1.0,0.06871231940655573,0.08361857658235111,78,230,0.9530431207869197,0.0,0.6685299106629308,0.056721953510900466,0.004602768612895525,0.0,0.8984310346317741,0.8725223420444292,tcp,http,REJ
1986,133,0,0,0,0,0,0,0,1,2,0,0,0,0,0,0,0,0,0,0,29,0.0,0.039870313265762514,0.08846299247360925,0.037694602274208275,1.0,0.0,0.32305027022250704,98,255,0.8387706041033257,0.0,0.0,0.011548651769911461,0.0017456796149438367,0.03762850237645188,0.2967041635616625,0.5202637172412126,tcp,http,SF
1987,0,143988,0,0,0,0,0,0,0,0,0,0,0,0,0,0,0,0,0,0,0,0.01929530597274818,0.016446874698568332,0.9776886875996954,0.8304378727307371,0.9148021001279962,0.0,0.0,29,255,1.0,0.012316508100301465,0.419976929267887,0.07494571150491675,0.02386243179533509,0.0,1.0,0.7824410854911764,tcp,http,REJ
1988,0,392744,6635,0,0,0,0,0,1,0,0,0,0,0,0,0,0,0,0,3,11,0.08018856683523899,0.04173821674651938,0.1783212239413566,0.05572920654609271,0.9616305297377663,0.0,0.0,185,88,0.21931618886178317,0.08873580084733888,0.059322955004496934,0.0,0.02326438008627015,0.0,0.09705670013769627,0.0,tcp,smtp,SF
1989,0,0,0,0,0,0,0,0,0,0,0,0,13,0,0,0,0,0,0,15,0,0.04768777375962659,0.053544421466168834,0.0,0.02369679169341006,1.0,0.0,0.030887128020380104,0,129,1.0,0.05136556250198797,0.0,0.0,0.0,0.0,0.028354966827361015,0.013527313635609427,udp,private,SF
1990,2901,92916,0,0,0,0,0,0,0,0,0,0,0,0,0,0,0,0,0,0,0,0.06425956382493732,0.0,0.0,0.0,1.0,0.0,0.0,226,76,0.06490460678831451,0.7477070061760865,0.837461631416958,0.0219809835324074,0.026010789036577598,0.006642893220113541,0.0,0.0,udp,other,SF
1991,366,0,32295,0,0,0,0,0,0,0,0,0,9,0,0,0,0,0,0,0,18,0.0,0.03050464528981172,0.0847863779081124,0.21017650284640182,0.9227761805256164,0.13045680662485495,0.11290497353383402,88,40,1.0,0.0,0.0,0.0,0.03167052730277122,0.0,0.0,0.0,udp,private,SF
1992,156,0,9238,0,0,0,3,0,1,5,0,0,0,0,0,0,0,0,0,31,0,0.05971158768537502,0.0,0.04328818930303674,0.061657383936417454,1.0,0.10842624664010532,0.0,224,206,0.6221675264849325,0.04689798040795325,0.04940498208268036,0.08375950656342722,0.07615218686517644,0.04025542302856551,0.25981349259935055,0.5445493737414314,tcp,http,SF
1993,648,0,0,0,0,0,0,0,1,0,0,0,9,0,0,0,0,0,0,11,0,0.008245253979975822,0.011096934969006354,0.12221615236716658,0.09544602189744775,0.9416245668117323,0.06847809631752118,0.11957337800026356,133,155,0.6740426419903237,0.04797873558505541,0.0,0.03860541761044227,0.003285183188946895,0.0029622246004911146,0.032916048942903654,0.0,tcp,http,SF
1994,2698,197146,0,0,0,0,0,0,0,0,0,0,0,0,0,0,0,0,0,0,0,0.0,0.0,0.03149262489573361,0.09897776085728822,0.9892023967469462,0.0,0.0,237,20,0.028861333575803075,0.5748809214871047,0.997612305026083,0.0,0.0,0.0,0.12425022930350188,0.08259179884747052,udp,other,SF
1995,263,0,0,0,0,0,0,0,1,2,0,0,0,0,0,0,0,0,0,66,2,0.010790518862310658,0.0,0.2379928836219344,0.0,0.9881010124323011,0.0,0.07359411107467163,54,210,0.8512573237586614,0.07086563345303287,0.0,0.05953290988779507,0.0,0.0,0.011477861530535644,0.0,tcp,http,SF
1996,204,331334,8572,0,0,0,2,0,1,0,0,0,11,0,0,0,0,0,0,0,0,0.00924942286867646,0.0,0.0,0.0641949404991309,1.0,0.0,0.0,187,255,0.8964162345234223,0.021099714789380754,0.08853301505791387,0.1411449166228409,0.10907244246178271,0.0,0.23426261877122317,0.5810721353806974,tcp,http,SF
1997,0,0,56580,0,0,0,0,0,1,6,0,0,5,0,0,0,0,0,0,38,0,0.09082300991701688,0.04584868988677786,0.1064151496421414,0.032030003390072205,1.0,0.11212505652304865,0.2616754954960005,255,229,0.9315935812630866,0.0,0.18340592321564939,0.013362543175843768,0.0,0.021037891136611173,0.0,0.0,tcp,http,SF
1998,0,0,7229,0,0,0,0,0,0,0,0,0,0,0,0,0,0,0,0,29,0,0.01853789240007162,0.0,0.0,0.0,1.0,0.0,0.0,58,30,0.8203345322758768,0.010749045256237794,0.0,0.045546629501643114,0.0,0.02629995003840235,0.05083574462300859,0.0696971682542718,udp,private,SF
1999,1487,0,0,0,0,0,0,0,1,0,0,0,0,0,0,0,0,0,0,8,36,0.0,0.033392947488748534,0.05001661026861764,0.0,0.9683529817087652,0.0,0.0,42,229,0.8025650246981935,0.0,0.08654536495194501,0.09679420262219128,0.001196057262544004,0.0,0.03288917288121498,0.0,tcp,http,SF
