id,dur,spkts,dpkts,sbytes,dbytes,rate,sttl,dttl,sload,dload,sloss,dloss,sinpkt,dinpkt,sjit,djit,swin,stcpb,dtcpb,dwin,tcprtt,synack,ackdat,smean,dmean,trans_depth,response_body_len,ct_srv_src,ct_state_ttl,ct_dst_ltm,ct_src_dport_ltm,ct_dst_sport_ltm,ct_dst_src_ltm,is_ftp_login,ct_ftp_cmd,ct_flw_http_mthd,ct_src_ltm,ct_srv_dst,is_sm_ips_ports,proto,service,state
0,0.0,30,1,3621,19578,0.0,47,38,41802782.534530036,1683003.9699067045,5,2,1368.7699738699323,0.0,14288.623942613707,0.0,183,1552528240,0,253,0.0,0.0,0.0,44,163,0,0,8,0,3,1,1,1,0,0,0,5,3,0,tcp,-,FIN
1,0.0,1,0,7065,0,0.0,92,74,0.0,914777.2684075056,2,27,1832.9612694637508,0.0,25667.813902307567,0.0,255,1720417646,3378341786,253,0.039531704969746825,0.0,0.0,230,49,1,0,2,0,3,1,1,5,0,0,1,1,7,0,tcp,http,FIN
2,0.0,105,108,6698,138474,41855.78189467805,91,0,0.0,6861164.753103279,2,89,1835.3859865723618,0.0,0.0,0.0,236,1278948101,3911629115,255,0.01983911865397829,0.018510782500224688,0.0,28,876,0,0,11,0,2,1,1,2,0,0,0,2,6,0,tcp,-,FIN
3,2.7671997598670615,40,25,18333,41822,0.0,232,238,0.0,0.0,0,8,949.781458190613,0.0,0.0,0.0,251,3292457645,114318742,222,0.11900081032452806,0.1217862496925203,0.013242571769542688,271,38,0,0,11,0,2,1,1,2,0,0,0,1,4,0,tcp,-,FIN
4,0.8755912899020961,1,0,10137,0,9325.792496844459,255,254,0.0,0.0,3,1,3701.1384829935387,309.7283871546796,0.0,0.0,255,2389481963,3254954787,231,0.05367165439852008,0.11762562064514678,0.08636959815399384,40,0,0,0,1,1,1,1,1,4,0,0,0,8,6,0,tcp,-,FIN
5,1.2953586523078884,1,81,46,41286,0.0,0,32,90111015.1274938,0.0,3,12,0.0,0.0,0.0,2366.7088399683335,184,1306599335,1835926106,235,0.020744710786167058,0.0,0.006684542886645361,92,3,0,0,10,0,3,1,1,1,0,0,0,2,2,0,tcp,-,FIN
6,1.8622201711024586,10,0,46,0,0.0,67,254,146263034.59884492,1541835.2276017026,0,0,184.50044422215856,0.0,36888.1661077802,5776.593601322991,255,908911608,1061793601,237,0.26994714167459216,0.2917792381062504,0.06194699492600349,175,178,0,15279,3,3,4,2,1,5,0,0,0,1,2,0,tcp,-,CON
7,0.0,5,0,6451,0,18876.5378285728,215,173,51321565.74086634,0.0,8,22,0.0,0.0,0.0,2957.8205358752634,232,4111934074,449636228,238,0.20317241091178917,0.0869229637977696,0.0674119195839916,190,138,0,0,11,1,2,1,1,6,0,0,0,1,9,0,tcp,-,FIN
8,0.0,14,73,46,0,0.0,245,167,0.0,0.0,1,14,6376.1697758729915,746.52770122085,22518.83579997313,66.01457458172106,255,2879260654,0,130,0.12232121466969706,0.09884572529972303,0.0793560148847868,110,350,0,0,5,2,1,1,1,4,0,0,0,1,2,0,tcp,-,FIN
9,0.0,37,94,11447,77905,0.0,0,68,2807661.583501408,16185741.676305275,12,14,1974.328689362027,931.0326200173166,33212.11834265331,4380.06520753845,224,2748948493,0,255,0.0,0.0,0.05650644709606871,138,865,0,0,12,0,1,2,1,4,0,0,0,3,8,0,tcp,-,FIN
10,2.1704598335776586,34,0,2963,0,57198.330783919315,255,254,23342115.49330126,640584.0295510485,2,22,2668.163882776082,542.5097677783052,0.0,2893.152491757665,170,2009345079,3968128314,226,0.18761704394276843,0.06555025808828872,0.08446495730853182,215,0,0,0,4,1,1,2,1,2,0,0,0,5,6,0,tcp,-,FIN
11,1.2194924110068281,37,109,3263,49422,33100.283029067694,0,19,87867890.31673285,0.0,5,4,1153.9440377368242,0.0,1789.1329921657023,2181.627199800111,232,2477108519,0,151,0.0,0.024948633378232804,0.0,264,0,0,0,7,0,10,6,1,11,0,0,0,9,7,0,tcp,-,FIN
12,0.9850475135053383,18,44,5670,52319,15823.521503049971,255,254,0.0,3153157.843005615,4,0,0.0,0.0,3684.898515052493,0.0,255,4294813520,1438964254,235,0.07668601672397737,0.10294302765241353,0.17847124235020828,28,63,0,0,1,2,1,2,1,4,0,0,0,4,4,0,tcp,-,FIN
13,2.028619534982019,37,1,12558,3272,0.0,2,254,32877939.16567212,0.0,0,9,6924.972731460104,0.0,51950.99055460521,0.0,255,3164746333,3855031704,234,0.07434132087351117,0.05862842365759524,0.029711524779849348,90,129,0,41164,10,3,6,4,1,8,0,0,0,5,14,0,tcp,-,CON
14,0.29122820275292116,15,83,1294,0,11172.181869130527,0,0,0.0,545281.9637545585,0,6,3139.089214554627,0.0,28759.0024313646,1777.816092642517,2,0,326490396,71,0.014305714673033787,0.0031182895147834288,0.01135620615329638,28,51,0,17419,7,0,7,1,1,1,0,0,0,2,2,0,udp,dns,CON
15,0.16631118718535975,1,18,297,0,0.0,255,217,19455834.941432294,0.0,4,26,0.0,449.0642564966876,0.0,6239.827470939576,255,2858172463,2050229442,225,0.2758295038176527,0.03447042733873471,0.09026736376349388,48,0,0,0,6,2,1,2,1,3,0,0,0,2,5,0,tcp,-,FIN
16,0.0,20,7,10959,70810,0.0,91,254,0.0,0.0,3,22,0.0,403.56198845768046,0.0,4367.281274558837,244,440643162,379509126,255,0.12107761189166691,0.07942568786061284,0.053013132543576376,78,40,1,5121,5,1,2,2,1,5,0,0,1,4,2,0,tcp,http,FIN
17,2.670990646577599,1,0,7485,0,0.0,119,254,3491976.79414878,449016.1524587107,0,0,600.9373687369877,0.0,0.0,1798.3198510414165,255,4294813520,1078366683,255,0.07806802474603597,0.07656419636154602,0.07346633293347024,63,46,0,0,8,3,3,6,1,9,0,0,0,5,13,0,tcp,-,CON
18,0.0,30,32,46,72269,0.0,139,194,0.0,0.0,2,0,0.0,500.0982173498583,0.0,604.0636541734467,229,4282244000,2515674654,220,0.08060311057018982,0.03990684642714336,0.07567736871458292,28,159,0,0,11,3,6,5,1,15,0,0,0,3,10,0,tcp,-,CON
19,0.0,15,42,1575,0,0.0,0,19,33942525.18347806,750007.4319893771,0,4,0.0,292.01219513562825,0.0,2271.5162051079533,255,26057960,2060446336,252,0.024854950995650403,0.0,0.04034791988494557,101,0,0,21664,19,0,4,4,1,5,0,0,0,9,15,0,tcp,-,FIN
20,0.0,43,51,4270,25869,16852.15383643917,105,17,52656060.446548685,17722309.1408246,8,27,0.0,0.0,0.0,1658.3761743100745,255,2009241539,4046115877,255,0.0,0.006230099408015674,0.0,28,688,0,17894,11,0,3,2,1,2,0,0,0,4,11,0,tcp,-,FIN
21,3.7590115395336587,103,86,10246,0,6442.751304262143,0,50,0.0,1611178.4204750527,30,44,0.0,0.0,1249.587313182315,4818.526161645349,225,3507951464,1229771495,255,0.0,0.046506196025681054,0.011782313775977195,54,155,0,0,7,0,1,1,1,1,0,0,0,2,4,0,tcp,-,FIN
22,2.139605600345802,118,93,46,69933,10587.944704575184,68,29,0.0,4293406.363028655,10,43,5107.4408224880635,48.44503818496941,0.0,0.0,174,2339754249,4294881924,255,0.0122595743240734,0.05623123548115813,0.017864380599560414,28,858,0,4759,4,0,2,1,1,1,0,0,0,4,3,0,tcp,-,FIN
23,0.0,80,82,46,121490,30206.052623403735,7,2,46398689.20817626,1771010.908429847,11,34,0.0,137.90526616171786,26305.090708610987,353.53081227727955,255,2265409680,3617302489,232,0.052978276893726625,0.0,0.06873074290449017,137,837,0,7080,8,0,2,1,1,1,0,0,0,1,1,0,tcp,-,FIN
24,1.3100936675835926,1,0,46,0,19403.36471425801,16,254,125274232.19984642,0.0,4,25,0.0,0.0,0.0,2260.815244208707,215,0,818745696,255,0.3514508968950886,0.2628001677622841,0.08222986479680708,272,0,0,0,5,2,2,4,1,9,0,0,0,4,5,0,tcp,-,CON
25,2.582889570232911,1,0,46,33899,56314.00194304763,92,225,154611393.2511803,0.0,5,0,205.92423797260386,44.01176662169424,0.0,4106.248730827605,255,4106680013,1386098022,253,0.15011305177010814,0.0952388369241563,0.02889866824157724,273,65,0,44082,14,3,8,4,1,10,0,0,0,6,13,0,tcp,-,CON
26,0.6960881152456888,23,39,46,6860,49040.833653852955,77,14,33727001.32273956,4313739.232435618,1,61,1797.9437494840436,139.72655364768806,0.0,5567.5934008622235,255,0,3549467610,153,0.07146413375604506,0.04919473856460402,0.040184201559091325,97,258,1,41884,4,0,2,2,1,6,0,0,1,1,6,0,tcp,http,FIN
27,0.25891733731099076,26,0,5803,0,4009.2104647814494,76,0,23006045.07704277,0.0,15,22,2005.0023037601713,649.1740467051791,0.0,0.0,255,1988183584,819201783,235,0.0,0.01715899044625004,0.0,28,278,0,0,9,0,11,6,1,13,0,0,0,8,15,0,tcp,-,FIN
28,0.0,23,28,445,68125,6022.082816765118,42,0,0.0,0.0,0,0,2756.500076103991,0.0,43028.42672332161,5879.053879164161,255,1261208299,1749024031,189,0.0,0.0,0.0,49,389,1,0,6,0,1,2,1,6,0,0,1,5,2,0,tcp,http,FIN
29,2.856124156349588,18,0,2317,0,8528.43886243081,68,254,105697813.28736882,0.0,0,5,1559.5030809684004,0.0,23547.995334481417,0.0,226,572626037,387923220,255,0.29458831066392094,0.2575798877446203,0.10632431697408716,195,14,0,0,2,3,3,3,1,3,0,0,0,5,6,0,tcp,-,CON
30,0.0,81,91,46,27821,0.0,57,45,0.0,0.0,10,24,0.0,198.99452383696277,30028.597723171006,0.0,255,2447941127,2145012959,204,0.018197877045239702,0.0,0.003987824094154216,28,0,0,0,14,0,1,1,1,5,0,0,1,6,5,0,tcp,-,FIN
31,0.0,1,0,46,109979,37763.38328329378,46,59,96350033.1934983,1083480.1807604826,3,0,3265.9178822066287,0.0,21864.27428193813,4779.436899865068,1,0,960308199,27,0.23013238543049683,0.0,0.0,207,98,0,0,1,0,4,1,1,6,0,0,0,1,6,0,udp,dns,CON
32,0.0,8,58,5864,101957,22406.416556854936,58,57,2215655.528810047,3696212.881914598,8,0,0.0,0.0,0.0,1035.1254112698527,255,326667763,165563460,255,0.0,0.0,0.049251636688203655,53,273,0,10653,10,0,1,1,1,2,0,0,0,4,2,0,tcp,-,FIN
33,0.0,1,0,6034,26433,28099.181451632125,255,105,545480489.0738099,13895.515659393523,3,0,2664.2501129047564,0.0,0.0,3417.9079858100076,110,543354940,0,0,0.010596657731212636,0.0,0.0,1070,245,0,41227,9,3,1,2,1,1,0,0,0,3,1,0,udp,-,INT
34,0.9961890736890805,77,68,46,29579,63039.13170582365,72,0,28090680.25072104,12275723.148257269,0,37,0.0,373.4560630751686,0.0,0.0,240,2222788636,1681864896,227,0.10355484955478182,0.0,0.0,28,528,0,32581,11,0,1,2,1,1,0,0,0,1,7,0,tcp,-,FIN
35,2.3738848494414433,97,106,5012,14359,0.0,0,0,0.0,7052765.828694061,13,0,3361.821777456494,0.0,35653.80631923402,1358.8422355594255,255,4054986146,3807358537,255,0.03345189492972354,0.0,0.014605642770211789,28,675,0,16587,6,1,2,1,1,2,0,0,0,5,4,0,tcp,-,FIN
36,0.680691739170885,1,0,16807,0,86201.50133834794,248,0,704997932.2204942,0.0,0,0,0.0,754.7539071325538,19080.389256954208,0.0,0,0,201354688,64,0.0,0.0,0.0,825,23,0,0,1,3,1,2,1,2,0,0,0,2,1,0,udp,-,INT
37,3.458684493211921,1,53,46,37038,0.0,0,0,0.0,6196628.090444574,5,13,0.0,0.0,9047.060318063288,0.0,48,0,800617496,0,0.10167691278939366,0.0,0.00469499617781887,169,0,0,0,1,0,3,1,1,1,0,0,0,2,6,0,udp,dns,CON
38,0.024266002661621267,1,0,46,0,0.0,255,203,0.0,3495661.7628652453,0,0,0.0,0.0,0.0,0.0,225,3549818622,647528980,194,0.1819520833811819,0.07645840379628575,0.09861312977293313,50,83,0,22367,4,1,1,1,1,2,0,0,0,1,6,0,tcp,-,FIN
39,0.0,26,25,46,52186,95090.72743071482,112,34,119958.56284611626,3935362.1652476015,3,0,524.3989805783723,0.0,0.0,0.0,255,722515066,2148638023,255,0.0,0.0,0.0,190,179,1,34120,2,0,3,1,1,3,0,0,1,5,1,0,tcp,http,FIN
40,0.0,104,133,5481,224535,0.0,8,92,0.0,5356480.551157366,5,24,5905.473357444686,0.0,0.0,3109.6044203087913,165,2212938681,3793932599,254,0.0,0.0,0.0,64,729,0,11639,11,0,3,1,1,4,0,0,0,2,10,0,tcp,-,FIN
41,0.0,37,58,905,116,0.0,37,106,32480209.676000223,0.0,8,0,0.0,1003.0050833648986,15309.929076611243,652.7057200517055,255,2249696362,2026219469,255,0.0,0.0,0.007684144083251354,135,201,0,0,15,0,3,2,1,3,0,0,0,7,2,0,tcp,-,FIN
42,0.0,1,100,775,0,788.584652286028,99,254,0.0,0.0,3,13,0.0,0.0,4191.954620020141,3096.9866733490467,220,4016986627,2745816936,214,0.10156405128550278,0.002072263547215694,0.06115513184469283,130,0,0,28424,12,3,5,4,1,11,0,0,0,6,10,0,tcp,-,CON
43,0.0,16,0,46,0,0.0,152,254,127644832.61009744,0.0,3,0,2035.5801456317106,967.2125535375728,18423.350600177506,0.0,255,2257788598,4015540384,255,0.11994639641482646,0.05405636239772709,0.08917022464334351,32,260,0,15840,3,1,1,1,1,2,0,0,0,4,5,0,tcp,-,FIN
44,1.417348997940507,87,16,46,132542,12102.469842544924,5,11,69415304.42088404,8507220.737476163,3,23,0.0,0.0,9607.200668103616,3385.969470326404,254,1383242540,3925036580,255,0.043389721402187116,0.008884446665084414,0.008018320176584206,49,961,0,23908,8,0,1,1,1,1,0,0,0,1,4,0,tcp,-,FIN
45,0.0,22,0,537,0,0.0,49,0,78856083.27049415,302867.0972685533,4,12,0.0,270.13326966382016,18825.774623917616,2810.4649363907442,226,3626835997,1308735674,255,0.07552289024861723,0.027085582422399862,0.0,137,0,0,0,7,0,9,6,1,8,0,0,0,9,12,0,tcp,-,FIN
46,0.0,90,102,2816,116933,21137.1650415115,0,82,150238389.84016514,6265654.848280612,6,21,0.0,0.0,11791.253398926741,0.0,234,4294813520,3817683056,255,0.07777003636182628,0.0,0.02057470224776777,103,652,0,7217,1,0,2,2,1,1,0,0,0,8,1,0,tcp,-,FIN
47,0.0,22,43,46,0,0.0,0,0,60046586.662668005,708404.8196731481,6,0,5081.454745167103,1796.1501186449902,25094.443999493607,720.0468425375376,209,0,2742696065,255,0.0953795383322925,0.0,0.007944723651812244,381,152,0,37299,19,0,4,6,1,7,0,0,0,10,11,0,tcp,-,FIN
48,1.5747554419459824,79,67,2425,106362,0.0,85,0,0.0,15066521.624527127,11,0,195.78183187797566,0.0,16829.028211488323,1170.4489163193891,255,1081163953,1035820766,198,0.0,0.04420770124561119,0.08760990461127945,231,1019,0,11086,9,0,4,1,1,1,0,0,0,2,5,0,tcp,-,FIN
49,3.2651859927963356,4,0,2448,0,52828.78719319854,255,26,535300063.27838355,0.0,1,9,1933.4227813231983,0.0,0.0,3256.7339302625774,0,0,1276532826,0,0.0,0.0,0.02981811116161863,838,0,0,19931,1,3,4,2,1,1,0,0,0,1,4,0,udp,-,INT
50,0.3851721830767564,18,45,6508,0,0.0,255,247,19383625.766157243,765767.7184659165,0,3,0.0,292.0013404722973,13777.290100550777,199.18303500471532,241,2702381872,3464174339,193,0.0,0.05640733746460837,0.049954609058968355,38,0,0,765,1,1,1,2,1,4,0,0,0,3,1,0,tcp,-,FIN
51,1.9065050236543277,77,0,2948,22844,0.0,74,19,140226707.59740692,9136055.532265514,7,12,0.0,0.0,7051.285043309057,1182.9102706824046,255,2442241107,130259007,255,0.04657915725078345,0.0,0.0,28,690,0,2230,11,0,2,1,1,1,0,0,0,1,4,0,tcp,-,FIN
52,0.0,1,69,3737,0,0.0,255,193,71968429.38378483,2858294.7760303714,15,0,1768.620767872342,238.85098452278487,0.0,0.0,255,4133560019,2514023250,255,0.15923022937738782,0.05139200078665719,0.07654034657751728,196,299,0,29479,4,1,2,2,1,3,0,0,0,1,3,0,tcp,-,FIN
53,2.4513741981059516,1,148,46,135080,0.0,58,28,0.0,0.0,7,0,652.9603173464938,0.0,0.0,0.0,0,0,1045662927,9,0.08856203237030484,0.0,0.0,41,0,0,0,2,0,7,1,1,3,0,0,0,4,3,0,udp,dns,CON
54,0.0,35,69,6801,25832,0.0,15,79,6153022.001772633,13092320.417953363,0,29,2660.5923418820644,0.0,22890.670096622413,0.0,242,2058432059,2897337278,238,0.028134943891614268,0.013731343391332546,0.01951070473398689,109,848,0,0,13,0,4,1,1,2,0,0,0,4,8,0,tcp,-,FIN
55,1.3580147303821555,42,92,6138,93742,70022.05898548973,37,30,0.0,10348442.320918478,7,26,0.0,0.0,12312.462188040041,1623.4294099899066,255,3016408246,0,211,0.0,0.0,0.0,28,748,0,0,9,0,3,2,1,2,0,0,0,2,6,0,tcp,-,FIN
56,0.0,1,0,7853,0,77305.48549376405,223,0,765682192.6303426,3490681.405146956,4,39,0.0,309.0907809098387,21138.290018642485,0.0,0,55291659,937094829,20,0.0,0.0,0.0,865,0,0,493,1,2,5,1,1,1,0,0,0,5,3,0,udp,-,INT
57,0.0,47,0,5778,0,26901.395450067223,124,189,0.0,0.0,1,18,0.0,0.0,2750.0532825207347,481.780107830914,190,4294813520,854986081,186,0.15495094569503953,0.12073971225370655,0.07984218652715602,376,0,0,0,12,3,6,6,1,13,0,0,0,7,11,0,tcp,-,CON
58,0.0,1,0,5010,0,11743.243669027725,255,211,115783165.27524634,4320822.272255049,3,0,0.0,0.0,28911.099200401848,0.0,235,2591423477,391316101,192,0.09692266343850489,0.07274136208306119,0.08553299496741022,71,93,0,15366,7,1,3,4,1,6,0,0,0,1,3,0,tcp,-,FIN
59,0.3581958272486639,75,0,2297,107042,0.0,99,49,11016293.853147589,18502526.979058895,6,36,0.0,0.0,17590.522273001563,194.36872393930986,216,1001805234,3092764668,255,0.08973614328579153,0.03525614963960827,0.011615240550717183,28,533,0,0,13,0,3,2,1,1,0,0,0,1,8,0,tcp,-,FIN
60,0.0,14,0,5259,14724,0.0,11,46,21735256.834897418,16486005.925448209,9,25,0.0,1230.3151367376472,0.0,2593.3934596792824,168,2564106491,389605079,239,0.0,0.0,0.0,85,972,0,17943,8,0,5,1,1,2,0,0,0,4,11,0,tcp,-,FIN
61,0.6523858367897176,57,156,11069,0,30227.107426781153,0,0,0.0,4642013.177151205,2,28,3378.503639623489,990.019124670545,0.0,677.4225487383965,255,4265036046,3102051930,238,0.0,0.0,0.002378096884584755,28,1017,0,0,6,0,1,2,1,1,0,0,0,4,8,0,tcp,-,FIN
62,0.0,126,140,3436,25634,25917.046126607886,94,0,0.0,475708.67355012917,35,63,0.0,0.0,0.0,0.0,255,2049929443,1285705218,246,0.0,0.035704051005401236,0.03773492449759582,35,0,0,18024,9,0,1,1,1,1,0,0,0,1,7,0,tcp,-,FIN
63,1.239047123508328,100,105,641,113722,33873.39054288788,58,50,0.0,6548193.88482161,7,15,0.0,3.81950493866138,0.0,1378.9425158246142,255,1570018384,4142168379,255,0.1211802608933938,0.0,0.026814583857388486,28,1033,0,28100,3,0,3,2,1,1,0,0,0,2,6,0,tcp,-,FIN
64,0.0,30,0,1753,111672,0.0,255,207,113992921.06282097,757056.6252303787,0,2,0.0,0.0,63530.41762948084,4755.617796525307,217,2823771795,3091858808,255,0.11046693977323828,0.05646668449464933,0.10713883601913413,28,0,0,9218,3,0,1,1,1,1,0,0,0,4,1,0,tcp,-,FIN
65,0.9445102746659467,88,59,6715,81462,24295.219508474886,0,64,0.0,6642176.685083419,11,55,0.0,0.0,37947.978290486084,367.326662527445,255,4176033555,4294881924,213,0.017849633220071836,0.0,0.010167494509565339,28,853,0,631,3,1,1,3,1,1,0,0,0,6,1,0,tcp,-,FIN
66,2.160986097348253,1,55,46,43938,0.0,255,214,12852918.487058772,684768.8066926692,0,8,2039.8455018115565,0.0,28914.49272981647,0.0,255,3383746593,3738465126,215,0.07631880980270286,0.0,0.012648660454314946,167,283,0,18185,3,2,2,1,1,2,0,0,0,3,3,0,tcp,-,FIN
67,0.43823315068217356,109,124,7314,63867,38625.35854219774,0,0,0.0,1022762.4434391411,28,23,0.0,0.0,10622.745779059373,0.0,241,3815142847,1929807657,244,0.0,0.0,0.0,111,15,0,26724,11,0,1,2,1,3,0,0,0,1,1,0,tcp,-,FIN
68,0.4840032729995102,34,33,46,0,37158.91112349663,255,254,0.0,0.0,0,0,0.0,0.0,0.0,0.0,255,2636390533,1485425032,255,0.16233268038401216,0.05254285401620265,0.029808378903954116,118,190,0,10991,3,1,1,1,1,1,0,0,0,3,4,0,tcp,-,FIN
69,2.959648164381659,1,0,46,0,38841.82552741972,255,118,720954520.9304085,0.0,9,0,164.04205227624882,1024.0633437378751,0.0,0.0,0,481078249,0,0,0.025651269938737842,0.0,0.026768228320216695,1016,71,0,12562,9,3,1,2,1,1,0,0,0,1,1,0,udp,-,INT
70,0.0,49,69,3387,6381,11500.474739255977,111,67,0.0,5165986.825589319,4,85,4368.17565313568,792.9892013994959,0.0,0.0,255,1612100663,4279704248,248,0.034727628072147756,0.0,0.0006026021039568023,142,899,0,34827,7,0,4,1,1,2,0,0,0,3,1,0,tcp,-,FIN
71,0.0,1,0,46,0,0.0,255,254,19691096.659155045,1697688.6076149237,0,8,0.0,486.73206896637356,0.0,0.0,255,2784368832,3837742042,255,0.2039452381428106,0.02197081935476023,0.11358101210453958,28,102,0,15998,2,0,1,1,1,6,0,0,0,1,3,0,tcp,-,FIN
72,1.2774036029761051,1,0,46,54103,34271.99138218181,0,47,162264018.3287488,1098466.9908051258,0,0,1022.6731729203306,557.3176863532987,16214.720280264772,1053.427464814563,67,566484435,0,0,0.041001771969479246,0.0,0.030243672852589394,28,120,0,0,1,1,2,2,1,5,0,0,0,5,8,0,udp,dns,CON
73,1.003337915868994,98,73,14372,99551,0.0,41,0,0.0,3109318.6804110394,9,44,0.0,645.168214667247,3553.0107992231233,3928.389812955304,255,1723332306,4054717876,211,0.03291131655469658,0.0,0.0,99,748,0,26623,6,0,2,1,1,1,0,0,0,6,3,0,tcp,-,FIN
74,0.15985751113503827,14,9,46,5659,12246.896650932968,255,196,78706714.52135335,0.0,5,0,1992.263881540519,483.5353601433671,22711.14277463726,101.10311259265302,255,2937760879,1642515209,255,0.10523017657700265,0.08858767298992866,0.12775300384449706,28,0,0,0,3,1,1,1,1,8,0,0,0,1,3,0,tcp,-,FIN
75,0.0,29,0,46,0,28014.517429282987,19,126,40079410.02884085,0.0,11,0,0.0,1148.9352416499742,10701.985456532639,1086.9934936921516,255,1016705663,622772781,228,0.0987263511351821,0.03593662450912198,0.08441972928422922,82,0,1,917,1,1,3,1,1,3,0,0,1,1,3,0,tcp,http,FIN
76,2.1390721911265405,10,22,46,143697,2774.5285568214254,28,116,0.0,0.0,12,0,0.0,0.0,0.0,1949.4334907544649,231,1606624898,1236556684,255,0.0,0.004466520307567731,0.0024982374542022135,70,137,0,2246,11,0,3,2,1,3,0,0,0,2,6,0,tcp,-,FIN
77,0.0,6,5,46,0,35551.56320366297,101,106,0.0,2274464.4844332747,1,0,4230.634387623008,0.0,0.0,229.201751952246,0,879140087,0,0,0.0,0.007067398333226681,0.012671327790439247,192,291,0,20364,1,2,4,2,1,1,0,0,0,1,1,0,udp,dns,CON
78,5.33163480811986,27,0,46,140377,11132.355741435138,92,254,90098887.50600128,4717717.4521081885,0,0,3042.7020721494414,0.0,13999.37197114301,0.0,182,1991115545,205814626,243,0.1373245150573668,0.03660172875878369,0.09766670462951438,216,246,1,36976,5,1,1,2,1,3,0,0,1,1,3,0,tcp,http,FIN
79,0.0,1,0,46,0,59415.52129943333,184,254,0.0,0.0,8,0,0.0,0.0,8081.023336460834,6008.567542608104,246,4294813520,1006885029,194,0.15335718189558611,0.10134972119654082,0.07545906820416509,100,0,0,513,7,3,6,4,1,14,0,0,0,3,12,0,tcp,-,CON
80,0.0,23,27,7974,0,0.0,218,174,0.0,2458829.0202687797,1,25,0.0,0.0,0.0,0.0,249,2209568958,2093250007,200,0.16122322828262983,0.04346620039246116,0.04597560283919773,28,2,0,36389,3,2,1,2,1,1,0,0,0,2,1,0,tcp,-,FIN
81,1.5314869220562553,1,32,9076,0,0.0,205,241,0.0,747874.2218843772,1,0,0.0,1299.5869205827173,0.0,1246.3262900729007,255,4046016706,879102359,255,0.243407010874644,0.07635318865219817,0.02603357538471899,163,93,0,3459,1,2,5,1,1,1,0,0,0,3,7,0,tcp,-,FIN
82,1.4682148665209962,1,0,1521,24642,0.0,122,254,0.0,0.0,0,14,0.0,676.2225267251489,0.0,0.0,255,1173907403,966836553,255,0.21995480615451607,0.26878741978878484,0.05995878137042489,75,159,0,29472,5,4,1,1,1,4,0,0,0,3,1,0,tcp,-,CON
83,0.0,6,26,46,0,0.0,0,36,0.0,721680.4355055733,0,27,0.0,924.556799268549,0.0,313.8698770002605,218,546516880,2682014135,255,0.0,0.005268260069329013,0.0,180,0,0,4171,16,0,5,4,1,4,0,0,0,7,13,0,tcp,-,FIN
84,3.9058776056821944,1,58,7426,0,0.0,244,224,71150836.79102568,0.0,0,1,0.0,36.627177191131686,2003.6803069801717,1253.2441567310607,255,3603901127,2787230735,255,0.10647466089051398,0.0,0.07133406887021958,146,0,0,0,1,1,1,1,1,5,0,0,0,2,6,0,tcp,-,FIN
85,0.675315975068129,29,58,1407,0,0.0,28,0,0.0,672191.0196799443,3,0,0.0,0.0,17771.959348724304,0.0,229,1378940488,1149868187,255,0.0877943422985618,0.0,0.0,28,82,0,40400,12,0,11,6,1,9,0,0,0,11,13,0,tcp,-,FIN
86,0.0,3,13,46,54358,0.0,82,98,0.0,2706330.088654118,7,7,1322.0393510793272,437.94414250608304,0.0,0.0,255,3658234976,937323992,244,0.08585857439757516,0.05644001749305178,0.0,28,180,0,0,3,0,11,5,1,8,0,0,0,11,11,0,tcp,-,FIN
87,1.5618121428776313,10,0,46,49486,0.0,92,248,14057771.102293532,3839020.3622367717,0,0,0.0,429.3900154950359,0.0,0.0,255,1650405223,1138493249,255,0.12381972424212116,0.05852100742885914,0.09180092471479664,28,192,1,0,2,1,3,1,1,1,0,0,1,2,3,0,tcp,http,FIN
88,3.4986696769916925,25,0,46,133045,9647.075126047917,53,0,0.0,2581061.16650974,0,34,0.0,389.74405085831984,32149.59381764581,10810.883129692365,255,615101894,2249430329,255,0.0,0.0,0.04837483725080879,146,427,1,0,5,0,1,1,1,2,0,0,1,1,6,0,tcp,http,FIN
89,3.2233798590872538,60,74,8027,0,23713.912566263352,11,0,125747450.83253092,15061698.926830959,1,63,1702.5754537804473,1751.3466100268104,30974.945579063206,0.0,228,1484477193,2751170662,255,0.01618137133135642,0.0,0.0,57,921,0,26636,18,1,3,1,1,7,0,0,0,3,7,0,tcp,-,FIN
90,0.5835619328452308,40,34,17211,19150,38192.60342436273,91,0,3379427.2961223335,793740.5575371815,7,41,4918.692459006015,451.1144003806682,0.0,5035.937323455788,255,926810186,1235882132,255,0.06699491804551072,0.0,0.0,167,165,0,31600,8,0,3,1,1,1,0,0,0,3,1,0,tcp,-,FIN
91,0.0,1,34,544,0,38680.72130210708,229,22,16996711.341400325,4656510.591226403,0,0,653.0651252840105,0.0,0.0,262.54516015218195,0,4507337,1148957510,0,0.0,0.0,0.0,115,111,0,7843,1,1,1,1,1,1,0,0,0,1,7,0,udp,dns,CON
92,0.0,10,31,46,0,0.0,65,39,16788656.497102987,0.0,4,0,0.0,0.0,0.0,2500.5174508261844,255,1596494991,1907741520,255,0.0,0.0,0.009268522896248532,149,77,0,0,15,0,3,1,1,1,0,0,0,3,7,0,tcp,-,FIN
93,0.0,1,44,46,0,0.0,36,4,46424237.909810044,3034324.799856421,0,0,0.0,635.8330177844301,6379.523552579742,0.0,0,451555747,0,0,0.00565294407907949,0.0,0.010026103390541968,28,254,0,0,4,1,2,2,1,6,0,0,0,3,5,0,udp,dns,CON
94,0.0,1,11,4241,31763,7334.334887988205,190,254,57147726.53180589,0.0,4,12,0.0,672.3406577819205,0.0,0.0,255,3052024815,3815803801,255,0.18823777559712485,0.046470052113978616,0.050592563397061,28,134,0,0,6,1,3,1,1,4,0,0,0,4,1,0,tcp,-,FIN
95,0.21345220048288582,1,42,46,69052,7952.288436977777,31,254,2404696.199242449,0.0,8,0,3298.6212479446613,739.204532829557,0.0,0.0,144,4294813520,1167790906,255,0.17903956369376237,0.07401754874693012,0.07727202822630316,260,92,0,0,19,4,4,5,1,16,0,0,1,5,14,0,tcp,-,CON
96,1.2536731639572614,1,54,4752,67762,52326.64936751455,243,254,0.0,1228293.6770710177,2,0,1382.102276212204,477.9550419485169,24614.529463984672,929.4157526562685,234,4294813520,2041574843,188,0.046251040248358105,0.07958405315914466,0.08283879544121624,28,0,0,0,4,1,4,1,1,4,0,0,0,1,8,0,tcp,-,FIN
97,3.0374356595471856,1,0,6318,0,0.0,36,234,0.0,0.0,2,33,0.0,0.0,10697.345753398535,0.0,255,892219082,543036873,255,0.1616205081880817,0.05331259127238079,0.04558586019792583,28,326,1,10847,3,1,1,2,1,1,0,0,1,1,8,0,tcp,http,FIN
98,0.0,133,34,10746,82800,29407.481904062646,30,182,4852453.67481527,0.0,34,19,942.214259207217,1166.7821215446693,35605.267382089136,0.0,232,2542299991,1618469072,234,0.0,0.0043429616398531585,0.0,146,238,0,0,6,0,1,3,1,1,0,0,1,1,6,0,tcp,-,FIN
99,1.065210409718354,1,97,105,7179,0.0,118,1,0.0,2734560.57800101,0,0,3803.9751139490886,1078.117419907149,10524.692798928478,13421.721084690314,255,803404940,4294881924,255,0.03830282376553121,0.0,0.030294014023287172,73,723,1,10056,1,1,1,1,1,3,0,0,1,3,2,0,tcp,http,FIN
100,0.9364670954508452,6,31,5334,0,15349.891246196317,92,0,0.0,0.0,4,0,3050.746573473269,0.0,33516.500785865195,1792.398842199959,255,3903949813,30240540,236,0.0,0.0,0.02660812259745017,204,97,0,0,10,0,12,5,1,10,0,0,0,11,8,0,tcp,-,FIN
101,0.0,42,0,2134,0,14766.106688551274,54,201,0.0,3485344.483462473,2,10,3463.845741745644,276.80599358997426,0.0,1051.1026612278563,255,4142346798,4026767201,255,0.1591674053251312,0.07448684055141142,0.0725209808385569,162,31,0,35294,7,3,4,4,1,11,0,0,0,4,14,0,tcp,-,CON
102,1.437666367988183,1,0,46,0,0.0,195,241,0.0,0.0,0,0,2117.8378995205007,235.81549600807125,0.0,1126.4404456299274,255,3607082568,3781712647,246,0.12478273933166799,0.05385868845668433,0.08470166396807179,28,17,0,0,2,1,2,1,1,3,0,0,0,5,4,0,tcp,-,FIN
103,5.457521994247595,36,57,13968,119793,0.0,97,0,0.0,2699522.1094452376,5,10,0.0,0.0,0.0,4038.911739579428,204,1925478186,0,158,0.0,0.052659905396781226,0.03242469857526361,234,447,0,18291,6,0,11,6,1,8,0,0,0,12,15,0,tcp,-,FIN
104,2.333543316748119,1,0,46,22086,10505.554406411738,60,254,0.0,0.0,2,0,0.0,0.0,46633.0673246054,0.0,255,310333173,568187142,255,0.06720573787212822,0.046322564300017875,0.07837938462366958,28,70,1,4183,3,2,1,1,1,1,0,0,1,1,5,0,tcp,http,FIN
105,0.6317943748781925,10,0,6750,13485,26166.836393636306,0,0,7758955.989798722,298655.1785010667,6,0,4493.672088668253,435.00510035116656,0.0,2593.77204289968,255,2122291137,2115359197,202,0.0,0.0,0.02133170367190018,242,0,0,8460,8,0,8,5,1,7,0,0,0,11,12,0,tcp,-,FIN
106,0.5415548898730503,1,90,46,0,4081.3533086693847,66,37,57056744.56517767,488901.5400523914,0,39,0.0,0.0,45488.01187697616,1168.428651500477,255,1193238311,2711086614,255,0.0,0.0005152530776438886,0.0,67,507,1,0,1,0,4,1,1,3,0,0,1,4,1,0,tcp,http,FIN
107,0.6257483131092015,75,32,13436,245748,0.0,81,0,23510776.666102983,3352742.212874029,7,45,0.0,0.0,0.0,0.0,249,2924846907,3550639745,196,0.0,0.0,0.0,74,846,0,0,8,0,1,1,1,1,0,0,0,2,4,0,tcp,-,FIN
108,3.123977635820805,89,27,13791,145969,0.0,0,10,35446706.37281924,6860406.401562145,13,19,1566.9267149586894,1293.8040632036837,0.0,0.0,255,3765242148,3710537779,180,0.0,0.0,0.0,76,1042,0,0,2,0,1,1,1,4,0,0,0,6,5,0,tcp,-,FIN
109,0.0,1,29,1740,0,27505.62611095421,0,59,76713712.1167819,0.0,12,0,2744.045406005845,315.5710626207273,15950.126357844594,0.0,255,3413925766,741240503,244,0.06187724319607379,0.0,0.06408280066444748,53,0,0,533,9,0,10,6,1,14,0,0,0,11,17,0,tcp,-,FIN
110,3.170738285931195,22,28,4579,0,0.0,57,254,0.0,2753723.466412412,7,37,0.0,392.4625884090977,0.0,2275.8411281122912,255,1508007479,1127115495,222,0.15130928831023613,0.10746634524414454,0.04954880345183741,28,67,1,28091,1,1,3,1,1,1,0,0,1,1,3,0,tcp,http,FIN
111,2.0113181106876024,19,43,5331,0,40422.110811663544,67,0,0.0,0.0,0,19,1518.5403669565897,0.0,16460.761132499436,7327.6548815726965,255,186754885,2606588324,190,0.11970560695459345,0.0,0.04676454663767339,94,595,1,13030,6,0,1,1,1,3,0,0,1,3,3,0,tcp,http,FIN
112,3.302205056926539,50,115,46,67366,0.0,6,21,0.0,4973493.146908743,9,54,0.0,0.0,4623.858248607696,0.0,255,3928421492,4294881924,253,0.0,0.03859177805244645,0.01591555044664843,28,1043,0,0,5,0,1,2,1,1,0,0,0,5,3,0,tcp,-,FIN
113,2.369026392546585,1,34,5595,0,0.0,0,0,40161125.15834002,0.0,4,0,0.0,321.5326324093341,4778.408556743405,0.0,255,1621913453,298007217,172,0.0,0.025818094692136223,0.0,286,291,0,1836,10,0,4,1,1,1,0,0,0,3,4,0,tcp,-,FIN
114,0.3786477577192663,4,27,46,29919,10713.75238035438,67,0,16282308.434045142,0.0,1,1,0.0,376.8135826326925,37446.20935591358,0.0,0,0,457971162,7,0.07291951039355311,0.0831685791989107,0.0,28,334,0,0,1,0,1,1,1,1,0,0,0,3,7,0,udp,dns,CON
115,0.41112607358674613,69,73,773,178350,0.0,8,0,56149918.73950036,5525446.470841871,4,46,0.0,601.711940738751,5829.555161105511,0.0,255,1834090369,3901068000,248,0.01688385788179347,0.01644533346723724,0.0,176,983,0,0,13,0,1,2,1,5,0,0,0,5,3,0,tcp,-,FIN
116,0.0,90,89,12431,0,35597.346617410236,58,70,228869138.6607618,2865687.868846853,0,23,3712.3137219133405,0.0,2815.0892315067326,0.0,246,3282861839,3598315604,116,0.0,0.003182054509053291,0.0,162,897,0,0,11,0,3,1,1,1,0,0,0,1,5,0,tcp,-,FIN
117,1.9636336269985144,49,55,9504,0,53508.57728806059,0,5,18984850.979499917,14646912.811956666,6,16,0.0,0.0,0.0,0.0,228,706063310,3974043649,226,0.0,0.0037211006692219354,0.0,99,781,0,16052,18,0,5,2,1,1,0,0,0,1,8,0,tcp,-,FIN
118,0.0,54,17,46,0,0.0,187,254,0.0,224715.94266168997,5,0,0.0,544.3260779914218,15479.191964288482,4424.7014689708585,244,3288310618,1481721760,255,0.18520695603776455,0.07704637061278585,0.09280230060907091,39,0,0,0,1,1,1,1,1,3,0,0,0,1,4,0,tcp,-,FIN
119,0.6008218109298912,1,41,46,0,0.0,99,254,27856625.90301961,1888519.3065629895,3,10,0.0,0.0,14476.389670981716,2030.4636195400124,171,1213097939,0,196,0.3086634506264513,0.2208313291386548,0.047903504436008264,186,0,0,0,3,3,1,1,1,6,0,0,0,4,4,0,tcp,-,CON
120,0.0,1,52,46,139831,71969.62799462295,43,0,0.0,0.0,8,0,1544.7480138192047,622.7220420187851,0.0,3049.1177767243153,157,982317299,1258879913,255,0.0,0.0,0.0,145,332,0,20643,13,0,4,1,1,1,0,0,0,5,10,0,tcp,-,FIN
121,0.0,21,20,6461,69572,44080.34148075382,76,11,61565828.832073405,0.0,5,18,0.0,0.0,21461.984212880037,0.0,255,267227195,2162872066,255,0.06022845630849384,0.016655239690495142,0.025546404925301778,106,124,0,9857,15,0,2,8,1,5,0,0,0,9,13,0,tcp,-,FIN
122,0.4430279711897601,14,0,46,64860,0.0,5,0,0.0,0.0,4,9,0.0,221.6944249462535,0.0,2320.072265560682,255,1843739371,1784075919,198,0.13306227337860557,0.0,0.05545853712224265,28,233,1,26968,1,0,4,1,1,1,0,0,1,4,7,0,tcp,http,FIN
123,0.0,97,65,6010,32109,48544.0062337993,0,69,136365972.22538596,16268963.52285579,9,19,0.0,1743.37822880606,13204.149895102253,0.0,124,2860665234,0,254,0.0,0.0,0.0026409477168428974,28,674,0,30180,13,1,1,2,1,3,0,0,0,2,5,0,tcp,-,FIN
124,0.1936949261637272,35,17,6596,0,0.0,98,0,0.0,745381.9973283572,2,16,1145.329013261393,0.0,0.0,8466.005077562875,224,716130801,3732446891,255,0.03514869653542952,0.0,0.013042834229059674,285,766,1,0,3,0,1,2,1,4,0,0,1,1,1,0,tcp,http,FIN
125,1.5284641681123052,32,34,1327,0,23516.36202872957,0,0,438836.03255228826,0.0,6,0,0.0,113.85599573162952,21300.20300924407,5.755722726055751,255,2240031763,1428306944,206,0.008923636491868578,0.05847286164925726,0.0,28,285,0,6060,9,0,3,1,1,3,0,0,0,3,5,0,tcp,-,FIN
126,0.9801556152077007,50,119,7318,53279,0.0,255,222,0.0,121259.21997169367,9,0,0.0,137.89818319857378,0.0,0.0,240,2473484412,2533934076,244,0.1825587036823765,0.056051046554388945,0.07500981271618326,73,40,0,0,5,0,1,2,1,1,0,0,0,4,3,0,tcp,-,FIN
127,0.46668464185121505,51,59,2818,113181,18472.25407940584,96,63,0.0,3385053.3293500966,8,49,0.0,0.0,15440.715146832337,0.0,255,1009445631,4294881924,255,0.07875550177958911,0.027493752833785218,0.0,34,961,0,0,4,0,1,1,1,1,0,0,0,2,2,0,tcp,-,FIN
128,0.0,1,34,1860,87884,9383.89751452071,255,254,50111547.31067903,1532699.8434962458,4,18,0.0,528.3788004229186,32502.232971477228,1918.5323525354343,255,4294813520,1266632232,207,0.24050387997608597,0.07154917307031584,0.05012621417591723,251,111,0,0,1,2,5,1,1,7,0,0,0,3,4,0,tcp,-,FIN
129,2.1176534833683953,35,117,46,35739,9393.308259016729,0,98,0.0,14718585.697657024,7,12,1197.4984297411438,0.0,9339.634979093527,1762.2659706238328,181,2563400509,1573792775,255,0.0,0.03189101414907297,0.016323903992781122,28,673,0,0,6,0,1,1,1,1,0,0,0,5,7,0,tcp,-,FIN
130,0.0,1,11,7366,0,22216.802270291566,214,254,107025844.35657918,0.0,1,0,0.0,687.3558885091852,29441.548708677823,0.0,247,3316659423,1681690515,195,0.046044611698334945,0.08139827824553059,0.09485972413368939,89,0,0,0,1,0,1,2,1,3,0,0,0,1,3,0,tcp,-,FIN
131,1.606586479395489,1,143,46,15843,0.0,21,25,0.0,1944662.610333393,4,2,4525.252814325733,0.0,0.0,3668.2156450255634,231,555699562,234478305,246,0.0,0.07056605723532769,0.0,108,232,0,0,13,0,2,1,1,1,0,0,0,4,5,0,tcp,-,FIN
132,2.9619129936156297,23,0,3347,60567,0.0,0,254,0.0,2282022.207196789,3,0,0.0,0.0,2466.828500273622,0.0,180,1116680306,980686019,255,0.292454390496242,0.27622736426531747,0.05093697072821149,446,0,0,0,4,3,1,1,1,3,0,0,0,4,4,0,tcp,-,CON
133,0.0,10,27,577,0,35292.11430562083,207,195,162054546.17541486,0.0,3,39,0.0,55.51434058561806,0.0,0.0,176,2984834948,1817382746,121,0.0,0.09233594679502138,0.08238946068970936,79,0,0,51425,8,1,4,1,1,8,0,0,0,1,2,0,tcp,-,FIN
134,0.0,8,9,46,82281,5815.797757909611,63,0,0.0,12902596.25533538,6,26,0.0,0.0,0.0,0.0,211,1107870757,4100138128,225,0.06063434371993454,0.0,0.019121648452151283,199,693,0,0,13,0,1,1,1,1,0,0,0,4,11,0,tcp,-,FIN
135,0.0,1,0,46,0,0.0,255,254,0.0,4656839.82497975,0,1,0.0,30.660858636090254,0.0,0.0,220,2217959385,1361399341,255,0.11308668986919396,0.02594667599243388,0.05349908353259779,28,176,0,23902,1,0,3,1,1,3,0,0,0,3,4,0,tcp,-,FIN
136,0.5447462518894217,11,15,9434,0,0.0,0,0,0.0,1880877.2401196777,0,0,2173.960048331261,0.0,1829.084618459023,0.0,15,0,499863739,13,0.0,0.0,0.0,177,256,0,0,4,0,7,1,1,2,0,0,0,2,5,0,udp,dns,CON
137,0.0,29,45,2340,0,0.0,95,249,0.0,3238303.8539589066,4,19,0.0,0.0,23204.594911778906,0.0,255,3945278139,2653106851,226,0.09587159951650803,0.06788493728216291,0.07064390144914365,187,126,0,0,15,4,3,7,1,14,0,0,0,2,12,0,tcp,-,CON
138,0.0,61,18,46,0,0.0,84,254,55608870.21610559,1732243.335975019,1,0,0.0,0.0,30599.232286946775,1427.693947092261,255,2526742035,2615384927,193,0.11735915383715827,0.05284676456677986,0.06046802471618066,191,171,0,0,11,3,2,5,1,12,0,0,0,5,10,0,tcp,-,CON
139,0.0,88,74,3103,98996,21139.065299081696,105,41,34845316.90904799,2408707.006099852,0,0,922.5604599064973,924.4532556138736,0.0,2249.7772758490873,255,0,2456260751,255,0.07615443266624955,0.025310509218565386,0.0,161,236,1,16115,3,0,2,1,1,5,0,0,1,2,4,0,tcp,http,FIN
140,0.0,25,7,2315,114241,0.0,255,254,11628855.763949273,0.0,6,22,0.0,612.0440655696857,0.0,3035.897568576319,241,4238876794,908963124,237,0.161374463336921,0.0987927359803996,0.08460118279437173,408,69,0,0,4,0,1,1,1,5,0,0,0,2,5,0,tcp,-,FIN
141,0.0,1,7,25119,28411,57852.334930918,83,71,0.0,0.0,6,15,1638.3169114496677,0.0,0.0,2698.18228435756,255,1346833630,548304867,255,0.12621068680299874,0.000519013798793771,0.0,113,0,0,17401,9,0,3,2,1,1,0,0,0,2,5,0,tcp,-,FIN
142,2.571296146933098,1,146,2741,134287,8503.560868275497,85,254,0.0,1271525.7678541592,0,0,0.0,0.0,0.0,0.0,247,0,925190400,255,0.14928243059870108,0.10916282103080105,0.037386961333340504,28,336,1,36817,8,0,1,1,1,2,0,0,1,1,1,0,tcp,http,FIN
143,0.0,17,28,46,0,0.0,110,230,0.0,0.0,5,0,0.0,0.0,0.0,0.0,231,722035415,392367332,230,0.15355981830211615,0.05928519863158394,0.061441641515521984,28,15,1,0,1,1,2,3,1,4,0,0,1,3,1,0,tcp,http,FIN
144,0.0,1,0,10590,65469,14770.779398719998,0,34,1444003.6448517668,1230774.2537777459,0,5,0.0,0.0,480.0200833150964,3039.0678639994644,255,0,2206206231,255,0.0,0.0,0.0,215,0,1,24640,3,0,2,1,1,4,0,0,1,3,4,0,tcp,http,FIN
145,0.0,1,0,46,0,0.0,248,222,14017769.48208379,1767385.5391057776,6,0,0.0,0.0,0.0,0.0,128,3194327528,2348787696,222,0.14059196145776995,0.10324006947654041,0.10267445175965507,98,0,0,535,1,1,1,1,1,1,0,0,0,1,1,0,tcp,-,FIN
146,0.048174826482018936,1,0,764,0,1858.5847986480333,29,19,0.0,889617.0395515608,0,4,0.0,199.91774211624343,0.0,0.0,0,0,0,67,0.06106688162675611,0.007361846525380853,0.0006551500922679232,28,469,0,0,3,0,3,1,1,2,0,0,0,2,5,0,udp,dns,CON
147,0.0,12,66,14936,0,0.0,19,160,2544028.420533651,1448312.8679741141,0,0,0.0,0.0,22085.49070129113,1752.7612035717655,255,2347540735,0,255,0.07079155009467325,0.0,0.0,148,160,0,0,7,1,11,6,1,11,0,0,0,11,13,0,tcp,-,FIN
148,0.0,51,5,1140,0,25909.245199548404,53,38,0.0,2856275.126373571,7,0,0.0,0.0,4591.944847822523,4093.7233548916856,241,1034134852,176076968,255,0.016487142686884452,0.0,0.004658093216172768,28,17,0,3746,16,0,4,1,1,4,0,0,0,4,4,0,tcp,-,FIN
149,0.784152320497085,6,9,46,87458,28063.244947389994,62,52,0.0,3549628.7009919216,0,0,0.0,0.0,8939.979063799094,1300.8592461812775,0,1824268677,1393240867,0,0.03293353393380126,0.044316621481824456,0.0,118,0,0,8432,6,0,9,2,1,1,0,0,0,5,3,0,udp,dns,CON
150,6.055576474985086,6,3,46,0,8416.521573740978,255,217,6402851.145954457,0.0,0,8,0.0,693.4790737458733,12913.190494579547,0.0,198,1997523536,3077525646,255,0.11374756132196953,0.11603918368017341,0.09532363197438896,28,45,0,0,4,0,1,1,1,3,0,0,0,2,6,0,tcp,-,FIN
151,0.0,1,39,9899,0,75262.6858194081,22,80,0.0,3096103.8716799286,0,0,0.0,482.6208472582775,14002.367082969227,0.0,0,161476571,234420738,8,0.013011993655471883,0.0,0.0,36,166,0,666,1,0,2,2,1,1,0,0,0,1,4,0,udp,dns,CON
152,0.0,1,0,4106,0,0.0,0,67,14598942.862059772,0.0,2,0,0.0,1239.5591148064136,13049.798830746153,4737.433081340183,255,767127141,1111203725,255,0.0058119470242407635,0.010988687967502936,0.01846692723008302,77,609,1,21234,3,1,2,1,1,3,0,0,1,1,1,0,tcp,http,FIN
153,0.0,1,0,46,0,51771.16629235284,116,254,0.0,450553.7412128218,0,0,2890.437507960452,1131.4503234230222,0.0,3618.5897449483778,255,0,2097839244,254,0.11441009511993745,0.07103381855452394,0.03845235510548996,237,10,1,21206,2,0,1,2,1,1,0,0,1,1,1,0,tcp,http,FIN
154,2.236427090245381,5,13,46,119671,52819.47352195914,79,254,0.0,1098078.653589679,0,0,0.0,0.0,38764.27338151732,2381.4969868162507,255,0,661048707,192,0.35688893603879035,0.16869868539543778,0.062033154594726206,207,93,0,0,5,2,2,3,1,4,0,0,0,3,9,0,tcp,-,CON
155,0.0,97,81,46,174351,18382.40472831196,0,81,38773535.805769235,14444885.639294587,12,65,1090.1474380621912,0.0,14523.143748134866,147.09185133473216,169,634016636,2896982022,255,0.0,0.0,0.012211943540872749,190,552,0,9216,14,0,3,1,1,2,0,0,0,3,14,0,tcp,-,FIN
156,2.727413028150277,10,19,3412,0,17435.03561782249,52,254,0.0,0.0,1,0,3643.8221617953564,265.37898965647724,0.0,0.0,181,4294813520,1641149239,223,0.09242501258912436,0.006032656117072169,0.057832536843138396,458,206,0,22541,15,2,6,5,1,10,0,0,0,6,14,0,tcp,-,CON
157,0.0,111,45,13850,55846,37069.53671183753,0,43,83312652.90763763,1730092.7228103094,4,33,0.0,0.0,0.0,2566.90686111516,177,1511861570,4294881924,255,0.0,0.0,0.0,63,938,0,17917,4,0,1,1,1,4,0,0,0,1,6,0,tcp,-,FIN
158,0.3842060583977436,1,37,7199,0,0.0,33,23,144339029.8406435,557746.369010704,0,20,2398.291854755223,177.6774732061697,45199.839837707616,523.8887979488093,70,0,0,65,0.0,0.07951881480509222,0.020920557251469574,218,0,0,18737,5,0,4,1,1,1,0,0,0,1,6,0,udp,dns,CON
159,1.3255042066106562,1,0,4115,67845,0.0,21,74,0.0,0.0,5,3,917.6685235677339,0.0,0.0,0.0,255,1243722177,2159652797,255,0.02674897000268355,0.0,0.008367271854034602,61,190,1,2469,1,1,1,2,1,4,0,0,1,4,4,0,tcp,http,FIN
160,1.5326597642336466,1,0,46,21078,0.0,3,0,0.0,652895.4483639474,0,0,0.0,693.0781585554573,0.0,0.0,255,0,2176438559,216,0.0,0.06638370004171022,0.0,223,151,0,0,15,0,4,6,1,1,0,0,0,7,15,0,tcp,-,FIN
161,1.3928522407452253,1,0,46,0,13500.91155030697,109,0,98326764.48344259,1027948.613696343,5,26,0.0,714.6974572355317,0.0,1404.5409323368508,255,45986452,2168249144,236,0.0671438957363877,0.06287430231472985,0.0,28,17,0,5719,18,1,4,5,1,4,0,0,0,5,15,0,tcp,-,FIN
162,0.5339104722610897,67,76,4634,5745,0.0,0,26,0.0,2962703.1474082395,0,13,0.0,0.0,10276.768588536344,0.0,252,0,4294881924,105,0.0,0.0003371061636956476,0.0,130,196,1,0,3,0,4,2,1,4,0,0,1,1,7,0,tcp,http,FIN
163,2.4364524360794233,1,34,46,0,0.0,97,165,2733100.8594642724,0.0,0,8,1522.0909874032177,0.0,0.0,0.0,194,4294813520,1710450955,248,0.22244430142787466,0.08531778131540543,0.04826101563446275,219,141,0,23375,7,3,2,4,1,14,0,0,0,5,10,0,tcp,-,CON
164,0.0,45,55,405,113777,0.0,139,71,0.0,824697.2397704031,2,3,2499.857672750941,771.734472575012,3577.582018145578,1045.0680320422816,255,1262617204,1802859532,255,0.0022679908805999472,0.0,0.0,157,368,0,0,11,0,6,1,1,1,0,0,0,7,4,0,tcp,-,FIN
165,0.0,1,74,3099,37646,0.0,255,204,72437113.51657702,1109143.1135333038,3,0,0.0,0.0,55248.4207910566,809.5276999180226,245,4294813520,2809979635,242,0.19402974424269434,0.05077182001232991,0.0893784304333787,28,167,0,0,1,1,4,1,1,4,0,0,0,1,3,0,tcp,-,FIN
166,0.0,42,162,46,47066,0.0,29,5,0.0,632569.4853211996,4,26,0.0,0.0,0.0,0.0,190,1763002241,911631227,222,0.059347121608164376,0.007593674381449487,0.0,28,58,0,0,8,1,10,6,1,11,0,0,1,12,17,0,tcp,-,FIN
167,2.969236242651355,27,0,46,0,0.0,0,18,37200508.485879466,1778331.3960106333,5,0,0.0,0.0,0.0,0.0,255,0,1782334598,238,0.07295130458910407,0.0,0.0,158,0,0,9872,15,0,7,6,1,7,0,0,0,4,14,0,tcp,-,FIN
168,2.015450961867275,8,0,948,5639,4091.8099601887366,0,31,0.0,593836.7570075744,0,34,0.0,354.0019112523985,10956.02765652973,5368.316766773013,232,0,1448296395,255,0.037743519914296315,0.017156243630050097,0.028194067215987734,95,594,1,17744,4,0,1,1,1,6,0,0,1,4,3,0,tcp,http,FIN
169,1.372243172133592,15,0,4923,142910,0.0,11,12,77387074.98014808,0.0,4,0,0.0,0.0,0.0,1320.6243442540367,255,0,2790616855,252,0.1556431478031755,0.0019133523346956229,0.05036375610658731,28,144,0,31296,15,1,7,3,1,2,0,0,0,6,14,0,tcp,-,FIN
170,0.0,1,0,8670,91571,21051.382457818243,0,26,0.0,0.0,8,38,852.2483933683523,0.0,11805.748386169895,0.0,248,1165369633,3429732178,255,0.0007830650290113064,0.0,0.0,89,99,0,1634,16,0,6,4,1,5,0,0,0,7,9,0,tcp,-,FIN
171,1.6409570517404326,28,0,5617,0,76985.90785038481,0,26,70890081.17746541,5064537.930454263,0,15,3236.2094545612335,115.23553431739037,20396.84307669073,0.0,255,0,2648914494,223,0.0,0.025386941132271423,0.0315545814983726,84,0,0,0,20,0,8,6,1,1,0,0,0,8,15,0,tcp,-,FIN
172,0.0,3,0,1551,0,47379.535740483174,238,230,6138133.694116545,1276482.1634804124,5,0,0.0,708.7730116132107,0.0,0.0,255,2793118138,2399196818,255,0.1607283690419871,0.09233655758949125,0.1614494976136202,84,162,0,0,10,1,1,2,1,2,0,0,0,1,4,0,tcp,-,FIN
173,0.012780662961730527,1,0,46,0,0.0,249,213,0.0,0.0,1,15,0.0,0.0,944.6645312381922,1260.4197499660058,207,3282084104,3364328754,231,0.2097886606048865,0.10594572027420841,0.0905777569798471,120,0,0,0,3,1,2,3,1,3,0,0,0,8,4,0,tcp,-,FIN
174,0.6535535429016224,1,35,46,126201,0.0,55,83,5081138.340508644,781371.534536059,0,0,973.0963741365485,0.0,13722.518172871307,3551.9170696489373,255,0,2955751915,255,0.027557831661327296,0.0,0.015004997233466029,179,672,1,14852,6,0,1,1,1,5,0,0,1,2,1,0,tcp,http,FIN
175,0.0,15,11,46,17805,0.0,1,146,48827406.96827222,1389100.9250904296,3,3,0.0,0.0,18250.51069015195,0.0,255,0,351377412,255,0.051850017814014604,0.09176344535607164,0.0860356734773492,28,421,1,0,3,1,1,1,1,1,0,0,1,2,2,0,tcp,http,FIN
176,0.1527200220074577,53,33,3579,0,7413.3602726434565,28,242,0.0,2998240.0966042727,0,0,0.0,491.3327557442684,65819.6031141494,0.0,255,809782781,1169586621,255,0.09208243683537184,0.1317421931882226,0.04376633370431999,41,116,1,0,1,1,4,1,1,1,0,0,1,4,2,0,tcp,http,FIN
177,1.4637050805666036,10,28,3259,2402,9605.848458606173,54,228,0.0,0.0,0,0,0.0,442.86046095836,0.0,0.0,255,0,1515746761,232,0.24974381306734206,0.23100693683541018,0.09536900394527713,260,111,0,34106,2,3,3,3,1,5,0,0,0,4,1,0,tcp,-,CON
178,1.302328942810082,13,41,46,0,6622.293526080153,244,254,7154315.204822951,0.0,10,25,0.0,3.5451644772484485,15000.142897887943,1874.743630170646,222,3989266596,1346162816,255,0.12350269544600989,0.07065531073728494,0.09072882742182674,28,61,0,3780,1,2,3,1,1,3,0,0,0,1,1,0,tcp,-,FIN
179,2.516326513431592,14,0,46,0,0.0,152,179,0.0,0.0,6,13,1942.8005876083928,0.0,0.0,2041.4360649654877,255,4179672387,3020004319,255,0.1241043674105479,0.09106330228524648,0.09032816054991114,124,125,0,0,13,3,6,6,1,7,0,0,0,5,11,0,tcp,-,CON
180,0.0,38,110,8236,2649,0.0,42,4,27056755.535352558,0.0,0,0,2772.234050285269,61.81461851771884,0.0,3127.894854353739,0,0,0,47,0.027601955655436345,0.0,0.04419783358085554,28,105,0,0,1,1,8,2,1,1,0,0,0,1,5,0,udp,dns,CON
181,2.993029606754593,66,74,4146,107383,40539.26945827989,0,24,0.0,12891684.162981654,1,0,0.0,125.74442712075879,394.47950019825697,4494.263267783387,248,2628137057,554361586,187,0.0,0.0,0.03682304143495161,57,726,0,0,9,0,2,1,1,2,0,0,0,2,9,0,tcp,-,FIN
182,0.0,3,0,46,0,15068.08645097062,255,254,0.0,369083.0932464844,6,10,0.0,35.61143103280979,12738.504000750323,2979.494259781804,240,3012916540,291337708,255,0.11886387707741689,0.07671713224015189,0.05117680154782918,270,0,0,0,12,2,1,1,1,6,0,0,0,5,8,0,tcp,-,FIN
183,2.635449916377622,46,0,17363,0,0.0,58,46,188127017.12904987,94894.47191368707,3,12,2131.0530302889993,0.0,279.74078041341187,921.827156177736,255,708545851,2374381475,195,0.04261779494970625,0.0,0.01756693734656547,28,339,0,34632,21,0,4,3,1,5,0,0,0,5,12,0,tcp,-,FIN
184,0.0,14,0,46,68646,0.0,25,0,0.0,546951.6200808373,6,0,0.0,191.59103777072633,6255.0060817737685,601.5626704007329,0,0,150931148,14,0.0,0.003942183057611325,0.0,28,157,0,0,1,0,3,1,1,2,0,0,0,1,2,0,udp,dns,CON
185,1.8228450577595465,54,19,4161,0,0.0,0,5,10005877.083469095,3700060.401766851,5,43,921.3704306385347,186.74526935289308,7737.360485157475,9406.524155331957,255,0,1218075233,170,0.0,0.009923106758276259,0.0,28,695,1,0,1,1,1,1,1,5,0,0,1,6,2,0,tcp,http,FIN
186,0.0,13,4,3735,16365,0.0,117,73,144445349.49020952,0.0,3,21,0.0,316.64986682844426,0.0,0.0,159,234401671,2431467169,250,0.13069397510795827,0.0,0.0,212,144,1,0,5,1,2,1,1,6,0,0,1,3,7,0,tcp,http,FIN
187,0.0,1,0,46,5030,0.0,201,192,69415284.64913036,657754.8225908239,1,0,34.167829473545154,0.0,21545.11696478184,0.0,236,4258071485,646785590,255,0.1316234290757077,0.10697342068076368,0.12012895003753798,28,208,0,19365,2,1,1,2,1,5,0,0,0,1,9,0,tcp,-,FIN
188,1.1588480809704524,1,105,46,116433,0.0,64,25,44585408.579548374,0.0,2,0,0.0,969.4315739600195,23321.902339648594,0.0,0,388044905,0,31,0.0,0.011705506376077824,0.0,65,0,0,35829,4,0,7,2,1,1,0,0,0,4,2,0,udp,dns,CON
189,0.0,59,40,17546,0,0.0,255,252,85111329.44180377,1802758.058109655,0,0,2845.6253707057303,65.12892409902494,25697.056345712008,0.0,255,1812640454,0,186,0.08305304553842212,0.09817058106115215,0.10274032012885653,308,70,0,9421,12,1,3,1,1,2,0,0,0,1,4,0,tcp,-,FIN
190,0.0,169,163,14554,3455,0.0,61,10,44435293.93314282,2323968.8689943533,35,24,0.0,1059.7826601774116,15741.859935087494,0.0,219,3453598556,1846922143,149,0.0,0.017833997574444475,0.0023978180182585803,83,199,0,0,9,0,2,2,1,1,0,0,0,1,7,0,tcp,-,FIN
191,2.3005303911465758,117,78,13337,73068,0.0,115,164,44432340.403721236,0.0,32,62,0.0,174.50156837616598,0.0,1494.729418160073,255,2028955875,1855148158,255,0.0982959479024517,0.0,0.0,28,322,0,0,10,0,1,1,1,1,0,0,0,1,6,0,tcp,-,FIN
192,0.0,1,0,4697,0,10416.15265305176,90,231,45624276.40434549,0.0,0,25,2627.9107978686984,0.0,0.0,1893.194024897819,255,88273718,1531366383,255,0.1077982258062801,0.04722671653288779,0.048481172803866074,118,572,1,37828,5,1,1,2,1,2,0,0,1,5,1,0,tcp,http,FIN
193,0.0,42,4,46,0,6295.006941579231,4,52,0.0,1919043.5617798625,3,1,0.0,631.2677883547608,20804.94226553895,3365.5769874813423,0,0,0,0,0.0,0.0,0.0,170,145,0,0,1,0,3,1,1,5,0,0,0,2,4,0,udp,dns,CON
194,3.0349265591593353,1,11,8727,0,50376.24266844509,85,0,86996962.27065817,135229.92271980282,9,16,0.0,0.0,0.0,0.0,0,0,0,117,0.03318912017336611,0.0,0.03839239035992501,62,0,0,2953,2,0,8,2,1,2,0,0,0,6,1,0,udp,dns,CON
195,4.507381286168442,97,31,2153,5672,7815.494833809366,0,55,54327812.79951251,2901941.913731759,29,52,2360.697346789518,0.0,0.0,0.0,255,3629342410,170984631,255,0.10200846503990472,0.0,0.014856866360311112,28,0,0,5056,4,0,3,2,1,1,0,0,0,1,9,0,tcp,-,FIN
196,0.019229032333374505,34,9,3443,59176,32290.88907226606,39,73,0.0,0.0,6,5,1072.0841596623065,785.1578785233269,48821.97703993275,2998.7043323199846,255,3092492446,330557054,146,0.0,0.06104910098624141,0.0,213,0,0,0,13,1,13,7,1,12,0,0,0,11,18,0,tcp,-,FIN
197,2.54156850670623,1,11,46,38403,0.0,0,0,70319257.38524969,3605895.5599630796,0,12,2055.861393547946,0.0,11568.308640475416,0.0,130,43306546,3205146588,168,0.09725451196371024,0.0,0.02183830215777252,173,0,1,21058,1,0,6,3,1,1,0,0,1,3,4,0,tcp,http,FIN
198,3.050383447950411,60,51,46,0,10073.82726707834,0,26,0.0,18401613.251278922,7,38,2961.7719137721897,0.0,3647.7700825918223,0.0,224,1888924821,1021658391,255,0.0,0.0,0.0,57,354,0,17945,11,0,3,1,1,4,0,0,0,2,11,0,tcp,-,FIN
199,0.34170142863025044,2,0,3136,9356,0.0,65,207,19556688.008069582,760932.3071796176,0,13,0.0,0.0,0.0,1972.0764254157134,255,814126726,878218936,255,0.2280410175106894,0.24980762822986252,0.03458420558071605,28,0,0,0,7,2,4,3,1,6,0,0,0,3,4,0,tcp,-,CON
200,0.0,25,0,46,102713,29224.542825909022,49,0,0.0,0.0,4,0,0.0,228.79735087083208,0.0,1437.3579821594228,255,1478993993,1329268687,255,0.10762497324378835,0.0,0.0,66,203,0,0,9,1,10,6,1,10,0,0,0,9,12,0,tcp,-,FIN
201,0.5509596524298804,45,0,46,0,9647.63502834775,0,254,0.0,0.0,2,0,0.0,655.2348534969404,23335.57858543568,2648.8584412480436,255,499804044,726832421,188,0.2549744054784973,0.2453325795032804,0.014399829551798513,77,55,0,0,2,2,6,2,1,9,0,0,0,5,6,0,tcp,-,CON
202,0.0,10,15,4683,10668,64033.79119421591,55,1,0.0,1204096.9685786054,9,0,697.3379417241171,109.7714385203762,0.0,1335.5116212827184,201,1555407564,2579262145,255,0.0,0.023753157065014716,0.0,28,42,1,15812,2,0,3,1,1,6,0,0,1,4,3,0,tcp,http,FIN
203,1.3308358828454598,40,55,16160,0,0.0,0,0,43239264.22227983,1476352.918682079,0,0,2551.3969604410127,0.0,9695.10606626677,0.0,255,25444202,1720046042,255,0.06218757263671294,0.0,0.0165768529216402,73,0,0,0,10,0,4,1,1,1,0,0,0,4,7,0,tcp,-,FIN
204,0.0,1,65,10385,0,0.0,94,118,0.0,0.0,1,0,0.0,0.0,0.0,3803.9440310586756,253,352169678,3389189571,247,0.0027662734543579454,0.015108052839941155,0.021417649323902246,78,246,1,8519,2,0,3,1,1,3,0,0,1,3,6,0,tcp,http,FIN
205,0.11356471906609973,1,0,46,0,15831.467347785325,14,0,0.0,26215.159028957132,5,16,0.0,0.0,0.0,2444.4026914515007,86,0,0,0,0.0,0.0,0.0,28,161,0,0,1,0,1,1,1,1,0,0,0,1,3,0,udp,dns,CON
206,0.8764738252095228,1,0,885,96906,0.0,7,240,0.0,266069.07197237,1,10,0.0,0.0,0.0,182.16796059171443,255,1760773151,1402555162,235,0.09702017470093124,0.0,0.0,158,153,1,1713,1,1,1,1,1,2,0,0,1,1,1,0,tcp,http,FIN
207,0.0,1,28,6496,0,0.0,255,254,0.0,3015919.7184600574,1,0,0.0,0.0,4824.458207561677,2572.6785388397943,144,2154995703,3224053587,255,0.08262996283387826,0.03821199520616496,0.053588503702186735,79,0,0,10424,4,2,1,1,1,2,0,0,0,1,1,0,tcp,-,FIN
208,0.12795782269616854,1,55,9457,73892,14370.066380905317,0,22,50993804.769216895,3774581.8223457187,3,0,0.0,394.51061248066526,0.0,485.4477504350874,255,757060592,0,255,0.01142886610935578,0.0,0.014685374364276197,37,103,0,5724,14,0,4,1,1,1,0,0,0,4,8,0,tcp,-,FIN
209,0.0,1,0,46,0,72141.63020566857,255,0,753000619.4529141,0.0,0,0,3975.6849669481558,733.5213293773872,0.0,0.0,0,0,312669251,14,0.028828825184018084,0.0,0.024291208029064527,956,68,0,0,2,1,5,3,1,1,0,0,0,1,1,0,udp,-,INT
210,0.0,35,46,764,0,17100.59318841459,254,190,0.0,0.0,0,5,0.0,470.4068239570297,17173.255523807366,426.3046922708596,235,2544992862,2513465255,255,0.10882408322325222,0.026872344019679095,0.07247580117946507,28,41,0,6875,1,0,1,2,1,1,0,0,0,4,3,0,tcp,-,FIN
211,0.0,1,58,2845,83504,0.0,55,170,22291211.457517426,282602.042089161,0,0,6050.612978941688,0.0,9735.876875885362,5560.725637297281,176,524103920,1366494614,188,0.14558574596616594,0.07919316595861656,0.027137747882422698,58,185,1,4777,5,1,3,2,1,1,0,0,1,2,2,0,tcp,http,FIN
212,0.0,15,78,7016,68075,0.0,255,244,147517338.5328955,346926.2350839485,0,0,1194.9065342577023,884.0284969637282,13966.41557753287,2976.175376558053,255,3049865970,0,154,0.18076977485635443,0.09656175850484623,0.08153449818875448,294,164,0,0,4,0,2,2,1,1,0,0,0,1,4,0,tcp,-,FIN
213,0.0,1,91,1144,14150,96855.29649572867,205,18,835226033.1218132,2299170.5047376417,0,12,1223.8096765491455,0.0,5129.690046654702,1151.1022662252283,0,704698567,0,57,0.022910770711849535,0.0,0.011497754219967958,913,24,0,0,8,2,2,3,1,3,0,0,0,1,3,0,udp,-,INT
214,0.0,39,6,2151,83983,12015.248074194515,0,44,0.0,13789153.359474627,4,0,1616.4213713453646,46.00554123293644,0.0,0.0,255,1255637903,2904282320,202,0.0,0.0,0.021682694118393055,210,748,0,39524,14,0,3,1,1,1,0,0,0,4,11,0,tcp,-,FIN
215,0.985738075782771,44,19,10808,0,28282.422609827852,51,5,199710323.5434392,0.0,2,0,0.0,0.0,0.0,0.0,232,3186447263,1288953495,234,0.0,0.0009824159209029348,0.0,155,0,0,0,10,0,11,6,1,10,0,0,0,11,14,0,tcp,-,FIN
216,0.5535385790154321,37,25,10044,3745,0.0,0,30,95291296.04480226,143309.3208344088,4,0,0.0,0.0,7204.687204060849,0.0,205,865165115,720332249,221,0.02264546579353416,0.0004996286436187236,0.015085449876160608,28,0,0,28732,11,0,4,2,1,3,0,0,0,3,5,0,tcp,-,FIN
217,2.932520383689951,159,121,11023,0,17282.205502346587,0,0,127599006.39594296,0.0,30,29,0.0,0.0,0.0,0.0,255,3445716688,364381570,220,0.0,0.0,0.02544012116215048,73,195,0,0,8,0,1,1,1,1,0,0,0,1,4,0,tcp,-,FIN
218,0.0,118,93,19363,76398,0.0,72,52,0.0,0.0,28,38,1429.9638930441702,0.0,0.0,467.5743218723838,251,3120508809,1386929235,174,0.17223751749986635,0.027069823205443398,0.0,170,227,0,17029,16,1,1,1,1,1,0,0,0,1,5,0,tcp,-,FIN
219,0.0,1,0,46,0,32134.839120959885,57,37,0.0,0.0,0,40,0.0,481.50311339861054,46234.13008989225,418.24152257770083,252,1633526104,2591045988,223,0.0,0.013499115580672221,0.0,171,163,1,37575,1,1,2,1,1,1,0,0,1,4,4,0,tcp,http,FIN
220,1.8408508096021152,10,23,12441,102355,0.0,0,128,48182861.2536773,0.0,4,0,0.0,127.4168092108797,11071.353261535358,0.0,185,192111242,2822686314,255,0.0,0.0,0.0,54,112,0,0,20,1,6,3,1,7,0,0,0,11,13,0,tcp,-,FIN
221,0.6549303234062455,23,0,4700,0,0.0,224,252,0.0,1187956.318774306,9,24,0.0,684.901925161963,31167.299208073222,0.0,230,3772897948,804025949,255,0.19319093843826843,0.0427561708581312,0.07262523990414935,60,5,0,0,5,0,1,1,1,6,0,0,0,2,1,0,tcp,-,FIN
222,1.161354137244273,15,12,22796,2631,47527.10982468595,18,205,42463283.88052858,522702.52167874365,3,0,3520.105739554328,0.0,12927.414669262856,0.0,255,4940393,1283110040,255,0.1552471819819179,0.04852585716695126,0.053447247295543725,101,188,1,0,5,0,2,1,1,5,0,0,1,1,4,0,tcp,http,FIN
223,4.9851359518380605,92,85,46,66543,0.0,118,26,131449273.58640264,0.0,28,65,0.0,538.9967847017373,0.0,1625.8764234444775,184,2904644427,2882562923,227,0.0,0.0,0.0,142,179,0,0,2,1,3,2,1,5,0,0,0,6,8,0,tcp,-,FIN
224,0.0,8,0,46,1704,0.0,107,236,0.0,1591842.6480688488,2,0,0.0,0.0,0.0,1310.8461093867274,226,4294813520,1780297515,255,0.09117197880926778,0.07748037046989081,0.09482664479331544,28,112,0,6765,17,3,7,5,1,11,0,0,0,4,11,0,tcp,-,CON
225,0.12209683249340086,18,30,4393,0,0.0,10,51,137018536.67249322,0.0,0,63,1081.0313141465326,472.8173752288088,0.0,4840.007773069867,232,794367029,2493508489,227,0.003604503574212913,0.0,0.032952070673155656,71,972,1,3083,4,0,2,1,1,1,0,0,1,2,1,0,tcp,http,FIN
226,0.0,81,26,4248,8132,0.0,59,30,56514883.760824144,0.0,2,0,0.0,574.2935719976781,40782.28824225247,4310.444854157182,255,0,1180778319,137,0.0,0.04303297465965687,0.0,298,421,1,0,2,1,1,1,1,1,0,0,1,2,1,0,tcp,http,FIN
227,0.0,54,32,13228,60773,16886.824204056662,0,0,0.0,1044129.4079675889,0,31,3364.5422594619445,0.0,20339.301461708652,0.0,80,90217638,0,18,0.0,0.0,0.0,68,585,0,41082,3,0,3,1,1,1,0,0,0,1,1,0,udp,dns,CON
228,2.03669698312668,1,114,46,0,21554.241122607724,0,0,0.0,2774129.7568754125,0,26,532.9319500837056,843.4484902676174,0.0,2204.36050234074,0,131264270,326603970,43,0.0518505897290973,0.012987300394578963,0.0,220,0,0,0,1,0,3,1,1,1,0,0,0,3,3,0,udp,dns,CON
229,1.1611327347007396,8,32,7618,0,0.0,36,42,89769231.76262696,0.0,1,0,447.8899839906646,1178.1889014819249,17433.788581331042,0.0,218,2834686449,200827617,224,0.048901624516438785,0.0,0.04264055852269468,399,151,0,0,7,0,10,5,1,5,0,0,0,8,14,0,tcp,-,FIN
230,3.228313081310874,1,27,8806,784,35220.60958068877,84,254,0.0,2179737.1863692915,0,0,2084.151887292543,0.0,19668.121368433203,294.47681993974186,255,0,978808842,255,0.2983250331814721,0.20727726673513366,0.08587469409362652,116,0,0,17456,1,3,2,3,1,1,0,0,0,4,6,0,tcp,-,CON
231,1.491973233329328,106,71,12549,73721,0.0,26,33,86885606.39905639,0.0,34,12,935.6948840704679,1100.8582234812231,2178.663739368348,1572.7384484697382,231,2613299900,1429977354,207,0.046264231399283776,0.014494882453056556,0.0,28,168,0,17791,12,1,2,1,1,1,0,0,0,2,8,0,tcp,-,FIN
232,0.0,131,60,1361,8321,0.0,43,70,49272108.80493859,1747254.4369024704,34,51,1793.4960236333059,0.0,11239.788823954088,3815.8450723786586,245,2298903521,191703105,255,0.006247331429930363,0.032832201484146686,0.0,37,273,0,29689,6,0,4,1,1,3,0,0,0,1,10,0,tcp,-,FIN
233,1.2717173593813265,49,99,10995,124268,7387.351100160671,35,80,25761376.28371995,3936009.272699526,0,0,1571.8130476809229,0.0,13022.132761308298,0.0,236,2602705707,1156514347,255,0.0,0.03091446844978733,0.0,208,96,0,40521,8,1,11,6,1,8,0,0,0,10,14,0,tcp,-,FIN
234,0.21161692740122776,1,0,9309,0,0.0,23,42,0.0,0.0,0,0,0.0,0.0,8767.487502938759,3357.2808097093157,240,0,1862339627,255,0.0,0.02468306316054085,0.0,258,234,1,7361,1,0,3,1,1,3,0,0,1,3,3,0,tcp,http,FIN
235,0.796188070222279,1,0,4853,0,0.0,47,211,24229165.74422158,304484.57271180657,0,15,0.0,805.2068230725175,8629.391757855987,1829.0637331464088,255,0,589879902,242,0.14901417262111577,0.08365661779157242,0.006858225293790009,314,89,1,0,6,1,1,2,1,6,0,0,1,1,6,0,tcp,http,FIN
236,2.430981582895237,1,8,2425,0,27437.209988050075,10,39,137211264.18473393,2566088.7210446508,5,0,0.0,0.0,1980.4571547998494,4615.871455160105,255,0,2908227962,249,0.0,0.03155172719323918,0.0,128,0,1,0,1,1,2,1,1,1,0,0,1,2,4,0,tcp,http,FIN
237,0.30402162158712964,10,7,4815,0,0.0,255,254,0.0,0.0,5,0,0.0,0.0,0.0,3982.809579894295,255,3393820582,1653793974,255,0.20423564433274738,0.07617992815973505,0.011469353875610863,285,155,0,0,7,0,4,1,1,8,0,0,0,2,1,0,tcp,-,FIN
238,1.1685092582747156,1,0,1011,0,0.0,51,56,49920870.15882748,1749381.9187689666,4,7,0.0,198.90439254883776,20693.75631538177,304.9336684922212,255,0,1547846576,255,0.0,0.0,0.00035715118603936273,28,96,0,4384,16,0,4,6,1,6,0,0,0,7,14,0,tcp,-,FIN
239,0.0,1,0,4838,0,29090.11870785452,255,254,161382320.34355697,0.0,4,0,0.0,878.1496205188085,47671.06409444508,0.0,255,3078537685,3538066518,255,0.19887597278704408,0.08017415903395488,0.0717229348398392,28,0,0,0,1,1,1,1,1,5,0,0,0,7,1,0,tcp,-,FIN
240,0.0,36,125,3823,127058,14052.206106234826,0,6,22113617.32824964,12430526.999078123,5,12,3095.1452660260366,0.0,0.0,1854.9186068333033,255,2807659627,427670989,255,0.0,0.03884186631262522,0.04980954867887391,56,743,0,0,11,0,3,1,1,4,0,0,0,5,7,0,tcp,-,FIN
241,0.0,1,0,46,0,10407.851434438016,0,19,0.0,0.0,5,37,0.0,102.95606686498212,780.9924491786286,0.0,20,107073853,467014814,0,0.0,0.0,0.0,28,152,0,1384,4,0,5,1,1,1,0,0,0,4,2,0,udp,dns,CON
242,0.0,1,0,46,0,0.0,255,246,0.0,0.0,2,0,4324.266895914625,1426.1853661828702,0.0,718.4274886231024,255,2323143921,4274328225,222,0.13421832987124638,0.037077474187410905,0.05503421074860445,118,0,0,16326,1,1,3,2,1,2,0,0,0,2,3,0,tcp,-,FIN
243,1.0957500936417375,1,58,46,83997,10732.740192378667,103,26,0.0,3070202.1980925603,0,0,961.8410502370133,0.0,12535.054418518965,0.0,195,0,2458121477,255,0.0,0.0,0.03899473218525174,28,141,1,0,2,0,3,1,1,1,0,0,1,5,7,0,tcp,http,FIN
244,0.0,75,43,3032,106832,21064.27817627797,38,88,0.0,673566.1381356254,3,0,0.0,0.0,9761.956736150583,0.0,255,2252687320,1154058327,141,0.009304478798522422,0.0,0.019156190254559707,28,277,0,18849,10,0,11,6,1,9,0,0,1,12,13,0,tcp,-,FIN
245,3.7753767049614737,87,94,7635,100222,0.0,11,0,27288432.49865595,4634027.09723555,35,43,2713.951241043752,826.1112864296035,3483.8762059520986,0.0,227,2729672733,2073197665,228,0.0,0.016205023789640012,0.001377689843526782,91,442,0,12960,8,0,1,1,1,1,0,0,0,2,6,0,tcp,-,FIN
246,0.0,1,0,2986,0,0.0,42,31,78634967.25191687,0.0,2,0,2440.390981366987,170.54977749205267,0.0,0.0,236,2755509080,1702596101,230,0.0,0.039366143631873914,0.0,134,310,0,24155,15,1,11,6,1,11,0,0,0,10,16,0,tcp,-,FIN
247,0.0,52,0,5402,0,120780.48542921136,198,0,706817996.0214332,918568.8817467459,4,10,0.0,1076.1298983603772,0.0,332.33075324688565,0,441687755,356586383,13,0.0,0.01613578458218393,0.049563075489401,1014,25,0,45683,2,2,3,2,1,4,0,0,0,3,1,0,udp,-,INT
248,0.08473177858872759,146,65,46,180466,72327.99330408213,95,0,77474908.43393898,7067026.448405183,5,33,1622.1224344824404,0.0,0.0,0.0,191,4067320279,3966933810,255,0.0,0.0,0.0,249,885,0,54943,3,0,1,1,1,5,0,0,0,8,2,0,tcp,-,FIN
249,0.596208607068687,1,60,11882,16352,147549.16261101366,255,34,813005736.1314349,0.0,0,0,3477.1825465583674,0.0,0.0,0.0,53,900213170,0,3,0.08812689477627707,0.06648121122109761,0.0,1178,0,0,15379,3,2,1,4,1,1,0,0,0,2,3,0,udp,-,INT
250,1.725545965117326,6,0,46,0,0.0,221,216,0.0,3087730.1783285383,8,46,0.0,0.0,30712.911955358737,0.0,255,3361600544,486383412,148,0.12483404490020623,0.06582810520135836,0.09071031849623157,28,0,0,0,3,1,1,2,1,8,0,0,0,2,3,0,tcp,-,FIN
251,4.525129032814957,25,14,46,50356,49213.274607391315,23,11,0.0,907096.8400440286,1,39,0.0,534.8791985857204,15262.230846115826,2159.5049161330417,224,2144658419,237730861,204,0.02633349132714119,0.048568648291076405,0.0,259,227,0,1300,5,0,11,6,1,11,0,0,0,11,13,0,tcp,-,FIN
252,0.0,170,160,11056,83399,0.0,5,122,0.0,0.0,33,13,2209.6644776291405,912.9195131271056,29732.23628253482,487.4148261360087,255,4012123825,1207893140,255,0.0,0.0,0.03526252488778407,243,72,0,33068,7,0,1,3,1,1,0,0,0,2,7,0,tcp,-,FIN
253,0.6240993612686381,1,0,46,0,71134.62729822288,96,80,60341134.39868058,1401762.7895940184,1,0,0.0,808.659997905268,0.0,6195.042478023159,12,118468447,0,5,0.0,0.00733405344346923,0.004536290515996273,52,138,0,0,2,0,3,1,1,1,0,0,0,1,7,0,udp,dns,CON
254,0.0,53,115,46,64917,0.0,21,58,1316518.6483314135,16067574.277417926,4,29,3583.549940050863,419.9316658124254,11157.171895653888,834.5493873354231,255,2290051535,741470572,255,0.015573710298648784,0.0,0.02681790724776191,65,657,0,30428,9,1,2,1,1,2,0,0,0,2,4,0,tcp,-,FIN
255,2.7510371937379867,31,0,7415,64072,0.0,70,254,71407361.66743375,0.0,2,0,2301.8223125452478,1049.2846396346952,0.0,1288.088169546749,255,1647628600,100208169,255,0.21891406797497098,0.023026187812074883,0.0,78,369,1,0,2,1,1,1,1,1,0,0,1,2,2,0,tcp,http,FIN
256,0.922289648545011,72,79,46,0,2424.2220762392762,59,21,0.0,14162020.811179226,5,56,1925.0361040552416,0.0,0.0,0.0,255,2877865984,187546011,255,0.0269061306304268,0.0,0.0,28,757,0,4774,7,0,8,1,1,1,0,0,0,5,10,0,tcp,-,FIN
257,1.2306114712302654,1,21,8332,2077,0.0,26,254,0.0,2027525.6603955156,3,0,2887.822029205546,0.0,51746.46582133114,3528.9851338960584,242,195738333,2550475035,243,0.14454880632225595,0.057753971873357395,0.09946911939405068,28,325,1,0,3,0,4,2,1,1,0,0,1,5,4,0,tcp,http,FIN
258,0.0,62,123,14076,0,0.0,41,69,63220614.515066445,7679057.135463275,15,66,0.0,0.0,0.0,0.0,255,3347045093,4294881924,255,0.0,0.0,0.0,193,735,0,0,4,0,1,1,1,1,0,0,0,6,1,0,tcp,-,FIN
259,0.0,84,154,5335,0,36057.45429796205,44,0,0.0,1229146.074082245,29,12,0.0,0.0,21942.48321875801,5202.749625292845,255,4217844051,1565850027,205,0.0,0.0,0.0,108,2,0,0,8,0,2,2,1,1,0,0,0,2,7,0,tcp,-,FIN
260,0.0,1,0,3012,0,51206.63316256313,0,0,0.0,1006313.2355110309,4,0,4811.8676998178225,0.0,5737.521751951701,4704.78410090556,254,742117921,3022749083,255,0.0,0.0,0.024584148191500902,76,289,1,27471,3,0,4,2,1,6,0,0,2,5,6,0,tcp,http,FIN
261,0.0,3,0,8050,32622,0.0,255,254,0.0,0.0,2,31,0.0,0.0,0.0,0.0,196,2555822972,3173528173,239,0.13961603213606544,0.0346511035464535,0.05067666284608225,28,0,0,0,4,0,1,2,1,1,0,0,0,1,3,0,tcp,-,FIN
262,0.0,28,31,46,0,62383.131756193165,29,26,122778549.45756258,0.0,6,0,2621.1782963951837,0.0,0.0,0.0,212,1581045911,0,174,0.07350038304643942,0.0,0.022925012354337346,28,0,0,33893,15,0,3,1,1,1,0,0,0,5,9,0,tcp,-,FIN
263,0.0,1,8,7368,0,0.0,37,0,141367610.40814012,0.0,3,10,0.0,459.3993476126359,8655.465133522079,0.0,255,3206538291,759962595,255,0.0,0.016356623741171892,0.0,79,0,0,0,12,1,11,6,1,11,0,0,0,13,17,0,tcp,-,FIN
264,0.0,29,42,46,5140,0.0,33,51,34882734.499810316,699748.8931021466,1,30,0.0,223.04684198985657,16182.131083734896,0.0,255,501157841,521579097,255,0.0014887241958991605,0.02382776887633884,0.0,189,225,0,0,18,0,7,6,1,3,0,0,0,10,9,0,tcp,-,FIN
265,0.00872796789143071,38,48,46,0,96022.17968892863,75,239,0.0,0.0,3,0,0.0,1242.3771179171802,0.0,1042.5639266573733,244,961587494,902023108,232,0.08815356841942765,0.07727796754811618,0.07601923712134363,28,274,1,5548,1,1,3,1,1,1,0,0,1,4,1,0,tcp,http,FIN
266,0.18684425954056327,126,157,2447,44170,14328.319065195052,97,56,138520127.7766937,485035.02154860104,29,2,1220.9089962221076,0.0,0.0,431.03148233237374,255,3594101264,1125484285,255,0.0,0.06044533482209533,0.0,156,1,0,14273,10,0,3,1,1,1,0,0,0,1,6,0,tcp,-,FIN
267,0.0,16,0,3287,76807,0.0,4,254,0.0,0.0,0,0,3182.0422092115246,281.81430019570905,8889.407070164274,1830.098417185995,255,4294813520,1632588889,162,0.19607274526417373,0.02778882099152387,0.03869443979232137,184,0,0,3953,11,2,5,5,1,12,0,0,0,4,7,0,tcp,-,CON
268,0.44798149641772966,7,0,8776,0,10019.925217119227,45,221,0.0,1568784.6368260453,6,15,1125.249917975148,993.9803508379193,0.0,0.0,162,318298720,2084928450,188,0.3235044710397994,0.19140244626939443,0.09431072017679862,181,148,0,3173,4,4,5,2,1,6,0,0,0,3,7,0,tcp,-,CON
269,0.0,66,45,2689,43732,28896.942998086113,64,61,0.0,8552476.41475257,7,36,445.0011289807112,0.0,27745.16553597933,2471.8159214190514,231,4294813520,4294881924,247,0.018883908441514143,0.0,0.0,163,1051,0,33692,1,1,1,2,1,2,0,0,0,3,1,0,tcp,-,FIN
270,0.0,1,23,46,25502,15595.18752362923,55,4,8779354.017850155,0.0,0,25,0.0,0.0,0.0,0.0,110,0,733750755,0,0.0,0.0,0.0036833348857570453,159,78,0,1995,7,0,10,2,1,1,0,0,0,4,2,0,udp,dns,CON
271,0.0,11,0,46,0,51331.618206111314,54,7,0.0,3102993.3098012432,5,0,0.0,1043.584750380406,11051.546603289247,0.0,16,220504636,0,0,0.0,0.0046937480546748594,0.028377656790693,28,176,0,0,1,0,6,1,1,1,0,0,0,4,1,0,udp,dns,CON
272,0.0,7,38,3184,36670,0.0,255,225,114131005.96023993,0.0,0,0,321.0938961518873,0.0,32694.892381372305,391.4516477406049,194,1726995396,3885027249,255,0.1847438442701671,0.09663530600558716,0.07956583969687969,28,181,0,0,6,1,1,2,1,3,0,0,1,2,1,0,tcp,-,FIN
273,5.3381160052903835,64,48,13384,210430,0.0,92,254,0.0,0.0,7,0,0.0,1082.4676684581027,0.0,2102.9479801826906,255,769823622,982031524,225,0.34669775099809497,0.22097446149631664,0.07561985088518025,143,379,0,26770,5,3,5,3,1,2,0,0,0,3,7,0,tcp,-,CON
274,1.5795455545706112,53,12,3178,0,0.0,255,238,0.0,2049042.4844722147,0,69,960.8863895191655,0.0,13167.752229827542,0.0,255,2131167198,2763925560,235,0.17361366378669865,0.0929379096471431,0.11053639098135558,89,0,0,0,1,1,2,1,1,1,0,0,0,5,1,0,tcp,-,FIN
275,1.4646472773107095,27,0,46,0,0.0,239,254,89745771.59552065,0.0,6,16,0.0,1307.4365913940649,5854.07415209218,2625.788400184156,117,3863416821,1546149329,255,0.1613573968039553,0.03938204682821657,0.16333722303779938,205,0,0,0,10,1,3,2,1,6,0,0,0,3,10,0,tcp,-,FIN
276,0.0,1,0,5972,51665,1629.3103237433204,13,254,70457150.12493517,200573.21670073172,0,5,0.0,1052.7615217132286,8947.458579991644,0.0,255,575129153,1814320918,218,0.06555841810850102,0.037793226511784066,0.060433336847388684,90,76,1,22326,3,2,1,2,1,1,0,0,1,1,6,0,tcp,http,FIN
277,0.34917809697782265,53,182,3253,191455,0.0,16,0,134031804.16507211,1403655.7381197927,3,43,1789.3952276039543,0.0,0.0,0.0,235,1074006140,3527389897,249,0.038046685178304895,0.0,0.0,231,1058,0,43175,1,0,1,1,1,2,0,0,0,1,4,0,tcp,-,FIN
278,0.0,43,0,46,67354,11035.078747125362,97,105,0.0,0.0,7,0,4007.895757576671,0.0,8813.847745948311,0.0,166,310581322,1233150957,219,0.17546749609139456,0.0,0.08074810262447568,28,116,1,5500,1,1,1,1,1,8,0,0,1,1,1,0,tcp,http,FIN
279,2.063324197143416,19,0,46,0,24003.766587632,51,81,0.0,0.0,10,0,3793.570840108592,0.0,0.0,6755.475515335316,255,1203539467,2585685212,188,0.049812100541106116,0.0,0.0,77,614,1,1044,4,0,1,1,1,5,0,0,1,3,1,0,tcp,http,FIN
280,0.0,135,189,17276,53297,0.0,51,12,125613268.57284352,0.0,29,73,0.0,0.0,28684.724711577503,0.0,248,2337091517,345993075,255,0.0,0.03204379339510479,0.03839673492287121,33,139,0,0,12,1,1,2,1,4,0,0,0,2,13,0,tcp,-,FIN
281,0.0,1,3,46,174493,0.0,51,209,0.0,0.0,3,17,1285.8833579589318,0.0,0.0,1533.7720774559546,254,231048462,350406338,255,0.31944792455165305,0.2687058504406964,0.05172451317411615,83,43,0,0,3,4,1,3,1,5,0,0,0,3,5,0,tcp,-,CON
282,0.0,85,118,8973,92245,0.0,13,0,0.0,14143844.46487442,7,6,1435.0032213981474,0.0,40333.37255894952,1434.4165652853583,236,3079587515,0,255,0.0,0.0,0.0,178,824,0,0,2,1,6,1,1,2,0,0,0,2,7,0,tcp,-,FIN
283,3.0265686146588773,28,32,46,0,0.0,22,8,5077957.749902852,2594393.2111558868,11,0,1420.544675008782,0.0,0.0,3369.388110794748,200,2634543911,1052336659,255,0.07936548255989874,0.033178719997994065,0.0,28,252,0,0,14,0,10,6,1,11,0,0,0,9,12,0,tcp,-,FIN
284,0.0,1,41,46,20755,0.0,67,94,0.0,0.0,0,0,127.97709615176208,783.8622067459191,0.0,4599.895923531825,176,216979174,1615921594,219,0.010249702782981788,0.0,0.0,45,0,0,19142,18,0,7,5,1,6,0,0,0,6,15,0,tcp,-,FIN
285,0.6784292088944432,3,37,12907,0,36726.35966922097,72,37,17842205.283886906,0.0,6,0,3147.8350710831846,0.0,9262.770350676408,0.0,218,837877506,2468349499,239,0.01195264564773261,0.0,0.034520049281406784,213,68,0,0,11,1,4,6,1,7,0,0,0,9,14,0,tcp,-,FIN
286,0.0,13,38,46,83684,37175.49504009927,13,254,0.0,2405158.509787504,0,50,0.0,1036.806340524457,8002.216017727649,0.0,255,3595363112,962668574,255,0.22083091877727656,0.05078592540020089,0.0723963459222079,132,0,0,28571,13,4,5,6,1,12,0,0,0,7,13,0,tcp,-,CON
287,0.11098741419676883,67,184,46,0,0.0,68,54,104268352.1104915,6083004.122062184,0,23,0.0,691.6467406500975,10296.765678475236,1356.1752487553795,255,3465793780,3049845448,128,0.0,0.03755317776966881,0.0,168,880,0,0,5,0,2,1,1,1,0,0,0,3,5,0,tcp,-,FIN
288,3.458047007385461,1,52,46,5213,29021.967858304906,0,13,58283223.57333663,0.0,0,0,716.5986484746899,995.0006642422203,8219.13846567753,0.0,0,0,0,0,0.0068467975520884825,0.06347504393529835,0.059746294000064794,296,58,0,0,1,0,8,1,1,1,0,0,0,3,6,0,udp,dns,CON
289,1.0150473665035855,13,0,4320,0,53894.595458203636,54,9,22754357.458099727,0.0,11,3,0.0,261.4771735832511,0.0,0.0,199,2331090856,229474396,255,0.0,0.0,0.0035710788699230807,104,258,0,26859,8,0,11,7,1,11,0,0,0,12,15,0,tcp,-,FIN
290,0.0,1,25,46,0,48734.91065762834,22,57,0.0,0.0,0,6,4754.535567430737,1245.5483529352837,0.0,0.0,0,954725928,128150316,0,0.0,0.0,0.0,184,80,0,453,1,1,3,1,1,1,0,0,1,1,1,0,udp,dns,CON
291,1.173330064083685,16,76,46,110946,7789.943840642757,108,70,0.0,0.0,6,0,0.0,0.0,22789.329885934745,6071.030894303505,255,0,2619984486,255,0.01714518172646133,0.03710099474138266,0.0,378,496,1,1267,2,0,2,1,1,5,0,0,1,4,1,0,tcp,http,FIN
292,0.0,56,79,46,8660,360.6715039591768,10,79,0.0,368672.6542170502,9,14,2475.785884197385,1034.2345264196383,0.0,5701.144687101044,255,0,1001973775,255,0.014361399035601071,0.07943960260775511,0.0,137,52,0,705,18,0,5,6,1,8,0,0,0,10,11,0,tcp,-,FIN
293,2.504862459140064,1,46,12532,19554,0.0,40,16,0.0,8202753.966324035,7,56,1028.9099210270115,2298.017156721752,2767.416654334518,0.0,229,2862571009,3735276171,174,0.0,0.04226949626742017,0.0,54,1114,0,30827,6,0,1,1,1,1,0,0,0,6,2,0,tcp,-,FIN
294,0.0,9,78,2042,0,0.0,61,38,154816088.74654472,0.0,4,7,0.0,0.0,0.0,0.0,113,3578305855,0,255,0.04370515039266476,0.0,0.0,188,0,0,6433,4,0,10,5,1,13,0,0,0,10,18,0,tcp,-,FIN
295,0.0,15,55,3856,0,0.0,19,254,25687673.967466567,0.0,0,0,1427.0565499366232,61.27152748234525,10965.918610550185,2469.7815348968106,218,0,1512812773,221,0.10958233619938833,0.08638559836471299,0.04283089456340604,203,57,1,26479,3,1,1,1,1,3,0,0,1,3,7,0,tcp,http,FIN
296,0.0,16,141,46,0,47550.8546745379,27,10,0.0,0.0,0,0,0.0,0.0,2268.7811372057995,6061.466373945757,229,361751499,2555053150,255,0.045162509577524546,0.0,0.0,128,88,1,0,3,0,2,1,1,3,0,0,1,3,6,0,tcp,http,FIN
297,0.0,1,0,46,8832,0.0,49,195,125955297.32800102,2173192.436663968,6,0,6100.012693723153,153.2153709469737,4265.882955542286,0.0,206,0,1075885432,255,0.12597965238129105,0.10483628115164229,0.07684863087142578,34,56,1,23115,2,1,3,2,1,2,0,0,1,1,3,0,tcp,http,FIN
298,0.0,1,0,12808,68115,0.0,6,0,0.0,0.0,4,1,0.0,141.71008925431153,38829.055424112164,0.0,233,2392255749,0,255,0.06242398662631758,0.022691275831944333,0.0,270,168,0,4996,9,0,12,7,1,8,0,0,0,12,10,0,tcp,-,FIN
299,0.0,11,0,774,0,67511.68068924772,232,0,853598482.9220294,1058002.7795692817,1,7,0.0,0.0,33954.781738548976,0.0,44,617601429,1225258697,4,0.06863221406541582,0.0,0.05210617364921248,992,0,0,18551,7,2,1,2,1,1,0,0,0,1,1,0,udp,-,INT
300,0.026203561882361552,95,25,46,138869,0.0,86,62,111410035.03437349,13266252.840739787,8,0,0.0,462.586866470654,20791.733481811294,0.0,253,1242732718,2300422098,255,0.012497048091751655,0.039413458240504164,0.018497604638262822,183,687,0,20318,18,0,6,1,1,1,0,0,0,3,9,0,tcp,-,FIN
301,0.7781155854189985,1,0,8902,0,28794.16382899252,2,92,35735481.83402535,2250908.8273166767,13,50,0.0,839.1619202128095,20346.033598169706,0.0,255,2502389167,151213154,189,0.055156607307637086,0.019035689603450996,0.0,123,109,0,0,9,0,11,7,1,8,0,0,0,10,12,0,tcp,-,FIN
302,2.561237722590795,34,0,46,0,19051.245430957624,255,184,0.0,195418.54763594817,0,20,1735.3016544182842,0.0,5064.547001932005,4264.386108806125,173,1422998257,3509587821,253,0.17421893717664733,0.07064483004065449,0.07855979642274619,239,29,0,1512,3,1,2,1,1,7,0,0,0,3,3,0,tcp,-,FIN
303,0.0,57,46,46,0,37537.39187354157,46,0,0.0,4545830.875291331,13,0,0.0,0.0,7040.477822661737,0.0,238,3602199481,3676507809,210,0.0,0.001580640182929847,0.004542927915588216,28,643,0,20119,6,0,1,2,1,1,0,0,0,5,1,0,tcp,-,FIN
304,0.0,1,19,2107,67185,24511.265429795574,185,0,1029775374.4422394,0.0,1,0,1138.2396497861453,640.6178271368306,9828.106409449942,0.0,0,104711476,0,58,0.0,0.0,0.04069351940967706,933,27,0,23467,6,2,1,2,1,1,0,0,0,1,1,0,udp,-,INT
305,0.0,55,61,4864,222118,51016.47746962833,57,69,0.0,1012183.4685677695,14,13,477.1365775968424,0.0,13784.821613350749,2473.476704743286,232,1048710308,2665764945,255,0.0,0.022186677584914532,0.02408514951013352,145,654,0,26345,4,0,4,1,1,1,0,0,0,2,6,0,tcp,-,FIN
306,0.790356367240317,7,109,2800,0,0.0,184,226,0.0,1773558.2850900656,0,40,0.0,645.9119096389144,4415.427288203366,0.0,198,4233423351,1031630317,255,0.2020448762645306,0.14384523247710113,0.09827035548370527,28,0,0,2201,2,2,1,1,1,3,0,0,0,1,8,0,tcp,-,FIN
307,2.4384008111602733,84,51,17007,8894,35055.97207716345,62,7,0.0,12209211.455532262,8,39,0.0,216.40011264210455,12333.925990068738,3368.187737119534,255,1693261488,2530742893,255,0.0,0.06763149247483,0.05108420257232375,74,723,0,32373,15,1,3,2,1,2,0,0,0,2,11,0,tcp,-,FIN
308,0.8353212797182074,32,76,3314,86323,0.0,229,181,0.0,0.0,3,42,0.0,1848.0082104253424,4260.810974976568,0.0,255,3389871601,2715894225,237,0.04257333958330123,0.060005746582948175,0.11253567994700236,223,242,0,0,2,1,3,2,1,4,0,0,0,3,5,0,tcp,-,FIN
309,0.0,64,31,46,0,17964.115114439697,31,53,57468374.42764682,755472.4361298839,5,4,2028.0627981106231,0.0,9637.621444620647,1787.0515652388683,255,626572483,3869971025,224,0.0,0.0,0.017642541274337075,28,458,0,0,12,1,3,5,1,5,0,0,0,7,11,0,tcp,-,FIN
310,0.06307494668483027,42,48,2726,38696,0.0,190,244,0.0,433677.8649952459,7,0,0.0,0.0,23507.345303590904,0.0,232,2460133487,3397061138,235,0.0994006261792125,0.03740365332667198,0.10918496628036735,94,0,0,0,1,0,1,1,1,1,0,0,0,4,1,0,tcp,-,FIN
311,0.7764659041986726,22,22,1080,84070,0.0,68,219,0.0,0.0,4,0,1800.6985032740943,289.72787985365636,0.0,0.0,200,1149152877,135315793,165,0.13926108249748773,0.06074110949863667,0.08143254904704567,206,20,1,25352,3,1,2,1,1,1,0,0,1,2,5,0,tcp,http,FIN
312,3.8072025169520605,50,72,422,5467,0.0,77,16,25331056.89576064,0.0,5,8,0.0,87.36804148450112,3005.8448079515315,0.0,0,1449812884,524336045,0,0.07646407629790415,0.010022576543421622,0.0062926579678175025,62,163,0,0,5,0,6,1,1,1,0,0,0,1,2,0,udp,dns,CON
313,0.6825345616241328,26,15,4948,37992,0.0,214,254,0.0,0.0,1,0,175.35722006267827,1299.1131808388511,5132.438960632164,0.0,255,2901726855,0,255,0.212717611396307,0.12763924770368945,0.0580472069961818,141,349,0,0,3,2,3,1,1,5,0,0,0,4,10,0,tcp,-,FIN
314,0.24793357289379392,145,151,7623,134502,0.0,1,0,13198055.843930006,0.0,27,26,1018.4267507134846,1199.0903367446128,0.0,7332.122076052,255,3820829820,737930844,177,0.011267741944679908,0.026112941907238344,0.0,37,359,0,0,7,1,2,1,1,6,0,0,0,2,9,0,tcp,-,FIN
315,0.2755547859813644,14,43,1567,136438,0.0,53,0,0.0,0.0,6,45,182.80943740762353,0.0,32146.39118960028,3333.9619144775024,255,2029134728,652602807,195,0.0,0.02663916660640822,0.0,28,18,0,15469,12,1,2,1,1,1,0,0,0,3,6,0,tcp,-,FIN
316,0.0,50,35,7076,28166,6615.771357186378,55,92,0.0,15485774.264931012,7,15,5133.835254249251,0.0,0.0,2757.88003751386,235,370602012,2856749012,249,0.0,0.0,0.0,69,625,0,0,12,0,5,1,1,1,0,0,0,2,17,0,tcp,-,FIN
317,0.0,1,39,46,0,51487.55306549327,0,33,118429489.00548273,1655048.5513842022,3,36,0.0,0.0,32614.90120236284,0.0,245,2169358445,183192714,232,0.0,0.0,0.0,68,224,0,11540,8,0,10,5,1,4,0,0,0,7,17,0,tcp,-,FIN
318,0.0,29,114,46,0,132851.7576865279,255,34,833027628.4545081,0.0,0,0,0.0,0.0,0.0,0.0,0,0,0,49,0.0,0.0,0.0005484837157646765,967,144,0,0,4,2,4,1,1,3,0,0,0,2,1,0,udp,-,INT
319,0.0,1,0,20843,66518,8751.247338184574,255,254,0.0,2531471.221537632,7,65,5487.231770288985,0.0,0.0,4780.61063794054,255,2585119717,2021238392,255,0.1500592623041374,0.07639514677801905,0.1065177599816137,100,137,0,0,1,1,2,2,1,1,0,0,0,2,1,0,tcp,-,FIN
320,2.552675674823034,44,45,46,0,0.0,65,27,38421400.210807666,0.0,5,0,777.5744757852029,1284.1549929595035,0.0,0.0,255,845044587,1823971859,210,0.05365495725159905,0.03100476584633004,0.0,247,110,0,0,10,0,4,1,1,2,0,0,0,3,4,0,tcp,-,FIN
321,2.3531907231493636,55,126,4287,32909,82497.66322834036,24,12,0.0,15707186.412316056,13,41,207.6667490496809,0.0,9061.942253433726,0.0,255,2324771877,292987617,255,0.04050135856641875,0.03820801293410569,0.0,93,898,0,4336,8,1,4,1,1,2,0,0,0,1,7,0,tcp,-,FIN
322,0.0,42,64,46,7232,25824.86794131913,163,254,87144724.19607612,1506776.209873739,2,22,5669.816023932512,0.0,12170.343478887553,1736.7318495261889,255,3277022364,2609004933,255,0.14966963337639108,0.0,0.03902451072944866,189,190,0,0,3,1,2,1,1,5,0,0,0,1,1,0,tcp,-,FIN
323,0.0,29,11,1834,0,26880.898274918974,64,87,70972236.60368404,1258103.6426876737,5,0,0.0,2092.573366698777,29401.52600441227,7219.534548900639,255,0,1159314369,176,0.0,0.017065924208184886,0.0,292,0,1,0,1,1,2,1,1,1,0,0,1,5,2,0,tcp,http,FIN
324,1.0548259237195887,60,0,46,20215,0.0,34,254,101037170.88785264,0.0,4,21,0.0,0.0,0.0,5046.364058973625,255,0,1806654421,255,0.021996362735845404,0.018992321925571744,0.02324232516858983,28,363,1,8654,2,0,2,1,1,2,0,0,1,3,3,0,tcp,http,FIN
325,0.0,30,32,46,174172,9711.161886522881,255,193,0.0,389173.83349518926,0,22,0.0,0.0,23698.48792589098,1843.963153863733,233,3015830890,2946124835,215,0.07468060477729774,0.07738390295213078,0.06664280351470457,81,200,0,12877,1,1,1,1,1,4,0,0,0,5,4,0,tcp,-,FIN
326,2.6688469578261316,23,0,10945,49228,0.0,20,94,0.0,8379459.0054524895,8,10,0.0,202.6932994193661,0.0,6005.481611480349,209,4229926408,4294881924,214,0.0,0.0,0.04498197189478805,28,729,0,19638,2,0,1,1,1,1,0,0,0,9,7,0,tcp,-,FIN
327,2.2912543517602684,120,201,10986,0,79200.36969720076,43,11,0.0,0.0,38,15,0.0,261.52563326287344,0.0,0.0,255,2517929024,1237686910,255,0.15407863969241403,0.026406691136116982,0.018050796470450697,28,264,0,3462,9,0,3,1,1,2,0,0,0,4,7,0,tcp,-,FIN
328,0.7804971366737914,34,77,7744,126325,0.0,0,0,215677507.91022414,7670806.784881564,8,28,66.28212789927208,0.0,0.0,1305.48564640987,255,4234862678,3455779102,255,0.11865300221004357,0.0,0.02020695284427617,95,972,0,0,4,0,1,2,1,2,0,0,0,7,4,0,tcp,-,FIN
329,0.2746692675115725,1,53,46,16333,0.0,105,244,72931144.1378384,0.0,6,0,0.0,848.3801491982086,0.0,4038.0220458177123,255,4294813520,758322037,243,0.055177341934663074,0.04521200585261621,0.06880260539384485,57,176,0,9789,16,3,5,4,1,12,0,0,0,5,7,0,tcp,-,CON
330,0.0,48,0,13336,97690,0.0,4,254,100154327.65724955,0.0,5,34,0.0,121.28870218060298,16772.82815714054,0.0,255,804820557,2087388631,255,0.3208655055035523,0.2581982467985176,0.0315723659692792,215,289,0,13793,4,3,4,2,1,8,0,0,0,2,6,0,tcp,-,CON
331,2.8654378861445506,102,7,46,91050,0.0,141,56,0.0,3706339.6397627564,8,53,0.0,86.73964721792761,0.0,1139.5737483212595,255,1037209479,4294881924,255,0.0,0.0,0.06544610595297723,28,927,0,0,9,0,3,1,1,2,0,0,0,4,1,0,tcp,-,FIN
332,1.9839991249658748,1,23,11323,0,25434.242155371747,255,239,51124360.317161754,0.0,6,1,1878.3617922252547,0.0,25577.706094966434,1336.267097368025,255,4294813520,2136068492,216,0.17600886544644723,0.10017570246142554,0.0870308492976189,83,108,0,0,7,1,1,2,1,1,0,0,0,1,6,0,tcp,-,FIN
333,1.642811657932187,1,8,7917,0,145.04318439657268,255,254,0.0,731875.2173131785,7,17,0.0,0.0,22523.061037634947,1248.98117726575,255,4294813520,2815073859,225,0.13376345938185058,0.09255496096045655,0.1189067062010401,28,0,0,52025,5,2,3,1,1,7,0,0,0,3,5,0,tcp,-,FIN
334,0.0,7,0,4876,0,1622.815758332814,125,254,36624958.45921105,0.0,5,0,6707.750273179566,736.1650666111243,0.0,0.0,255,208179226,701491471,255,0.2892406777397122,0.22605410569648776,0.002457481938050385,234,217,0,0,1,3,2,2,1,2,0,0,0,2,3,0,tcp,-,CON
335,0.0,1,22,46,0,29669.427263258087,27,0,2493596.252225465,0.0,0,0,0.0,739.4271789452366,0.0,1208.3817970689825,196,137221953,3221839554,170,0.06277105538955963,0.0,0.0,56,250,0,10376,17,0,6,5,1,7,0,0,0,9,9,0,tcp,-,FIN
336,0.9892066094537946,1,151,2070,26548,0.0,88,0,0.0,0.0,3,9,0.0,0.0,0.0,815.667382602545,240,1371577067,2405193702,255,0.022695499604335503,0.0453776033956353,0.0,82,294,1,22069,1,0,2,1,1,4,0,0,1,3,3,0,tcp,http,FIN
337,2.2133070387253873,57,93,46,0,33949.250746229,26,50,0.0,18926141.429312762,6,45,269.61607329406297,0.0,30784.55683045071,0.0,255,1144661400,3736333530,165,0.0521648085765361,0.029744344117987754,0.0,176,501,0,0,12,0,4,1,1,1,0,0,0,3,8,0,tcp,-,FIN
338,3.4374575626197648,34,56,341,85321,7914.073705160594,0,25,95120018.33628777,0.0,0,5,0.0,663.5277037534964,0.0,2158.9537984614467,0,0,0,0,0.029726270847937875,0.05771453372882318,0.0,40,239,0,0,1,0,4,1,1,2,0,0,0,3,1,0,udp,dns,CON
339,0.0,101,129,3184,81933,0.0,105,0,0.0,1708576.8182976497,12,71,3022.8482325549685,229.47329200026633,0.0,3836.36424019434,214,2071659699,3594895937,166,0.0,0.0,0.005933212341470305,69,1088,0,0,2,1,1,3,1,1,0,0,0,3,7,0,tcp,-,FIN
340,0.5341052872151179,1,88,46,0,5022.554729329196,255,254,108884768.61634615,1175690.7924567955,1,25,0.0,728.8075750239292,0.0,0.0,255,2983589491,609431256,196,0.07883792647516359,0.08591068343533213,0.09586416475755088,215,0,0,5,3,1,3,2,1,4,0,0,0,3,4,0,tcp,-,FIN
341,0.0,20,8,9115,0,4320.286053598305,29,5,0.0,433042.8202131209,0,0,0.0,0.0,0.0,9070.381884545392,240,0,1460436874,255,0.0,0.0,0.06130888360482244,184,730,1,22830,1,0,5,2,1,2,0,0,1,1,1,0,tcp,http,FIN
342,0.0,12,0,281,43436,0.0,2,254,30062630.103673,1073569.9703504103,5,0,2126.883589539545,86.8683225763912,0.0,4051.041136590911,249,0,1367347151,255,0.0942492603790771,0.07360529196195015,0.10451262651829787,189,227,1,0,1,1,2,1,1,4,0,0,1,1,4,0,tcp,http,FIN
343,1.5787989908727162,21,0,46,0,52124.19063048912,225,182,44267987.23940775,1271242.5023645083,0,11,598.2025421716247,759.6083319023624,1827.1279553847814,3992.579224114176,255,3386795288,3211517990,255,0.09111092519458797,0.023295588854203617,0.10223420547554633,138,0,0,65380,1,1,1,1,1,1,0,0,0,2,3,0,tcp,-,FIN
344,0.0,50,43,46,0,45854.10687204491,0,243,37020394.63274406,2129025.4470083327,0,0,525.3647084718373,0.0,0.0,0.0,216,3566395646,538248306,174,0.08796303401100002,0.03881912688562007,0.11221260914542194,117,134,0,0,10,3,5,5,1,15,0,0,0,5,17,0,tcp,-,CON
345,0.0,1,0,3394,80670,0.0,108,217,18423336.42680234,0.0,6,37,0.0,1425.388786092956,9510.69901917488,2967.152794398729,175,4294813520,1625149552,196,0.13357043380087014,0.0686556466932322,0.115626188957044,287,0,0,28953,12,2,4,7,1,8,0,0,0,4,15,0,tcp,-,CON
346,0.0,1,9,46,34215,0.0,0,0,173152240.09216622,354826.53422533144,4,0,2607.2181097652597,1295.1418917869714,0.0,7027.771555134976,180,622859149,2115707080,255,0.07880167655833727,0.0,0.0,39,303,1,15357,2,0,3,3,1,4,0,0,1,5,1,0,tcp,http,FIN
347,0.8823295026699844,38,0,46,0,51518.89687300781,45,5,90866588.3064606,0.0,8,14,0.0,0.0,67629.96070996797,2785.1695303321776,255,1214373454,1705251808,255,0.0,0.0,0.007457335537004341,28,237,0,2280,12,0,3,1,1,3,0,0,0,4,7,0,tcp,-,FIN
348,0.7928616468213785,17,139,6349,93533,29500.17673121568,0,118,0.0,13469881.29242915,5,42,0.0,0.0,24085.58840534021,0.0,255,2677473229,519443839,210,0.0,0.0,0.0,47,797,0,30913,6,1,5,1,1,4,0,0,0,5,9,0,tcp,-,FIN
349,0.0,43,40,3633,784,17545.592297478026,0,36,0.0,1967276.7170936589,0,0,954.7149777073982,242.57940397628334,0.0,0.0,0,271586779,1028342250,0,0.015458790929918819,0.09326155299102137,0.015695675311264208,179,308,0,0,1,0,7,1,1,1,0,0,1,1,7,0,udp,dns,CON
350,3.106954466376753,20,39,46,26241,16540.066767628152,255,212,119535320.26975717,0.0,0,0,0.0,243.64628522333078,0.0,1624.2980714121013,192,2778184942,2889483623,192,0.03428136830261501,0.07125005281371866,0.06971021956068081,28,73,0,8937,7,2,3,1,1,3,0,0,0,1,1,0,tcp,-,FIN
351,0.0,31,42,46,0,18519.236825805332,15,0,0.0,5842447.633467153,1,0,0.0,917.7221426473815,0.0,2435.1794462697476,240,52790413,2351636606,255,0.0,0.0,0.0,223,204,1,0,1,0,1,1,1,2,0,0,1,2,8,0,tcp,http,FIN
352,0.70965994556734,68,84,5459,220279,0.0,72,0,611049.2878092569,3934897.9259678307,2,55,1730.038677970725,0.0,16818.871208842716,2053.0388847660297,255,1150266451,3911396550,228,0.12578139266644567,0.015654252342160748,0.0,52,1008,0,0,1,0,2,2,1,1,0,0,0,3,3,0,tcp,-,FIN
353,0.09336171294085245,38,28,46,0,0.0,0,2,7009310.649073018,0.0,5,0,0.0,0.0,0.0,0.0,210,2504443634,187932922,255,0.03383319343434584,0.020772275164413177,0.0,52,250,0,0,11,1,12,8,1,8,0,0,0,9,15,0,tcp,-,FIN
354,0.5110370960530708,39,0,46,105784,37822.50540960555,217,220,128063694.61574937,1370376.6545137397,0,0,0.0,300.1501581786798,0.0,0.0,219,2448427186,3779821007,255,0.27991645044225577,0.05214026242940307,0.00975972997681495,164,0,0,0,1,1,1,2,1,1,0,0,0,1,1,0,tcp,-,FIN
355,0.0,14,0,46,0,29215.62468064804,0,18,0.0,5821750.34841689,3,29,0.0,374.18616890848904,0.0,2418.2066756430336,190,900575374,2787692748,255,0.0,0.0,0.025072912766234114,50,113,1,0,3,0,3,3,1,1,0,0,1,2,1,0,tcp,http,FIN
356,0.7246215896118822,128,134,13484,69823,11081.263934049048,0,0,0.0,0.0,31,42,749.859577297336,0.0,0.0,4455.477931530481,235,4057576325,681530022,202,0.12404750768528237,0.0,0.0,296,98,0,8172,7,0,2,1,1,5,0,0,0,3,9,0,tcp,-,FIN
357,1.1803079744242333,17,23,46,50057,0.0,255,247,40666695.008923836,1387644.7940106443,4,25,527.2092197637494,791.6137933854925,0.0,0.0,255,2924871529,2526087088,255,0.06657092160033817,0.09890689760193636,0.10668786017455947,35,147,0,0,3,2,3,2,1,1,0,0,0,1,2,0,tcp,-,FIN
358,0.0,1,62,46,77770,128394.27312657441,255,52,768816544.3001058,0.0,2,18,0.0,1032.7154069693636,6431.71831728395,0.0,115,0,327641186,0,0.05295415666525709,0.0,0.0,1034,40,0,0,3,2,3,1,1,5,0,0,0,2,1,0,udp,-,INT
359,0.21839369651225926,44,130,16087,0,0.0,36,110,43329386.271459214,14544456.61311338,6,70,6226.9964544727345,564.631634703203,0.0,0.0,255,0,2497326142,255,0.0,0.01724385211847645,0.0,219,551,0,15957,13,0,4,2,1,1,0,0,0,2,12,0,tcp,-,FIN
360,2.5693482257374898,2,82,3365,73027,56132.96648387936,21,157,25938481.52277867,0.0,3,28,4360.98038926934,280.37226467539654,15078.461911014121,681.1494087883667,252,291714120,767506798,159,0.31481698887485393,0.26709303051247263,0.026857776690409778,184,0,0,9499,7,3,3,3,1,2,0,0,0,1,1,0,tcp,-,CON
361,0.0,27,0,3817,126854,0.0,16,0,0.0,2565463.3353134096,5,0,0.0,0.0,0.0,3700.846401841564,255,0,1139480880,249,0.02192777924171635,0.0,0.0,217,348,0,0,11,0,3,6,1,3,0,0,0,10,11,0,tcp,-,FIN
362,1.6758867133412751,33,0,46,0,0.0,105,209,45084922.995621495,0.0,0,12,0.0,56.660499320115484,0.0,0.0,255,319200796,1327733188,255,0.27111201495354786,0.178471429081868,0.04063794929309894,28,0,0,64126,1,3,1,1,1,1,0,0,0,4,1,0,tcp,-,CON
363,0.6674459748954067,1,43,46,12521,1170.5559477987565,6,36,16528188.986485647,2319984.389476895,6,0,3523.281520656839,0.0,17790.37345518876,6298.995012215076,224,382896937,2735378067,255,0.0,0.0,0.0,87,676,1,25321,1,0,1,1,1,5,0,0,1,3,5,0,tcp,http,FIN
364,2.839140548969098,1,131,46,0,10958.235409346002,43,0,0.0,0.0,1,0,2751.3943737894792,0.0,11324.576804028218,1082.060763447084,125,60148173,1157507819,24,0.0,0.0,0.0073461670546044935,105,275,0,51386,1,0,3,1,1,2,0,0,0,1,3,0,udp,dns,CON
365,0.0,47,78,7493,0,3728.3490275432455,61,254,0.0,0.0,4,0,3848.591150718246,950.6682691872501,0.0,0.0,254,4294813520,1157016096,196,0.1438239421756189,0.08461355635118353,0.07232785491345066,274,133,0,0,11,4,6,6,1,11,0,0,0,5,12,0,tcp,-,CON
366,3.390340080511038,1,65,3837,117294,0.0,34,254,0.0,0.0,0,0,0.0,1427.5195910941623,19878.5655748579,2548.1701618255565,255,675855797,1938560443,214,0.04398149665904241,0.035512076179660026,0.06311537849199236,161,463,1,5465,1,1,3,1,1,8,0,0,1,1,3,0,tcp,http,FIN
367,0.0,1,0,46,0,15995.331750488254,36,246,0.0,5046312.020067193,1,15,0.0,0.0,0.0,3156.9505942518126,255,1692278773,1798126587,255,0.09984830700615945,0.03371846995844279,0.08222633814503878,152,302,1,0,5,1,2,2,1,2,0,0,1,3,4,0,tcp,http,FIN
368,4.3692556677733165,90,41,3940,15995,38154.490687190955,45,109,45085318.33588429,7620986.871358803,3,34,0.0,414.65876142270287,0.0,111.44196896034879,255,2265325590,3823392440,255,0.0,0.0,0.029373435659722433,166,989,0,0,6,1,1,2,1,1,0,0,0,2,6,0,tcp,-,FIN
369,1.6946485079384601,39,50,6000,109794,0.0,206,251,0.0,4229106.277719727,8,0,425.79241342150044,0.0,0.0,0.0,255,4294813520,1255323428,255,0.18950638134837933,0.07955299389719757,0.06920919018511229,114,0,0,0,4,1,2,1,1,3,0,0,0,3,7,0,tcp,-,FIN
370,2.4670131796494053,122,70,46,57444,0.0,53,49,55489683.13655054,3126694.5060254573,24,0,0.0,1250.8321434373809,0.0,0.0,223,3016587749,357152770,255,0.0,0.032220194230563874,0.0,28,183,0,62961,6,0,1,1,1,1,0,0,0,1,6,0,tcp,-,FIN
371,0.21346880454444772,47,0,46,144054,0.0,231,214,0.0,0.0,0,51,0.0,82.88568494166634,0.0,0.0,255,1772507173,2477028553,239,0.08684008566320145,0.1386347429104033,0.04561223883312883,199,151,0,0,1,2,1,1,1,1,0,0,0,4,4,0,tcp,-,FIN
372,1.9998349226509944,34,0,46,0,0.0,255,183,0.0,0.0,4,9,2452.4930071952817,2017.9875671031252,16222.698522587538,0.0,255,2359767735,1986270069,255,0.1545573411621853,0.13503958972605748,0.07931117782637742,28,46,0,0,4,1,1,1,1,5,0,0,0,3,1,0,tcp,-,FIN
373,2.1481586171612266,33,89,12724,9803,0.0,130,221,0.0,575874.6946075256,0,0,0.0,0.0,10074.699310500064,0.0,255,323086225,241157780,255,0.0885608937732167,0.0509126351571129,0.04115414331472749,115,39,1,0,5,1,1,2,1,3,0,0,1,1,1,0,tcp,http,FIN
374,0.48933704696340136,137,108,13697,0,0.0,23,139,40557170.52999306,880783.6272818263,26,43,2136.5393502663433,0.0,37680.69714127885,1563.995157510675,243,2824678805,2261748981,246,0.0,0.0,0.01858061187010249,82,0,0,11218,4,1,1,1,1,4,0,0,0,3,3,0,tcp,-,FIN
375,1.7220234590964918,86,0,46,14029,61769.74228591239,76,61,119128778.7041815,0.0,10,58,0.0,310.43329321188526,10020.33342138103,0.0,236,385488713,32244932,176,0.05607958808969359,0.0,0.0,92,209,0,0,16,0,3,1,1,1,0,0,0,6,9,0,tcp,-,FIN
376,0.0,6,44,46,0,0.0,0,43,145076641.05741656,0.0,7,20,1514.4210768389823,746.4253891586925,22118.830738242686,7757.023457973136,255,507312676,2466629041,255,0.05795287002011604,0.0,0.04617195367246716,28,334,1,23231,1,0,1,1,1,4,0,0,1,4,1,0,tcp,http,FIN
377,0.0,1,0,651,48092,0.0,8,0,84891664.48923407,0.0,7,0,0.0,613.8196728827909,0.0,0.0,255,1862684794,744742510,255,0.045128970894548676,0.004816276552684929,0.022979159490339237,28,17,0,0,8,0,10,6,1,11,0,0,0,13,18,0,tcp,-,FIN
378,0.18080927300473318,50,4,46,22021,26955.594469552027,63,254,6363976.665193588,0.0,5,64,0.0,735.6302067909645,0.0,1053.9580190980143,210,3068349371,2204272606,221,0.10798004589727006,0.032414758417867,0.05119173735408565,62,0,0,0,13,3,6,4,1,13,0,0,0,6,13,0,tcp,-,CON
379,1.7729869728282317,109,122,46,11189,23476.39311667179,126,0,64378611.19173407,0.0,29,0,1177.2615305305983,0.0,45351.37274190634,4097.546043906507,255,2472638970,1444434755,255,0.0,0.0,0.0,148,250,0,0,8,0,1,1,1,1,0,0,0,3,8,0,tcp,-,FIN
380,2.3107431563325203,9,0,14060,0,0.0,0,173,0.0,0.0,1,0,4445.744505863391,744.3277439355822,15537.67909089131,577.48349522085,255,672729882,1214651726,255,0.37147830852415503,0.19338527160963553,0.06324252000494382,28,223,0,0,4,2,3,1,1,2,0,0,0,3,5,0,tcp,-,CON
381,0.5832016182706758,48,58,3679,0,70852.36703975772,26,1,48905356.194666296,557671.053876592,0,0,1303.0651569022186,1743.2550021440093,45993.45396884636,3170.072418630355,251,0,2044046804,255,0.04806859812581243,0.03175119930836798,0.03356659434564886,43,577,1,0,2,0,1,1,1,4,0,0,1,5,1,0,tcp,http,FIN
382,0.0,22,0,7115,106821,9654.895358220352,103,127,31845575.96971029,4678514.345076422,8,9,40.77777722853967,606.0531241229511,0.0,69.76673448502603,230,3673374878,3917283813,255,0.07542760379192631,0.0,0.0,101,1131,0,0,7,0,1,2,1,3,0,0,0,4,6,0,tcp,-,FIN
383,2.8229763349951495,1,0,46,0,34383.84002092609,0,124,0.0,0.0,1,12,3978.522783378502,0.0,32425.25978468187,8280.559230099774,255,638175762,2152289902,255,0.005611359636668378,0.0,0.0,28,775,1,0,1,0,3,1,1,2,0,0,1,4,1,0,tcp,http,FIN
384,2.456178620462602,40,121,9713,114594,0.0,21,6,0.0,2426160.286059969,5,0,0.0,324.3645417532013,6660.472175100443,0.0,255,2165046198,4294881924,255,0.03669398571720233,0.03145945077965082,9.881028236636928e-06,28,1004,0,20413,6,0,4,2,1,2,0,0,0,6,7,0,tcp,-,FIN
385,1.4876599675576012,1,0,46,142316,0.0,47,0,23175868.676346213,2498495.728791141,6,2,0.0,0.0,24190.791883355745,0.0,168,0,3752869199,244,0.03986006478527731,0.04231253516912104,0.0,104,73,0,45704,21,0,4,5,1,8,0,0,0,9,12,0,tcp,-,FIN
386,0.0,78,0,2023,158210,0.0,40,0,31202359.676243633,7741886.171527936,12,54,18.719790558878586,531.3924731465363,13241.811895532255,0.0,255,2906576399,3006866048,255,0.08599817340376802,0.0,0.03147845200873983,88,790,0,7132,1,0,1,1,1,1,0,0,0,3,1,0,tcp,-,FIN
387,5.081404849026962,22,44,5156,0,0.0,108,33,78875054.15357709,2173716.1626106277,4,0,963.1794644187569,0.0,0.0,2329.7500240104973,255,184315942,1302217446,214,0.0,0.0,0.01824120742059985,28,170,1,0,1,0,2,3,1,1,0,0,0,2,10,0,tcp,http,FIN
388,1.2447424518675447,20,75,46,0,44405.11160050598,53,37,134310886.21843883,0.0,10,0,0.0,606.3846673993831,15942.983552399135,6881.037709132926,127,677519162,2765181564,255,0.007917205755411168,0.0,0.026513346966715406,146,543,1,5271,6,1,1,1,1,1,0,0,1,4,1,0,tcp,http,FIN
389,0.5693662940874282,1,0,11713,28665,0.0,127,254,0.0,80982.79014673646,0,0,361.0143040529229,0.0,0.0,3818.859778704359,255,4294813520,2710726554,250,0.18601811334825877,0.07653639987673296,0.10279024743946863,205,129,0,0,13,3,4,5,1,10,0,0,0,4,13,0,tcp,-,CON
390,4.02636436530816,59,26,9041,10326,1326.0416638411277,13,75,0.0,0.0,23,24,0.0,765.0685242754688,19439.29497440674,0.0,255,3523907837,2518398857,255,0.07033392696481382,0.03262796604610905,0.0,28,217,0,18694,9,0,2,1,1,1,0,0,0,1,1,0,tcp,-,FIN
391,3.817400806415713,123,162,16420,0,23032.6501505744,0,19,66191307.77337758,0.0,33,18,0.0,42.82434065900578,0.0,0.0,255,4128697411,1652310732,255,0.0,0.006519444238257958,0.000586293891708138,86,84,0,6050,3,0,4,2,1,1,0,0,0,1,7,0,tcp,-,FIN
392,1.6088926924842375,9,0,46,30441,16336.481391402558,20,57,103660454.39465381,882265.0846562545,3,0,0.0,1076.0540785701085,0.0,0.0,255,2331504205,2090981287,238,0.023787418204744396,0.0,0.0,28,351,0,0,13,0,2,1,1,1,0,0,0,4,7,0,tcp,-,FIN
393,0.0,73,78,46,49357,0.0,0,0,102967512.54868679,12810493.249453139,6,36,0.0,432.8421974984788,0.0,0.0,237,2121682434,1496201335,255,0.04429452090561192,0.03803709840312237,0.046315683571248635,73,771,0,23077,8,0,5,3,1,1,0,0,1,6,7,0,tcp,-,FIN
394,1.0172337379130287,29,0,46,131054,0.0,86,254,37871954.23504968,0.0,0,16,0.0,935.0981861087577,19167.569176094814,205.8495436983996,199,1391073568,2173947712,255,0.18627281392792233,0.053699881010195245,0.044390653508559155,156,158,1,20539,8,1,2,1,1,4,0,0,1,1,2,0,tcp,http,FIN
395,2.117538103763948,16,0,3261,0,0.0,12,4,160865130.39929584,0.0,0,0,358.3129501110061,0.0,10773.17271427201,6781.283793481352,157,24514263,2986859401,219,0.021696817421088112,0.0,0.0,114,412,1,35347,5,0,1,1,1,1,0,0,1,5,1,0,tcp,http,FIN
396,3.9064077615363653,69,27,3401,111572,0.0,0,52,0.0,12373086.301566247,1,0,2257.303098344078,0.0,0.0,1921.207575327065,255,1789324185,2301395302,255,0.015927722883131223,0.01572560923070249,0.0,155,605,0,0,14,0,3,1,1,4,0,0,0,2,12,0,tcp,-,FIN
397,6.963421322023898,18,9,46,0,0.0,56,48,128650857.6946558,0.0,1,8,3735.15083436916,0.0,33556.1963355067,2969.4927503025283,255,715242622,2354907142,255,0.0,0.03719551075541563,0.025938789987221204,212,902,1,10250,4,0,1,2,1,5,0,0,0,2,1,0,tcp,http,FIN
398,0.0,75,29,46,0,1461.8107210530848,0,32,0.0,12976020.467195494,5,1,3752.760825458495,0.0,13394.622869066625,2143.6497072980096,255,1056975313,529987242,231,0.06711930143305363,0.0,0.01568111113600423,152,666,0,0,9,0,5,1,1,4,0,0,0,4,6,0,tcp,-,FIN
399,2.52619881502541,1,40,46,49493,0.0,255,254,0.0,0.0,5,7,119.64165816104526,157.7630757754272,0.0,539.3637607984106,216,3077993601,1451997172,255,0.23633817518887515,0.01934507612262571,0.0935698389083528,107,124,0,0,7,0,4,2,1,3,0,0,0,1,9,0,tcp,-,FIN
400,0.0,3,0,726,74314,0.0,7,0,0.0,0.0,7,37,6401.470177099636,49.859669483088695,0.0,4387.944783524804,255,0,2718120706,209,0.06239135551936694,0.0,0.0,244,11,1,8427,1,0,3,2,1,3,0,0,1,6,1,0,tcp,http,FIN
401,0.0,53,100,46,0,0.0,88,0,0.0,13235558.96010253,10,17,0.0,303.9886176043164,0.0,0.0,173,0,4294881924,253,0.044591136152445324,0.0,0.010066904812510465,101,301,0,0,18,1,5,2,1,3,0,0,0,4,10,0,tcp,-,FIN
402,0.0,29,16,46,1719,0.0,43,238,73777.72084596612,1768445.1314577798,0,0,0.0,0.0,0.0,944.2953650460723,208,1466483181,4607605,231,0.3121292517988267,0.26167063704917853,0.084168443751794,28,130,0,7196,1,3,2,1,1,4,0,0,0,5,1,0,tcp,-,CON
403,4.118383441397466,1,0,11217,0,0.0,93,180,0.0,858776.1895471934,4,11,134.79725893857793,231.6275736132131,0.0,1985.6022622009625,255,1806034734,1700989761,255,0.07732893759290481,0.1001581586838032,0.06279037209613829,28,68,1,3748,3,1,3,1,1,1,0,0,1,1,3,0,tcp,http,FIN
404,1.5604800618709722,26,0,1027,0,0.0,40,9,10287815.799865056,0.0,3,1,2234.9987955386564,1080.9243355679282,26589.507175002822,2071.436274487719,255,26564817,2585660523,228,0.0,0.0,0.0,111,615,1,0,1,0,1,1,1,1,0,0,1,4,2,0,tcp,http,FIN
405,1.2282675545068713,3,0,9064,57021,998.5969161260093,255,233,52031566.90353123,0.0,2,0,1728.1643678434527,442.91370802834217,28866.478109568925,3224.182159352754,255,3288546123,1910751669,255,0.20505351294067525,0.07879827672149163,0.07597788471979251,44,200,0,29373,2,1,3,1,1,1,0,0,0,3,1,0,tcp,-,FIN
406,0.12613987819645062,57,77,46,20541,1389.0285435150772,36,95,29381961.647321153,14259037.848800465,7,35,0.0,30.730672158538844,0.0,0.0,242,3524242748,0,255,0.06778334960502871,0.01678782556457385,0.0,96,844,0,0,12,1,5,2,1,1,0,0,0,3,7,0,tcp,-,FIN
407,1.5227661245357313,145,108,9460,0,0.0,0,36,0.0,2030684.710438358,31,48,0.0,222.25938742491192,294.54081075417423,0.0,208,3420875955,0,234,0.015254277790330584,0.020161909332728992,0.03026309113854564,28,171,0,2792,2,0,2,2,1,8,0,0,0,1,7,0,tcp,-,FIN
408,1.590842580602343,67,5,7443,0,24847.610574143713,81,81,96811594.76368196,3095559.920793364,27,33,1987.7367023755946,945.7178473034303,0.0,209.95075414228384,205,3254348864,1473057259,255,0.015203428780188594,0.0,0.0,268,0,0,0,7,0,1,1,1,1,0,0,0,1,5,0,tcp,-,FIN
409,0.0,1,0,46,0,0.0,250,254,0.0,0.0,4,2,0.0,216.0235006961742,0.0,3353.183261553878,218,3591548003,1477974283,213,0.1753963993112196,0.08481634765630643,0.06905162113628922,56,166,0,10913,1,1,1,2,1,3,0,0,0,1,4,0,tcp,-,FIN
410,0.0,1,0,11134,120864,27152.49743195668,70,2,0.0,0.0,9,53,0.0,0.0,18136.023237561938,0.0,255,492383272,1674375172,176,0.07147001051245963,0.0,0.06596269368988969,95,61,0,0,16,0,6,4,1,6,0,0,0,8,11,0,tcp,-,FIN
411,0.0,1,91,144,5769,19223.204660318534,65,36,0.0,2451996.5487377555,0,31,927.9085957745627,0.0,0.0,288.73421555398,255,1218009788,1412332602,255,0.0454133013362449,0.020629345327487725,0.0,64,0,1,20202,1,0,3,2,1,1,0,0,1,3,1,0,tcp,http,FIN
412,0.0,1,0,5999,0,0.0,24,254,52552763.09748508,698580.1384604548,0,21,1276.6889447976594,0.0,0.0,0.0,255,4294813520,2257705984,135,0.10416200765971667,0.02656988630742644,0.03638885059453115,62,172,0,0,12,3,5,3,1,11,0,0,0,4,14,0,tcp,-,CON
413,0.38833287134192696,23,0,46,0,60292.02291699988,209,60,706867692.4210409,20228.68840783218,0,3,2222.7583340682095,0.0,0.0,0.0,0,304668423,0,83,0.030105671342129724,0.002058955885085241,0.0,1006,177,0,9053,2,3,2,2,1,3,0,0,0,3,5,0,udp,-,INT
414,0.0,8,75,433,0,3291.47473624361,63,22,32814452.40045823,0.0,0,0,3283.930739058266,597.5487873476959,9706.217001789279,1960.9351520152181,255,2542773622,0,255,0.0,0.0,0.0,99,322,0,0,12,0,11,6,1,12,0,0,0,10,10,0,tcp,-,FIN
415,2.7454272781087194,15,77,46,0,17020.60997497023,47,169,65668074.01093044,0.0,0,29,1721.7308091779064,1387.4589686098197,712.1867673626002,3159.308891336828,255,0,448418499,175,0.07555067073168972,0.13044081899254878,0.07821079033690814,74,494,1,13162,5,2,1,1,1,1,0,0,1,1,5,0,tcp,http,FIN
416,1.2722506152184556,40,0,9128,93487,0.0,108,166,0.0,1318578.019889288,1,5,0.0,0.0,0.0,813.4607516263848,228,971381070,963817675,202,0.008619716566957203,0.024093729625623207,0.010394717934885375,251,276,1,0,2,1,1,1,1,4,0,0,1,3,3,0,tcp,http,FIN
417,0.0,42,0,3090,0,23127.498042412153,53,236,0.0,1738754.842215697,8,0,1589.344806410597,0.0,35220.03284664591,1615.6849383267506,239,0,876195394,164,0.24696015121765275,0.19580993982464198,0.07236327247650993,153,123,0,8394,6,3,5,2,1,1,0,0,0,4,1,0,tcp,-,CON
418,0.032831758597345884,12,43,5761,128892,65919.31970462835,255,135,0.0,0.0,4,0,2859.10282991296,0.0,40437.58897516707,0.0,218,4122680465,306085061,255,0.11120542591070143,0.14751117788581325,0.04333262313096211,226,227,0,0,9,2,1,1,1,4,0,0,0,1,4,0,tcp,-,FIN
419,0.0,49,0,10702,3702,0.0,52,119,0.0,3386394.9426061804,4,0,1269.9201827878933,1367.8003697523495,18412.71262581689,7756.469742707929,231,748858243,1516471110,181,0.0,0.03031005967921741,0.0,215,426,1,0,1,0,2,1,1,4,0,0,0,1,1,0,tcp,http,FIN
420,0.0,9,0,8753,0,49434.80911446937,76,254,0.0,460379.4779394622,0,26,3358.415704067013,729.9429959802909,5100.693646662312,0.0,255,3348497364,1908996564,255,0.19897638086570713,0.07556263974084343,0.011745440249464043,147,0,0,0,16,3,5,5,1,17,0,0,0,3,14,0,tcp,-,CON
421,0.0,1,4,6680,45104,19791.408216287924,13,0,0.0,336195.3666760103,6,20,614.6935689360195,0.0,0.0,0.0,210,2146066138,1177998894,238,0.0,0.0,0.0,151,17,0,4036,10,1,9,6,1,8,0,0,0,11,12,0,tcp,-,FIN
422,0.0,1,87,46,0,10005.969525014989,73,196,0.0,0.0,2,6,0.0,209.03446599890296,4778.17902562005,151.2210996412341,255,1843597856,1161918718,228,0.09296863732706032,0.013695733485221628,0.006530369901734251,28,354,1,12336,1,1,1,1,1,1,0,0,1,3,7,0,tcp,http,FIN
423,4.54808639529176,1,0,46,15137,0.0,121,254,64352690.41146102,0.0,0,1,0.0,1162.6995755417195,0.0,0.0,255,274896199,1181921832,255,0.061148807406748655,0.0389537295079215,0.048288333138768826,28,52,1,6603,3,1,1,1,1,3,0,0,1,4,5,0,tcp,http,FIN
424,2.0258843445120416,1,11,46,0,0.0,251,196,0.0,0.0,3,0,5304.881289655112,47.38181864289563,25122.64421690051,6746.319405684309,245,1668658373,3201777328,255,0.15547893549606248,0.03627812838688861,0.07533202130633085,65,118,0,0,3,1,1,1,1,2,0,0,0,4,1,0,tcp,-,FIN
425,0.0,38,108,7845,133139,0.0,57,0,94313904.8584075,15363978.092390472,8,0,0.0,651.8589424020953,0.0,0.0,210,1633256718,2580275501,255,0.08238007776344376,0.0,0.0,38,737,0,38626,10,0,6,1,1,1,0,0,0,6,14,0,tcp,-,FIN
426,3.6934037250327387,36,120,4442,66094,35772.26373609275,255,214,0.0,4529235.080383511,0,0,53.07537448902196,0.0,0.0,675.7909970356222,255,3130508257,0,220,0.18730263157889748,0.07650452731021395,0.08053714596259294,153,95,0,6995,2,1,1,1,1,2,0,0,0,2,7,0,tcp,-,FIN
427,0.0,53,0,46,0,0.0,68,254,39162871.004987046,133451.50642567026,3,0,0.0,0.0,0.0,0.0,228,2792497587,769643274,253,0.1502168564388405,0.04601445106655452,0.004798793610860781,176,0,0,0,16,3,4,5,1,11,0,0,0,7,12,0,tcp,-,CON
428,0.0,1,5,46,84499,66792.42355357893,255,254,0.0,1150808.325160014,7,0,0.0,0.0,19304.262625516894,0.0,255,3050216308,3359167037,220,0.02735905558792885,0.09960026090888105,0.12979628393813403,74,99,0,8917,3,1,3,1,1,4,0,0,0,1,4,0,tcp,-,FIN
429,1.8393989218509965,17,95,46,0,16661.07279302682,121,254,52300193.50295812,0.0,1,8,2321.3761038130174,0.0,0.0,4739.1639383619295,255,3508017918,2278836795,255,0.12363700050050438,0.016758694785361773,0.05675772577331908,92,0,0,5381,16,3,5,5,1,11,0,0,0,2,14,0,tcp,-,CON
430,0.0,37,0,3569,0,17092.286224438118,35,81,0.0,7763524.968817171,4,46,1289.5109100062482,0.0,0.0,213.71640783713622,187,4064865387,3913686282,212,0.03894551535292787,0.012865093299480929,0.0,28,1111,0,0,3,1,2,2,1,4,0,0,0,4,1,0,tcp,-,FIN
431,2.192236316661348,29,62,46,13922,0.0,255,252,17162763.711365055,155997.38634329697,4,0,684.1741196180492,477.5997611614432,0.0,0.0,255,3187425054,1732899744,231,0.23370929652802586,0.07444221282170818,0.10226623350669145,88,234,0,0,3,1,1,1,1,5,0,0,0,2,7,0,tcp,-,FIN
432,0.9575166020594819,2,0,4550,0,25236.251859584256,27,254,99018064.21049145,0.0,5,35,0.0,188.6229510562742,2575.3639933576915,0.0,251,1343813585,783506357,232,0.3335085207801609,0.22619750502795047,0.04141169015361008,62,0,0,20701,1,4,2,1,1,5,0,0,0,8,3,0,tcp,-,CON
433,1.1716318940881068,1,5,4577,104326,82560.17867084018,245,0,778979844.2408133,2593915.5048891655,0,0,1454.9705760173856,149.37110069978243,8530.926248542335,5724.651866724253,22,130785905,0,16,0.12349120534105258,0.02199802509865888,0.0,958,276,0,36317,6,3,3,3,1,3,0,0,0,2,4,0,udp,-,INT
434,3.5993531264991168,42,6,14355,24742,0.0,46,0,0.0,415480.0068471109,6,1,0.0,720.5212974819897,0.0,1336.848494682695,214,733845002,204120800,255,0.0,0.014096903369598988,0.033295467541410564,150,145,0,0,11,1,10,7,1,9,0,0,0,9,14,0,tcp,-,FIN
435,0.9211972970549303,1,0,7235,15590,0.0,73,0,0.0,3053668.071344232,1,3,1243.1649970314945,0.0,0.0,0.0,255,381519758,1924143672,255,0.0,0.0025706646812676875,0.0,94,0,0,25864,16,1,6,6,1,7,0,0,0,10,10,0,tcp,-,FIN
436,0.7851732426849234,1,0,46,61342,0.0,255,212,0.0,22056.09877239201,3,27,3759.9929764064605,58.09467726912087,0.0,0.0,248,2331846859,4294881924,249,0.1447030213789465,0.09399629094586964,0.06759009506441613,28,33,0,419,1,0,1,1,1,1,0,0,0,2,4,0,tcp,-,FIN
437,0.0,19,64,8453,106477,5974.349119049751,0,0,35948576.9217795,14006815.26922547,5,21,0.0,0.0,0.0,0.0,234,2072187063,3937120572,223,0.07628376263263002,0.0,0.0,28,902,0,4975,17,0,5,1,1,1,0,0,0,3,9,0,tcp,-,FIN
438,1.246395787958436,1,61,46,53694,0.0,255,204,12394579.521768907,0.0,3,6,2642.130780646802,0.0,0.0,1565.6667207337043,224,4048337647,1642176215,255,0.24788506019408016,0.1420703881787653,0.07209581882969315,28,0,0,28410,5,1,1,1,1,4,0,0,0,4,5,0,tcp,-,FIN
439,0.0,18,0,46,96342,0.0,58,229,0.0,0.0,8,0,6204.432649784118,0.0,0.0,0.0,240,1378704625,1512740948,204,0.1772478345428417,0.26980487732566394,0.03512157134098132,153,32,0,0,4,3,2,2,1,5,0,0,0,1,5,0,tcp,-,CON
440,0.0,1,6,2368,41438,22407.425411110922,0,60,12701945.03849186,3465842.981375859,0,0,4444.169641623969,16.354903525369036,0.0,0.0,23,0,880724100,32,0.0065319211050103064,0.05927663006933948,0.02125674111177161,271,0,0,17126,1,0,2,1,1,2,0,0,1,4,8,0,udp,dns,CON
441,0.0,31,53,46,15681,80881.35201129517,97,115,53146409.829325214,0.0,8,32,2005.7491155958494,388.047811928263,43336.00953058012,0.0,255,535929281,118583010,239,0.057066390325393596,0.0,0.015054683215441178,144,0,0,26956,11,0,2,1,1,1,0,0,0,6,4,0,tcp,-,FIN
442,1.0072392771560463,70,12,3364,134066,0.0,103,0,113103128.38974604,15356014.0445202,14,0,3160.0543010298657,329.7497934282255,53067.11886003796,0.0,253,2447815280,158503927,255,0.055482936670386,0.001989665985316527,0.0,28,677,0,0,10,0,1,1,1,1,0,0,0,4,5,0,tcp,-,FIN
443,0.0,38,38,46,0,86618.11442981017,255,0,722915773.5131884,0.0,3,32,0.0,0.0,26749.339464835226,2071.5633797649634,0,0,0,12,0.03340981807819899,0.009841581274877713,0.029772511233804897,1091,0,0,0,1,2,3,2,1,2,0,0,0,5,6,0,udp,-,INT
444,1.0661123504710994,1,48,1214,2523,62862.64406877073,255,212,197627529.0052913,1145451.7498653808,0,13,687.5513694370356,0.0,17895.88929774783,0.0,213,3633405252,2954430877,255,0.13910120140389223,0.0531577798546506,0.07471300119450483,28,0,0,34469,2,2,2,3,1,1,0,0,0,1,2,0,tcp,-,FIN
445,0.0,1,145,46,117421,0.0,255,254,116919242.07401603,406848.3973445711,0,0,0.0,1151.9255849068074,0.0,0.0,230,3571945825,381384765,255,0.0,0.10135937108635702,0.09288608872014352,235,328,0,0,8,1,1,1,1,7,0,0,0,3,4,0,tcp,-,FIN
446,0.0,89,43,6463,160021,20981.9926675798,100,19,14550554.378446193,11479991.682364473,4,4,0.0,1219.3833299884166,60814.75393074174,0.0,255,1593121645,246827365,255,0.12241588705962365,0.008891084198871402,0.043158478967984484,28,801,0,8799,9,0,4,1,1,1,0,0,0,4,8,0,tcp,-,FIN
447,0.0,51,39,3744,49482,19194.4802071926,67,0,22058883.83585094,14385594.472101016,8,69,2552.803502147285,0.0,8931.297928698754,0.0,255,1876249583,0,216,0.03699633283136623,0.0,0.03169511037462739,265,930,0,21504,12,0,4,1,1,1,0,0,0,2,6,0,tcp,-,FIN
448,0.9415334678391302,79,89,12364,1612,30542.9993393689,0,65,113054197.22235489,18847225.88283685,8,52,0.0,70.46834122624985,0.0,4194.79120298773,255,1750267941,3957533730,255,0.0,0.02570985942450092,0.012091857262753667,28,817,0,8336,18,0,2,3,1,1,0,0,0,2,9,0,tcp,-,FIN
449,0.0,23,60,1625,109388,69471.69317951279,130,77,0.0,666717.2592973381,0,2,0.0,0.0,70581.33924649557,10806.602481231264,255,91006978,1335440973,240,0.0,0.022763194921410004,0.0,164,392,1,15792,5,0,1,1,1,4,0,0,1,7,9,0,tcp,http,FIN
450,0.27316263728138074,1,0,46,54440,0.0,83,28,0.0,2423698.3205306344,0,3,1132.3634946667298,775.8798396341907,0.0,3236.0752919623555,21,0,0,0,0.015415595961640568,0.0,0.01292213611699442,28,0,0,0,1,0,2,1,1,2,0,0,0,3,1,0,udp,dns,CON
451,0.0,26,0,46,23044,9026.825300325068,6,0,0.0,1251469.9635201297,1,0,0.0,1750.325833080568,19023.703605278148,0.0,246,3334901882,0,244,0.02867819380774655,0.0,0.0,171,211,0,9726,10,1,12,6,1,8,0,0,0,13,10,0,tcp,-,FIN
452,0.0,70,46,46,0,0.0,0,43,0.0,2438939.2812408,3,7,1790.931962457595,0.0,0.0,975.9041169607534,160,0,1529543446,255,0.0,0.004120575696869834,0.021109355810434,126,0,0,0,18,0,5,6,1,5,0,0,0,7,16,0,tcp,-,FIN
453,1.1286946350175076,73,0,4268,24137,286.6443281553218,56,17,0.0,0.0,12,0,0.0,889.478548728684,12967.196853480702,2183.5163286819025,243,986176644,660535720,209,0.0,0.0,0.047192178330665385,223,200,0,0,9,0,10,4,1,7,0,0,0,12,13,0,tcp,-,FIN
454,0.0,124,105,11778,13620,2026.1305454750893,17,17,0.0,0.0,26,30,0.0,562.5192850398696,16012.818859871735,0.0,235,2664521440,1366901369,248,0.030321305325496196,0.010044235690926981,0.0,137,382,0,747,6,1,2,2,1,1,0,0,0,1,8,0,tcp,-,FIN
455,0.7743595121122387,64,67,20199,4986,0.0,47,3,0.0,15770350.805731412,3,67,0.0,0.0,19562.359926009747,0.0,199,2638642154,94323907,251,0.0,0.0,0.0,28,580,0,0,8,0,5,2,1,6,0,0,1,6,9,0,tcp,-,FIN
456,0.0,32,51,46,8751,49707.99516233598,255,46,630216915.0640924,0.0,0,0,0.0,0.0,29152.08369822186,0.0,0,0,798523993,0,0.0,0.05262188463821105,0.020438272528735847,1315,0,0,12129,10,3,1,2,1,7,0,0,0,4,1,0,udp,-,INT
457,0.2862033431867683,1,0,46,19643,0.0,3,42,110737895.76053822,2989317.195497477,7,0,0.0,1872.615515546855,3587.6842380776657,0.0,255,0,3223006690,255,0.0,0.0,0.0,152,60,0,0,16,0,5,5,1,4,0,0,0,10,16,0,tcp,-,FIN
458,1.4422325397128624,31,0,46,0,80772.55488761645,0,81,95941574.26710716,0.0,6,0,0.0,587.2824621924923,5314.791888790242,3421.244641949833,193,1823221641,1050180814,182,1.0508892776137308e-06,0.0,0.044893750632207484,31,98,0,7626,15,0,7,1,1,2,0,0,0,5,4,0,tcp,-,FIN
459,1.787481106407093,11,0,3005,71458,0.0,50,96,0.0,184701.34802947356,0,8,1976.8917911693159,787.8921395821748,8475.6919904324,10341.01267091698,216,326747546,2538765254,255,0.0,0.0013746625118913956,0.0016980618923969843,153,470,1,13527,1,0,1,1,1,4,0,0,1,3,7,0,tcp,http,FIN
460,1.9163732895158532,15,0,3550,87484,46532.41794943695,36,254,119238552.08209588,0.0,1,0,0.0,0.0,0.0,0.0,255,4294813520,1628785188,253,0.2263349442837913,0.011042582707591363,0.06036864430801604,228,0,0,0,17,3,3,6,1,8,0,0,0,6,10,0,tcp,-,CON
461,1.2996502606540539,1,0,1182,67414,0.0,38,4,32093187.114751313,6025048.101150597,1,10,2281.3638204836307,46.84786656677939,0.0,0.0,168,408317015,2706406584,255,0.0708542109644065,0.0,0.0029182631591222453,156,89,0,0,16,1,4,5,1,2,0,0,0,11,17,0,tcp,-,FIN
462,1.2397719074504114,1,0,7830,0,3637.718900494402,188,254,88414170.44184025,0.0,3,0,0.0,0.0,0.0,0.0,245,1754252434,1671668657,255,0.19834803766173106,0.009068137088334038,0.08585707593844254,103,71,0,0,2,1,1,1,1,1,0,0,0,2,6,0,tcp,-,FIN
463,1.7038993431862277,1,0,46,52897,76374.88023258328,19,52,0.0,1489877.4089881717,15,20,0.0,575.7865881616996,28744.843595050817,6406.858410093907,192,2795140564,1711033024,159,0.005945146916811564,0.007907988834290183,0.0,194,240,0,13445,5,1,12,6,1,11,0,0,0,9,13,0,tcp,-,FIN
464,0.0,1,0,6754,5449,33020.38629717519,66,160,0.0,0.0,2,0,0.0,0.0,10692.77475108475,0.0,0,646775193,809891115,0,0.0,0.03259725297451219,0.0,153,77,0,7266,4,0,2,1,1,6,0,0,0,3,4,0,udp,dns,CON
465,1.0521763354124558,3,0,5157,0,0.0,61,45,51376962.564631835,0.0,4,5,0.0,0.0,0.0,0.0,244,921985999,1409275256,226,0.0,0.0,0.032382215452655246,28,266,0,0,21,0,4,6,1,8,0,0,0,7,12,0,tcp,-,FIN
466,0.0570298020986742,8,0,1459,47263,0.0,0,64,0.0,1503728.833370126,1,0,1606.9039036977854,0.0,0.0,0.0,201,623316085,1700490203,255,0.07883729608103336,0.04453005283347808,0.0,310,0,0,2221,14,0,8,5,1,5,0,0,0,8,17,0,tcp,-,FIN
467,3.6908770977492504,61,78,46,10733,3367.589478191708,0,44,0.0,1006635.1716566959,0,43,0.0,1821.021045023458,0.0,0.0,255,960309745,3044464669,178,0.0,0.0,0.0,332,0,1,5589,5,0,2,1,1,3,0,0,1,2,5,0,tcp,http,FIN
468,1.3179515453516006,152,160,24115,190965,39371.36885796655,32,24,0.0,0.0,33,36,0.0,0.0,0.0,1158.989103096895,255,2034067311,887776810,207,0.0,0.0,0.0,145,72,0,4615,3,0,1,1,1,1,0,0,0,1,8,0,tcp,-,FIN
469,0.0,1,7,46,99088,1814.1467017337081,255,239,30044629.728322305,0.0,5,47,0.0,393.35983771342774,6777.762176298201,4096.374924184786,255,2669113249,2906882265,255,0.12701483980370687,0.0987043472989742,0.056866733630528736,57,117,0,0,4,1,1,2,1,6,0,0,1,1,2,0,tcp,-,FIN
470,0.8783225380632911,16,0,2999,48310,0.0,82,254,8983282.77470221,0.0,0,14,1109.8054764142014,0.0,4533.643298325267,0.0,255,157978329,286961561,255,0.28836930824554563,0.2551267818013606,0.06297629655051717,172,177,0,3273,3,3,1,2,1,5,0,0,0,7,5,0,tcp,-,CON
471,0.0,5,0,46,18541,67595.49792526766,6,55,126169543.67167369,0.0,9,38,4852.605205907601,0.0,17739.139708930852,2218.6525642815536,180,1023093088,3344327725,255,0.0,0.016490972864605137,0.0,63,319,0,19290,21,0,3,5,1,5,0,0,0,9,14,0,tcp,-,FIN
472,1.4793662969889672,52,79,15607,61138,64205.508283882984,46,87,0.0,13896227.662080217,7,19,0.0,0.0,0.0,0.0,242,3271758912,322729429,200,0.0,0.03964574569695249,0.0,40,852,0,11286,10,1,3,2,1,1,0,0,0,8,5,0,tcp,-,FIN
473,1.6254086790757922,11,32,6942,0,26525.460345486565,136,254,7650223.636293932,0.0,5,9,1733.372395229721,280.8387721826797,14726.101696183061,0.0,255,3483848323,3669950012,166,0.10292887498930613,0.06540757201291619,0.06842144574374251,28,161,0,8649,14,4,4,3,1,13,0,0,0,5,17,0,tcp,-,CON
474,0.0,19,0,46,0,0.0,41,6,57121629.1516282,2693940.419544546,1,29,0.0,0.0,0.0,267.92038262930254,47,0,428164630,30,0.0,0.010645739984154221,0.046966092500397294,220,295,0,34527,4,0,3,1,1,1,0,0,0,1,3,0,udp,dns,CON
475,0.0,1,4,4441,0,0.0,0,236,0.0,1619757.1789145756,1,23,2619.6826143080234,602.8087056492656,0.0,0.0,255,1016885215,0,255,0.28528988547073036,0.20602866513885912,0.08944148302963431,286,0,0,3527,3,3,1,1,1,5,0,0,0,3,7,0,tcp,-,CON
476,0.40267719440006144,35,0,2717,0,0.0,72,186,0.0,0.0,0,14,1367.8467568310634,0.0,7824.34501721854,908.358897997487,255,4294813520,3432621462,236,0.07377412209052844,0.13489407028482459,0.08479711097446671,28,10,0,0,12,3,6,5,1,14,0,0,0,5,9,0,tcp,-,CON
477,0.0,1,13,46,0,0.0,132,112,14487113.30238332,0.0,0,0,0.0,0.0,371.1602690414456,0.0,49,0,780545463,0,0.0,0.0,0.0307230789423097,155,514,0,0,1,0,3,1,1,1,0,0,0,2,6,0,udp,dns,CON
478,0.0,22,63,7012,0,0.0,0,2,120956568.75137715,3659051.023518465,9,2,0.0,897.3828567396075,17304.75399267118,1342.327858449024,255,0,1369434755,231,0.0,0.0,0.006114574832126072,86,314,0,3700,11,0,4,1,1,1,0,0,0,7,8,0,tcp,-,FIN
479,0.0,137,54,6541,40683,37701.39052351028,32,78,11472900.37774224,9115093.339946873,5,54,1667.5742823647208,1158.806002632086,26761.70415085238,0.0,255,3863132643,4294881924,255,0.0,0.007891851172609432,0.0008247912357654912,39,925,0,0,9,0,2,1,1,1,0,0,0,3,3,0,tcp,-,FIN
480,1.247720485835427,14,103,2501,0,79218.48473471637,20,43,62852478.24142764,2469629.6047262233,4,34,106.18190510319444,4.889990417708932,27773.840742984805,0.0,239,0,1900446334,242,0.0,0.02397587501099145,0.0,182,222,1,0,4,0,5,1,1,2,0,0,1,3,8,0,tcp,http,FIN
481,0.0,45,0,716,0,48280.18789272196,67,254,66251571.11173606,0.0,0,0,0.0,0.0,40370.1682714654,0.0,255,952783832,0,255,0.23452846463905963,0.25304564732975887,0.09063742209158354,28,0,0,9756,1,3,1,2,1,1,0,0,0,4,2,0,tcp,-,CON
482,0.0,87,97,7757,56723,0.0,41,23,0.0,5334547.55117768,10,18,0.0,89.88130705691283,41458.68698887568,0.0,205,2177707762,3923196711,255,0.0,0.0,0.008228450199688393,57,828,0,24616,10,0,3,1,1,1,0,0,0,4,5,0,tcp,-,FIN
483,5.552057040501012,138,124,9357,131992,9943.011011708904,87,0,6545618.145447714,0.0,31,10,1525.6073854751648,1555.9786355305196,0.0,1823.0287725908531,255,4153389344,2107617502,255,0.0867681873278797,0.06268735633926822,0.0,72,0,0,0,8,0,2,2,1,1,0,0,0,1,3,0,tcp,-,FIN
484,4.97919738391364,10,13,1977,55069,15271.95071763318,35,0,0.0,0.0,0,25,0.0,0.0,61797.1026192563,3780.8509560709945,161,0,2641975125,146,0.0,0.05709919511490694,0.0,140,630,1,6006,5,0,3,2,1,5,0,0,1,1,2,0,tcp,http,FIN
485,2.42867074468757,11,12,46,0,0.0,94,116,121532548.30833195,1343757.0068172298,3,0,92.31001468234511,3.731902252761353,65703.36775006773,0.0,226,2694147785,1649463942,216,0.0,0.04445564056194711,0.0,28,33,0,0,11,0,11,6,1,11,0,0,0,11,12,0,tcp,-,FIN
486,0.22541344968590402,1,7,12362,0,0.0,56,254,56243476.883975275,1180275.1568287187,6,20,1546.413660427137,0.0,0.0,0.0,249,4294813520,2888938932,224,0.17359625709275783,0.07236494440033356,0.07772277198113904,209,58,0,788,13,3,7,3,1,13,0,0,0,7,12,0,tcp,-,CON
487,1.5021031708235724,20,53,46,0,0.0,14,85,72243008.97544996,1937616.3826805563,0,15,0.0,0.0,0.0,0.0,255,0,2759833951,213,0.0,0.044375235643970695,0.045149079366301234,240,33,1,3059,1,1,1,1,1,1,0,0,1,2,9,0,tcp,http,FIN
488,0.0,37,132,6486,0,85032.04259617168,0,98,42811023.57162806,14827322.874239044,3,11,0.0,333.2301424573937,8207.620920948671,2007.5881443028968,255,3118498032,1157816061,255,0.0,0.00985285147972916,0.0,101,553,0,0,12,0,1,2,1,7,0,0,0,4,11,0,tcp,-,FIN
489,0.0,140,126,5665,0,14963.596907319035,0,8,8508295.277960164,473198.8258412168,30,69,4196.968266753638,680.7150729293768,5695.20071616586,1053.7242615631046,203,3467924119,2209796566,255,0.0076632083092302876,0.009367588588982933,0.030586633252977845,41,258,0,29262,1,0,1,1,1,1,0,0,0,6,4,0,tcp,-,FIN
490,0.0,52,66,13738,72837,0.0,45,50,67280936.05822447,0.0,14,0,0.0,237.02602366284717,0.0,0.0,255,667515657,1042398202,161,0.05515473817848135,0.02513710067021144,0.03535852229257789,360,0,0,26147,15,0,3,1,1,5,0,0,0,4,8,0,tcp,-,FIN
491,0.0,20,0,46,0,0.0,255,254,0.0,2601572.07952045,0,40,2698.501016719819,742.6515820738208,0.0,0.0,255,2780524774,2368102263,255,0.15681142681575344,0.08635586143547998,0.04299362595336806,28,0,0,45049,2,1,1,1,1,5,0,0,0,1,6,0,tcp,-,FIN
492,0.07356194387383895,40,89,46,0,22606.12800875717,54,0,104636845.2581889,18237826.339719683,9,26,6475.496543807788,0.0,4944.606208363728,8480.26753263498,255,963132328,3312109889,255,0.0,0.036562231967870125,0.0,141,442,0,0,16,0,2,1,1,1,0,0,0,4,11,0,tcp,-,FIN
493,1.1615447150317089,34,0,46,1387,0.0,65,20,0.0,67429.80223646351,7,0,627.1968239922111,0.0,0.0,627.0092693162069,167,1655026167,0,255,0.0,0.0,0.001958006523055113,112,43,0,0,12,0,2,2,1,6,0,0,0,4,8,0,tcp,-,FIN
494,3.3506917415911044,58,124,6099,65476,0.0,11,58,83981574.47223651,5080962.83948151,5,65,0.0,600.9146906762769,14162.699653605025,2586.5044540724857,221,3579029849,4054314370,255,0.0,0.0,0.0,263,877,0,0,7,0,1,2,1,2,0,0,0,5,1,0,tcp,-,FIN
495,1.1499620476467773,38,131,46,0,27764.484961683193,19,4,0.0,0.0,4,28,426.8142090714517,0.0,53986.808561919155,1103.0361672135068,255,372072971,2872675690,212,0.0,0.0,0.0,171,758,1,0,3,0,1,1,1,2,0,0,1,3,1,0,tcp,http,FIN
496,0.0,1,12,46,0,54900.59579335022,79,13,55279043.944742136,843667.583535518,2,0,0.0,0.0,0.0,0.0,255,2136707321,537866623,255,0.018210595993563932,0.03316116752369518,0.032953423418559974,157,0,0,15019,11,1,11,5,1,9,0,0,0,11,13,0,tcp,-,FIN
497,0.46028774210314094,5,0,46,59537,46113.849228674546,255,243,0.0,0.0,3,0,238.81724626107305,219.75660097722005,55973.62991801877,0.0,255,3012787300,785388659,247,0.1029484929830286,0.06401398849747983,0.05006138921419694,286,0,0,18255,6,1,2,1,1,7,0,0,0,1,7,0,tcp,-,FIN
498,2.133880520601158,1,0,4911,31277,0.0,255,254,21721456.794721242,2600330.876983533,0,0,1917.351413702358,131.40106781548718,46137.97752954154,0.0,255,3803479510,509630812,255,0.11088719201160463,0.0861270434538855,0.13081630079913992,128,0,0,14198,10,1,3,2,1,4,0,0,0,3,5,0,tcp,-,FIN
499,0.0,1,63,46,151206,84654.2760522364,255,0,728935688.9493158,0.0,0,57,2147.6836971537705,0.0,0.0,2153.8367742070104,0,0,0,0,0.0,0.032898617852979296,0.0,931,0,0,0,5,2,2,1,1,1,0,0,0,1,1,0,udp,-,INT
500,0.0,121,114,46,164722,0.0,33,54,0.0,2297331.089130857,11,14,0.0,1200.5096781470684,0.0,0.0,250,2326222406,4294881924,255,0.0,0.046467436762697656,0.0,30,940,0,0,3,0,5,1,1,1,0,0,0,1,2,0,tcp,-,FIN
501,1.1832740541273281,31,15,8278,98341,40065.85723627764,72,239,0.0,0.0,2,0,3100.7387795506565,1415.864981382224,0.0,0.0,255,4294813520,1688970534,204,0.1645440836687161,0.09823980633284538,0.036991114918341145,261,163,0,41122,11,4,6,7,1,10,0,0,0,3,12,0,tcp,-,CON
502,0.0,1,54,46,190040,0.0,0,0,3147872.206719891,0.0,4,6,706.6958386905495,724.8961139803564,0.0,0.0,59,0,0,142,0.0,0.02646040436170548,0.0,89,0,0,0,3,0,3,1,1,1,0,0,0,1,2,0,udp,dns,CON
503,0.0,7,75,8311,83780,0.0,0,15,11769130.142252533,14759062.19318319,9,0,0.0,324.72366802277884,13240.376725645125,89.74550989948324,248,1214810124,4177093515,202,0.06126619608915803,0.0,0.0415207724011484,41,733,0,29773,17,0,4,3,1,5,0,0,0,3,12,0,tcp,-,FIN
504,0.9671481599090399,1,64,46,11144,18334.066025789827,7,254,0.0,1533148.0497191716,2,0,1923.6105988972845,1042.3405609065605,16260.336329416783,0.0,255,3612731640,2645598804,255,0.09335629536143661,0.031475383277643196,0.029872832649235848,303,0,0,8504,10,3,6,4,1,14,0,0,0,3,15,0,tcp,-,CON
505,0.0,1,65,12297,67675,22477.279706886748,33,65,0.0,3383556.7242431263,1,28,0.0,119.94465517909593,3275.6984289065545,2741.320794979544,187,0,2455037382,235,0.0,0.0,0.0,28,0,0,0,23,1,5,4,1,6,0,0,0,8,15,0,tcp,-,FIN
506,0.0,69,80,5180,0,0.0,17,38,13230893.49107621,2199655.3009633636,0,11,0.0,0.0,8495.27749639794,0.0,0,0,546591016,40,0.0,0.0,0.0,28,100,0,0,1,0,7,1,1,1,0,0,0,3,10,0,udp,dns,CON
507,0.23101042794804605,34,42,46,11614,70448.77854842637,0,84,32802437.84860459,0.0,0,0,2744.3302127607662,0.0,0.0,236.80374736194278,255,1063176569,278812783,253,0.013259330390819644,0.0061624567300265585,0.0,28,278,0,0,13,0,6,1,1,1,0,0,0,1,6,0,tcp,-,FIN
508,0.0,51,114,46,13551,0.0,29,93,0.0,7147716.958403878,6,27,174.03520395736567,0.0,9067.573501746409,4200.316832558216,255,4207569709,3797613735,194,0.027892898769428583,0.035859734368035995,0.004844941396085651,182,829,0,8778,1,0,1,1,1,1,0,0,0,4,6,0,tcp,-,FIN
509,0.0,23,0,4601,27256,53744.56312571499,238,254,3619765.726118898,205676.94424840287,3,0,4115.51408442156,816.1702860675543,46709.402501629374,8192.356530930534,239,2786297480,3439843375,99,0.14148097135486498,0.10246763695761966,0.06551037443298781,43,0,0,0,5,1,1,1,1,7,0,0,0,4,2,0,tcp,-,FIN
510,1.1892915271997526,1,0,46,0,0.0,196,225,2170847.9408190646,598840.9968984983,9,0,0.0,0.0,0.0,1415.4915249489225,252,3185281463,2952076952,255,0.277267597633472,0.0,0.02782723002251586,151,29,0,32672,2,1,2,1,1,3,0,0,0,2,1,0,tcp,-,FIN
511,0.0,40,137,1821,0,16072.258195017323,13,54,0.0,15597599.263170395,9,0,752.7545506522471,0.0,427.6787548172247,0.0,211,363128381,2503072347,255,0.087049069196356,0.0,0.0,51,534,0,0,12,0,4,1,1,3,0,0,0,4,10,0,tcp,-,FIN
512,3.289605289998872,5,13,8675,28200,0.0,15,54,0.0,777489.1511059492,0,0,1000.5121891371082,0.0,10556.799842370849,0.0,15,0,55843391,0,0.0,0.0,0.04177291785776228,169,175,0,14722,1,0,2,1,1,1,0,0,0,1,4,0,udp,dns,CON
513,0.0,1,41,46,0,88140.08361026365,224,0,628356853.4033461,0.0,0,0,1048.2344735499425,0.0,0.0,4747.932608964299,11,1171999733,72505382,17,0.07618744308693226,0.0,0.026675959784762674,1006,168,0,13025,7,2,1,3,1,1,0,0,0,2,2,0,udp,-,INT
514,2.0385495805037124,38,16,1669,0,28887.636166678116,255,173,0.0,1770201.0675827458,4,0,1657.2138140740215,0.0,9899.973635527556,0.0,255,2390307964,1982967041,255,0.23255766260164157,0.09564559182614604,0.08298171253761855,108,214,0,34090,6,0,4,3,1,5,0,0,0,1,2,0,tcp,-,FIN
515,2.5472864977940066,21,0,7992,0,0.0,0,0,0.0,0.0,6,30,1285.7271588797068,134.69302746409528,36792.165210069375,10005.10972120929,192,0,1381753139,215,0.0,0.028712666857081022,0.002203178279008689,159,562,1,0,1,0,1,1,1,1,0,0,1,1,1,0,tcp,http,FIN
516,0.3796352972017387,30,19,7015,0,0.0,0,33,99421612.01287444,1925625.0972218995,2,23,148.28316812948214,839.745181760244,0.0,9965.233102275297,255,0,549668539,215,0.0,0.0,0.014670514657300175,166,740,1,6154,2,0,1,1,1,6,0,0,1,2,5,0,tcp,http,FIN
517,0.0,1,75,46,0,0.0,31,44,0.0,2244067.4618252586,2,0,0.0,0.0,50175.14371865164,0.0,0,0,654479999,0,0.011065330539793621,0.0,0.02578792766665495,244,0,0,0,5,0,9,1,1,1,0,0,0,4,5,0,udp,dns,CON
518,1.8279036797824049,31,30,46,28189,142483.52027713708,67,193,165826966.9529623,2816888.8186391057,1,0,2306.604518969382,76.04864202457478,0.0,5238.1259183564425,201,530117063,0,255,0.2881442577040645,0.23507634311395148,0.11238583282485418,28,321,0,2168,3,4,1,2,1,3,0,0,0,4,9,0,tcp,-,CON
519,0.0,55,0,46,15115,7692.586683227786,255,254,155241033.26898327,425440.510050554,5,0,0.0,0.0,16758.925606010584,1307.1950144947643,255,2967526875,2999784033,255,0.0,0.07118500746150692,0.07321095231403482,46,0,0,23961,4,2,1,1,1,4,0,0,0,3,1,0,tcp,-,FIN
520,0.0,95,115,722,87330,5742.0974124773675,4,37,5686575.875250732,2953376.007739042,24,83,0.0,0.0,116.51310521876951,345.0575871867769,255,3454509236,0,255,0.0067267623892933925,0.0,0.0,84,0,0,4613,9,0,1,1,1,1,0,0,0,1,6,0,tcp,-,FIN
521,1.8529315694542168,1,97,2672,51317,16501.967329587103,209,254,0.0,0.0,8,0,0.0,0.0,9164.44863481104,0.0,255,1749196764,3246695042,255,0.14535058356329014,0.03707504382355527,0.03228239622805579,58,258,0,48609,1,1,3,1,1,2,0,0,0,3,1,0,tcp,-,FIN
522,0.39276337867053945,47,0,46,73927,0.0,62,254,182272264.18463755,680891.2336516309,0,0,2420.6213179926344,842.3929994905287,22490.902892949947,0.0,255,0,1382205294,242,0.07452287427925833,0.01745245421732569,0.07403321785095007,43,44,1,11141,5,1,1,1,1,1,0,0,1,1,5,0,tcp,http,FIN
523,0.0,3,0,1555,42080,39242.90173603694,9,0,61887878.40411408,3001048.6032367055,5,4,0.0,0.0,0.0,0.0,241,594500219,2965567310,167,0.09246746224729324,0.05285156242270856,0.0,78,100,1,0,1,0,1,1,1,2,0,0,1,2,3,0,tcp,http,FIN
524,0.0,55,115,8520,15863,29375.39612553584,107,52,36127179.273451455,0.0,3,1,4843.037268439337,167.6573728733829,25099.68737885798,0.0,251,636229126,2476627105,242,0.0,0.043308834216942,0.023894437458662668,251,0,0,9580,16,0,7,6,1,6,0,0,0,6,13,0,tcp,-,FIN
525,0.0,10,59,46,78861,0.0,15,63,0.0,0.0,6,0,0.0,404.0182942924804,45410.26615902079,6815.703763282491,255,2833095300,0,255,0.0,0.0,0.0,80,549,0,0,16,0,1,2,1,1,0,0,0,3,6,0,tcp,-,FIN
526,4.989124025601123,50,2,46,62615,91134.7948043772,251,225,0.0,0.0,1,28,0.0,725.8795898892575,0.0,3019.7836310730913,232,3180665742,1820075657,255,0.14262910223684655,0.035784000064289,0.04147038493533386,301,330,0,0,6,1,2,1,1,4,0,0,0,1,1,0,tcp,-,FIN
527,2.0569356148458464,64,43,4881,75540,4436.23624402985,153,0,0.0,13952782.774703844,8,35,0.0,1515.0265313383811,0.0,0.0,255,1744451106,0,255,0.0,0.0,0.015106150425000617,114,1049,0,0,10,0,1,1,1,2,0,0,0,4,9,0,tcp,-,FIN
528,0.0,67,117,46,136229,0.0,21,34,120700147.68719514,13031836.022156244,9,44,0.0,0.0,28767.918223360884,5127.0840039889035,144,2399209574,0,255,0.0,0.0,0.0,31,821,0,339,11,0,2,1,1,5,0,0,0,1,10,0,tcp,-,FIN
529,0.0,45,0,9761,0,14695.730161115527,58,0,40888188.135255426,873817.1732671997,4,14,0.0,0.0,22314.6649706016,3777.617181097025,0,128988292,0,30,0.0,0.06855706268268502,0.01375736075117566,129,242,0,0,4,1,7,3,1,1,0,0,0,2,4,0,udp,dns,CON
530,1.5632382531062397,1,61,7101,0,0.0,94,254,0.0,0.0,8,22,3858.106918476133,527.4367918863059,0.0,0.0,255,469574836,717201211,240,0.3189464755539644,0.20416014560070722,0.07299183548607824,177,35,0,25330,8,3,3,2,1,3,0,0,0,2,4,0,tcp,-,CON
531,0.0,1,30,2935,0,0.0,98,232,0.0,0.0,3,39,2728.4119680253416,1784.6139783083884,14389.494189484227,1469.877363956451,209,4294813520,2665304880,255,0.18228548116443227,0.09390573633955873,0.00700987958171069,300,218,0,0,16,2,8,6,1,9,0,0,0,6,12,0,tcp,-,CON
532,0.0,10,37,13971,82477,0.0,45,116,0.0,458196.39688722906,13,38,625.2833015444068,0.0,18161.30164257305,0.0,242,0,47766551,255,0.01588189118427921,0.0,0.041390680964635926,28,116,0,0,12,1,1,1,1,1,0,0,0,5,9,0,tcp,-,FIN
533,0.0,60,57,46,138927,0.0,41,0,0.0,13326468.381967077,7,73,0.0,0.0,0.0,2856.7703578742385,255,1456690843,3206051235,172,0.011263831806698986,0.0,0.03782843193646199,28,894,0,32775,12,0,4,1,1,1,0,0,0,1,10,0,tcp,-,FIN
534,0.0,1,0,946,0,0.0,67,254,13748226.481477164,0.0,6,30,2049.7747693078554,0.0,38429.482627858764,1362.1926221939787,255,500224952,1047800179,255,0.29071878998193046,0.21981070355333432,0.09539846841891952,203,0,0,0,3,3,5,2,1,6,0,0,0,4,4,0,tcp,-,CON
535,2.383680779097215,40,77,4381,100006,0.0,3,101,0.0,0.0,8,0,3296.4289997080327,0.0,0.0,0.0,185,1020848302,442857046,255,0.08788133975768157,0.013517324287175128,0.02847428903954721,172,126,0,808,12,0,2,1,1,1,0,0,0,4,3,0,tcp,-,FIN
536,0.0,1,0,46,0,0.0,47,0,0.0,0.0,2,24,0.0,1073.1269280900103,0.0,0.0,181,3623941635,298204052,189,0.0,0.0,0.0,125,18,0,4574,10,0,10,6,1,9,0,0,0,12,7,0,tcp,-,FIN
537,0.4116707022420063,42,0,2554,0,0.0,255,244,0.0,0.0,3,18,0.0,0.0,27449.607101275866,0.0,204,1780628714,2851434248,255,0.19480409067548787,0.09345382863511108,0.11065833722036619,121,75,0,0,1,1,1,1,1,1,0,0,0,1,5,0,tcp,-,FIN
538,0.8761047929369661,1,37,46,0,24566.415728054828,255,232,87315351.19007072,1047222.3689057983,4,47,0.0,0.0,0.0,1510.0849377683564,172,2874134629,2527940191,255,0.18876810162220298,0.10786304940904363,0.09896865687418667,106,0,0,10511,3,2,2,1,1,3,0,0,0,2,2,0,tcp,-,FIN
539,3.160076594262976,1,32,6676,0,96265.73065423542,255,0,696548675.5521692,0.0,0,0,0.0,2.295822360177651,0.0,3598.7320265364965,0,565856678,478977048,0,0.0,0.0,0.0,869,76,0,2327,1,1,3,2,1,7,0,0,0,4,1,0,udp,-,INT
540,0.0,1,35,8157,0,3109.4349004163796,73,41,0.0,1541777.8531002451,4,15,3127.800014706315,1965.0413190402019,0.0,1741.5771483910246,202,715988610,2812470052,255,0.036956539451084826,0.007708252098658486,0.0,161,7,1,10585,2,0,1,1,1,1,0,0,1,3,10,0,tcp,http,FIN
541,4.791504540394305,1,27,2363,44337,0.0,211,187,0.0,0.0,5,0,0.0,98.64858990630555,22023.74790819781,2683.7285414791863,255,1387855528,3211585958,240,0.05354135017164596,0.0,0.04329670810592268,187,168,0,0,3,0,1,1,1,2,0,0,0,7,3,0,tcp,-,FIN
542,0.0,9,0,46,46233,1837.1340500626754,18,23,139206357.4415929,4372079.13535618,0,12,0.0,1446.1094758910979,7740.907445711072,0.0,0,962476609,0,0,0.0,0.0,0.04306208097413951,82,318,0,0,1,0,4,1,1,4,0,0,0,2,3,0,udp,dns,CON
543,0.0,17,64,46,75788,0.0,78,55,0.0,486778.79762147286,0,1,3769.614201714784,0.0,0.0,0.0,255,948399506,1274961107,237,0.0,0.0012446927500746087,0.0,28,192,0,0,14,0,2,1,1,1,0,0,0,7,8,0,tcp,-,FIN
544,2.659493610376006,3,6,4619,0,0.0,135,241,0.0,0.0,9,13,0.0,1205.9854992087935,0.0,0.0,203,0,1204335670,255,0.1836189256695539,0.04861472428874444,0.03937184394470716,49,501,1,0,4,1,1,2,1,3,0,0,1,6,3,0,tcp,http,FIN
545,3.843753589744207,12,0,1682,0,35048.99471779464,0,0,0.0,0.0,3,0,3270.8919374480215,0.0,0.0,0.0,255,2357975384,0,249,0.0,0.0,0.0,153,267,0,0,16,0,9,6,1,13,0,0,0,8,15,0,tcp,-,FIN
546,0.11667996921725132,16,0,46,0,0.0,230,254,1969155.7610642053,3323616.523911473,0,20,0.0,0.0,10840.655957893994,0.0,255,2407388137,2933492702,229,0.16121383284359908,0.08541472888253218,0.06296623682125055,235,379,0,24413,1,2,1,1,1,2,0,0,0,3,1,0,tcp,-,FIN
547,2.4764260067637625,1,121,9888,116110,5985.996167152172,138,66,11282498.630082678,0.0,0,9,1450.8427581259464,0.0,0.0,0.0,207,0,3161824039,230,0.0,0.025943684971224585,0.03026585736963355,28,81,0,32747,18,0,7,3,1,3,0,0,0,9,15,0,tcp,-,FIN
548,2.4810863374889243,29,0,1744,0,0.0,67,200,35487315.31771032,0.0,1,6,0.0,0.0,0.0,2260.5561317286747,255,449112330,664354500,236,0.0985078607291077,0.0,0.01498965280995717,120,0,1,24235,3,2,1,1,1,4,0,0,1,1,4,0,tcp,http,FIN
549,0.0,20,28,46,0,0.0,121,0,219870216.08215553,0.0,0,46,0.0,737.0702360749386,235.77081901959048,1736.8054007080423,20,0,0,0,0.0,0.006430180594180328,0.01374939087174502,28,0,0,20123,1,0,9,1,1,2,0,0,0,2,1,0,udp,dns,CON
550,0.0,13,0,6829,554,49036.81486002637,41,0,0.0,600025.0759251739,0,0,0.0,0.0,15304.602773533958,0.0,1,478166382,0,0,0.07212690929988176,0.0,0.0,125,0,0,1260,1,0,9,1,1,1,0,0,0,1,1,0,udp,dns,CON
551,0.057125542899859966,21,0,46,0,0.0,74,254,0.0,690717.4444282844,0,9,390.22601087049105,807.8772168881502,11466.663041584321,7139.7991887808175,255,4294813520,757702564,255,0.08282142048058119,0.050287090162653925,0.11730318604037118,224,0,0,21343,9,4,5,5,1,13,0,0,0,3,14,0,tcp,-,CON
552,0.0,18,0,46,0,0.0,239,254,23527579.96801702,135449.20097078316,4,3,0.0,0.0,29974.824572463764,1232.8617651079655,255,3838431214,3944040913,255,0.049219380083896036,0.11631293794018899,0.08022933921111132,29,0,0,7475,2,1,1,1,1,5,0,0,0,5,4,0,tcp,-,FIN
553,0.9707411206925964,66,0,2941,0,0.0,255,254,0.0,0.0,10,6,1056.0134704127452,53.28869282823628,1223.1750689910316,950.8522719940972,255,2528919107,2201070845,255,0.11617553787672584,0.0055313292605768186,0.07443129993873138,117,205,0,40934,1,1,1,1,1,3,0,0,0,2,4,0,tcp,-,FIN
554,0.32136655939940256,82,106,16824,35283,7708.551769783542,98,13,0.0,1191675.2289947895,10,89,0.0,0.0,23106.74012230462,0.0,255,1183114619,3342977198,255,0.0,0.0,0.0,174,639,0,0,5,0,1,2,1,2,0,0,0,1,4,0,tcp,-,FIN
555,1.5196440438027845,114,107,18721,19464,0.0,0,0,41207875.72920622,3753796.776232515,34,34,0.0,1374.6629168536576,0.0,0.0,255,2224851784,327577870,228,0.012805399684155904,0.05116156818224813,0.006398596027138767,47,265,0,14137,5,0,4,1,1,2,0,0,0,1,9,0,tcp,-,FIN
556,0.9897701832514822,1,0,5712,43274,0.0,237,254,0.0,519351.6936168105,2,0,2570.007699510009,457.43004454489574,12454.115810496349,3138.931084547521,232,4294813520,264890566,199,0.23222200046976277,0.09859831319861459,0.017455955504154477,99,398,0,0,4,1,1,2,1,4,0,0,0,1,3,0,tcp,-,FIN
557,0.0,1,61,4686,0,0.0,76,1,0.0,1170956.7082998124,3,50,859.0461693632517,278.5460024640098,17400.197563375943,5005.607554586712,255,682125709,1866943205,255,0.0,0.0,0.002958300232672391,277,443,1,18182,6,1,1,2,1,6,0,0,1,5,2,0,tcp,http,FIN
558,4.901473716965948,26,135,8930,19304,2754.6694956259153,25,38,0.0,12754047.34625901,9,17,0.0,0.0,53576.94597797929,874.5527010887819,203,1972583720,1338492505,248,0.020246293353212593,0.0,0.0,144,868,0,0,6,0,3,2,1,1,0,0,0,3,4,0,tcp,-,FIN
559,0.45064111883008034,1,94,46,0,0.0,7,0,125393758.90956132,99423.5231576328,1,0,1687.7254627093346,0.0,0.0,4197.663279964463,255,3786040770,0,250,0.0,0.06268351862108644,0.0,153,29,0,0,12,0,9,5,1,10,0,0,0,12,17,0,tcp,-,FIN
560,2.9639889970329665,4,20,5324,0,65366.4326006163,112,223,104503462.25895186,2274365.1037325417,0,0,390.41267434455517,0.0,0.0,525.5339274305153,255,1806349602,0,255,0.3251346540671558,0.2711437963786201,0.1276897901959925,96,172,0,0,2,3,2,2,1,6,0,0,0,3,4,0,tcp,-,CON
561,0.8766722530920111,17,12,46,0,0.0,85,80,0.0,0.0,5,0,0.0,998.8246196962509,0.0,1421.0703627613834,119,0,3137202178,255,0.0,0.0,0.04104402018932818,232,0,1,5382,1,0,1,1,1,1,0,0,1,5,6,0,tcp,http,FIN
562,3.0023646818382264,3,68,4177,31299,103572.29156659597,232,0,601796653.8514032,1479956.587447652,4,0,0.0,0.0,0.0,0.0,13,0,0,15,0.0,0.05393330081669219,0.042551197629478635,1226,0,0,7452,4,2,6,3,1,4,0,0,0,1,3,0,udp,-,INT
563,0.0,63,172,3334,49299,0.0,41,70,72495985.84487474,3421127.8238198287,7,27,3463.6475031705004,0.0,9409.879054100351,2386.01453001652,255,1661307111,3794468446,245,0.05448298549246136,0.022888163910478702,0.024930349960965555,46,1104,0,51506,5,0,1,2,1,1,0,0,0,3,3,0,tcp,-,FIN
564,0.0,27,60,3496,85709,0.0,0,0,166051877.37322628,1433031.1255075631,0,0,824.1408230416735,666.5689469659662,0.0,1022.205120450709,0,0,397587968,0,0.0,0.0,0.01188974239996527,75,73,0,0,1,0,5,2,1,4,0,0,1,2,6,0,udp,dns,CON
565,0.0,36,0,2333,41724,36498.06841105807,0,1,188473870.62476155,4138274.8070072285,3,32,3588.4567027274143,0.0,7907.560015299243,0.0,244,40409895,2358165893,221,0.0,0.0,0.04289395771974547,28,0,0,16238,16,0,3,5,1,6,0,0,0,6,17,0,tcp,-,FIN
566,0.0,62,78,46,136818,24145.85074880205,37,20,0.0,6432895.51322065,1,42,1229.6613183414295,135.56723204696766,835.8463407014281,2055.5433856857444,255,4294813520,3821823247,255,0.0,0.0646617936505307,0.00969705795264427,28,1039,0,3381,1,0,1,1,1,1,0,0,0,4,5,0,tcp,-,FIN
567,0.6949256785271744,66,108,6064,11324,22300.282905168275,33,116,109454213.38289748,0.0,7,50,608.4347030743813,0.0,20870.26897181919,0.0,241,776847048,2954230174,231,0.0,0.0,0.01817070856059146,28,727,0,14480,7,1,3,1,1,2,0,0,0,1,1,0,tcp,-,FIN
568,0.3022465073714168,25,0,5139,0,20859.050385826344,14,193,0.0,0.0,3,0,0.0,123.19945681085491,19262.1299118561,5214.549291394296,255,540378178,0,180,0.1526560378058092,0.10904130330779034,0.09687771931449951,96,167,1,3237,1,1,1,1,1,3,0,0,1,2,2,0,tcp,http,FIN
569,0.0,21,42,4535,0,0.0,0,63,0.0,700373.7358044029,3,25,408.7119627217134,0.0,18887.25202346358,8006.667712423057,229,3412098633,0,255,0.0,0.0,0.023904639985743742,61,182,0,23112,12,0,11,6,1,15,0,0,0,14,14,0,tcp,-,FIN
570,0.1699503121042084,82,242,7127,0,17018.396722715304,0,82,0.0,3351538.1939050043,31,65,2643.2203074805884,0.0,11580.477665917864,0.0,255,3557641870,357707705,202,0.0,0.0,0.01305607172920372,102,139,0,0,9,0,2,1,1,1,0,0,0,2,10,0,tcp,-,FIN
571,0.08160961462152105,12,45,14326,85585,0.0,255,216,0.0,0.0,6,13,275.1841317912224,548.4069709995938,29934.13188126088,3347.907726265368,241,3627327358,731772732,255,0.19062148486071342,0.13586580421470548,0.08350268589046989,144,453,0,0,9,0,3,1,1,5,0,0,0,2,4,0,tcp,-,FIN
572,1.8928570153006352,13,77,3077,100955,0.0,0,233,38292246.86118686,3003193.002063688,3,11,5028.449835470239,0.0,0.0,0.0,255,3685144316,672411858,255,0.16985803731394566,0.09715781012016236,0.06565157889042092,147,158,0,8773,18,2,5,7,1,12,0,0,0,6,9,0,tcp,-,CON
573,0.0,23,59,5898,0,136723.20165364133,0,36,0.0,10143206.661399864,2,0,2633.28167645415,0.0,0.0,0.0,219,1654612172,2894647836,255,0.0,0.0,0.014930243149212602,28,615,0,0,16,0,2,1,1,1,0,0,0,3,12,0,tcp,-,FIN
574,0.0,127,122,14831,0,0.0,0,0,76010681.21714795,0.0,29,57,0.0,44.463695255739715,0.0,4008.5061722852242,255,2433556793,1005124620,117,0.02316214210674943,0.03112767672920982,0.01773811421727302,83,214,0,27571,5,0,1,1,1,1,0,0,0,2,7,0,tcp,-,FIN
575,0.0,1,25,2969,0,0.0,255,229,38250629.00594047,2015196.275522562,4,43,0.0,379.24030926400866,4579.33368255096,0.0,255,2711395396,3404972881,255,0.17818161169045715,0.035819789707976765,0.029412001254309254,28,78,0,0,9,0,1,1,1,1,0,0,0,6,1,0,tcp,-,FIN
576,1.4852424169714158,39,0,46,39889,0.0,0,93,82595909.10070947,2496872.0522298366,6,8,1738.923247595463,337.90113418137236,0.0,1693.2026395846033,23,18185988,283440166,74,0.0,0.0,0.0,88,96,0,0,1,0,7,1,1,1,0,0,0,3,2,0,udp,dns,CON
577,0.0,40,0,46,0,0.0,64,254,0.0,0.0,1,0,0.0,597.3165512029454,14561.962402727448,5287.137677613764,199,4294813520,1718303645,255,0.1745719548059075,0.08080378458871543,0.08362811393413012,136,81,0,56761,7,3,5,5,1,10,0,0,0,5,8,0,tcp,-,CON
578,2.6181241393340065,3,71,46,0,0.0,255,244,31900172.520431604,0.0,4,0,0.0,0.0,0.0,1580.6557224210117,214,2123002717,2958932566,136,0.14443673262252057,0.046563308700982756,0.06922511682012956,71,0,0,0,8,1,1,1,1,4,0,0,0,2,2,0,tcp,-,FIN
579,0.0,70,132,8725,83238,12847.94214139305,113,35,0.0,13796160.792421002,10,14,0.0,365.07578681692263,0.0,603.6008489120874,255,2111342139,1200956271,255,0.027986360566244033,0.015285629447420603,0.0,28,840,0,0,11,0,1,1,1,2,0,0,0,5,6,0,tcp,-,FIN
580,1.5098372832197913,1,0,46,0,0.0,165,254,54436878.04863222,0.0,1,0,156.2169571778047,103.76906092737568,2255.8902676614603,0.0,214,1653226782,3205781558,181,0.17119582830622238,0.06389860019034864,0.07393752525227076,119,0,0,15721,1,1,2,2,1,1,0,0,0,1,3,0,tcp,-,FIN
581,2.202894236773646,1,49,7419,0,101652.96367135433,255,39,722003180.2217851,2266533.0156814144,5,15,0.0,0.0,12994.432504595054,0.0,35,311668348,1008206960,0,0.0,0.0,0.0,989,0,0,17140,1,2,1,3,1,2,0,0,0,2,1,0,udp,-,INT
582,0.0,4,14,2579,21160,5961.763888879322,0,1,0.0,95663.87084315038,8,12,2819.2524290360966,262.21428404752214,0.0,7322.867759682071,204,0,2129864340,255,0.0,0.06674047339122233,0.0,154,743,1,27867,4,0,3,1,1,2,0,0,1,5,2,0,tcp,http,FIN
583,0.0,1,19,8781,28349,0.0,0,106,0.0,0.0,5,24,0.0,695.2661168042946,27611.020658589332,0.0,55,0,0,25,0.06701877286123196,0.0,0.0,28,0,0,0,1,0,1,1,1,1,0,0,0,1,3,0,udp,dns,CON
584,0.866953864248543,80,86,1631,40426,1567.6882525073352,25,95,0.0,14957418.985294292,9,33,1716.945688225226,0.0,38190.676753347354,1908.0614007874663,218,1919558749,218256145,255,0.0,0.006021943618572516,0.00539525780178703,28,829,0,11268,7,0,6,2,1,1,0,0,0,5,6,0,tcp,-,FIN
585,0.40787660688221355,71,69,4681,0,62448.17714037062,91,63,96549763.97573486,1906757.8271963384,13,0,0.0,1059.6462300839978,34995.4281946594,0.0,203,492060128,2425307424,223,0.0,0.0,0.025036904658267255,56,0,0,0,22,1,7,4,1,2,0,0,0,4,10,0,tcp,-,FIN
586,0.0,1,6,3528,57434,24809.124380426692,60,0,7168028.211434191,0.0,0,0,0.0,865.7861465970275,41063.66806302336,0.0,0,0,0,74,0.0,0.010799625574052637,0.0,205,0,0,0,7,0,2,1,1,1,0,0,0,1,7,0,udp,dns,CON
587,2.180441866633591,1,80,10912,20580,6577.076215198208,27,201,96034252.18829449,0.0,10,0,0.0,382.62909584312087,29412.093138007567,0.0,225,0,1201609141,253,0.10474317530182391,0.05724744850296568,0.09563851705726405,137,0,1,1228,2,1,1,5,1,1,0,0,1,1,2,0,tcp,http,FIN
588,0.09898847377303627,14,26,46,0,20435.570680769437,66,13,91981501.30358568,138646.95595142897,5,0,3082.4596783943634,0.0,14005.957073223795,267.2529557265203,255,1233452912,3832744199,168,0.014257022398254332,0.03847284370391114,0.0,145,230,1,0,2,0,4,2,1,1,0,0,1,7,1,0,tcp,http,FIN
589,0.8991121614245221,54,38,46,2826,1547.2545323664476,144,254,0.0,2651755.304008285,7,44,0.0,1742.8489817192067,0.0,311.4262330381065,255,2561357563,3265123221,255,0.12050977608651935,0.07824729654551027,0.09709696242262095,28,231,0,19399,4,1,3,1,1,1,0,0,0,1,1,0,tcp,-,FIN
590,0.33206711918537846,88,83,13515,41075,21242.82813024772,0,0,0.0,0.0,29,79,0.0,220.99434688413268,0.0,0.0,196,3953370737,1878122655,255,0.10266628835284983,0.0,0.0,28,124,0,0,6,0,2,2,1,3,0,0,0,2,10,0,tcp,-,FIN
591,0.0,17,116,10917,116784,0.0,213,254,0.0,0.0,5,21,975.7098106852227,227.2902184466434,24812.071747444075,0.0,253,2423631806,1566615831,255,0.09033289908939443,0.03118036474536679,0.11091084156125242,81,0,0,0,1,2,3,2,1,7,0,0,0,3,2,0,tcp,-,FIN
592,1.1482728631065033,116,92,5538,110796,85931.01277136276,35,94,99111017.20469591,5026394.2133232,13,30,0.0,86.73371317237046,0.0,1661.4620470504613,193,3835140348,3016679937,255,0.0,0.0,0.0065718242140089525,130,581,0,0,1,0,1,1,1,3,0,0,0,3,2,0,tcp,-,FIN
593,1.1899115204565016,1,54,46,84005,8913.213915733833,21,58,26738005.5266253,2062958.5428135481,0,0,0.0,418.45229140842173,30138.10908388552,3275.064182621209,255,2690667940,589899128,255,0.0,0.0,0.0,117,215,0,0,10,0,11,4,1,9,0,0,0,5,14,0,tcp,-,FIN
594,0.0,1,0,5231,0,109911.0728043208,24,0,16727574.602113359,0.0,0,5,479.318093348183,700.0918182641856,0.0,858.6647989096705,45,988769192,547563042,0,0.0,0.023844949727473384,0.0030088524255836636,247,0,0,23976,3,0,6,2,1,1,0,0,0,6,4,0,udp,dns,CON
595,0.0,1,0,7873,0,174910.48024359418,245,0,718885910.3510269,0.0,0,0,0.0,0.0,0.0,0.0,0,930742882,0,1,0.02727034348908145,0.0,0.01167274666935651,950,0,0,0,3,3,1,3,1,2,0,0,0,3,6,0,udp,-,INT
596,0.0,1,65,46,0,0.0,63,254,0.0,0.0,1,40,3540.08123055862,0.0,21969.145853029637,0.0,255,1661717355,46698915,255,0.2845941866937775,0.2438606159507699,0.07423898755525711,184,48,0,0,6,3,2,2,1,3,0,0,0,2,5,0,tcp,-,CON
597,3.0689678084403553,34,33,3799,432,9102.952745051727,58,21,103183462.82047583,1972864.809400725,0,0,0.0,845.5348847285752,15932.972729025307,12294.33374103144,255,0,3351089544,238,0.020232114800792667,0.0,0.009704060532539159,28,513,1,0,5,1,1,2,1,6,0,0,1,3,3,0,tcp,http,FIN
598,0.0,91,0,12791,11526,14896.334747534167,38,51,161545344.9640015,8118109.546839425,6,45,0.0,0.0,0.0,0.0,246,1052270631,4294881924,255,0.0,0.0,0.0,79,692,0,0,10,0,2,2,1,6,0,0,0,4,3,0,tcp,-,FIN
599,0.8723126224749984,1,63,13753,86401,35413.475145651086,240,254,106306553.52672437,0.0,17,0,0.0,0.0,0.0,3770.7628982421916,204,4294813520,2274541971,90,0.18611767471212676,0.08346170328828739,0.08000315472506955,215,0,0,3349,5,0,1,3,1,2,0,0,0,2,1,0,tcp,-,FIN
600,0.0,62,22,7946,92270,10573.29299563296,51,84,0.0,15598212.198635474,14,18,1492.5477846547487,0.0,0.0,4563.706993771483,255,2043707591,2898704473,251,0.0,0.037124077749348845,0.0,28,700,0,0,15,0,1,1,1,4,0,0,0,3,11,0,tcp,-,FIN
601,0.6283470235345963,1,72,2334,0,136642.74189009998,255,0,772473278.7223421,0.0,0,16,0.0,0.0,0.0,2224.1953751698734,0,828783046,0,0,0.008343588309485216,0.0,0.016987931416872704,1105,0,0,0,3,1,5,1,1,1,0,0,0,6,3,0,udp,-,INT
602,0.0,45,2,171,43783,0.0,227,254,86064334.62041375,427187.27937356,4,25,0.0,402.2823376141514,36495.66890258322,2792.058040173835,244,2689058396,3194106798,247,0.17835796770462004,0.12235568937936735,0.09167477447823882,199,125,0,11061,1,1,1,1,1,2,0,0,0,1,5,0,tcp,-,FIN
603,0.6837035036198742,1,28,5324,25283,0.0,28,11,7578969.352062276,0.0,6,4,0.0,494.4747586616803,4644.158127195604,10122.003255236486,222,728952870,2174196782,206,0.0,0.05116596377216276,0.05577906772065665,62,588,1,36446,1,0,1,1,1,4,0,0,1,4,6,0,tcp,http,FIN
604,2.976887370108497,1,68,49,50053,0.0,119,247,156419077.80558833,2811951.2033153884,1,20,2053.8671785635715,0.0,0.0,0.0,217,862810860,699333751,255,0.21030154066370946,0.09136933365727115,0.05525831534123367,130,319,1,1235,5,1,1,1,1,6,0,0,1,1,1,0,tcp,http,FIN
605,0.0,25,0,2100,0,0.0,8,254,100419104.0681466,0.0,3,0,689.934874125012,194.67323688936364,22266.450247778015,0.0,241,437702994,484539746,227,0.0,0.1000728976413014,0.06455274869491986,243,25,1,0,1,1,3,2,1,3,0,0,1,4,1,0,tcp,http,FIN
606,0.0,23,0,46,0,25279.303734892397,255,49,965137668.2387785,0.0,1,6,1040.2102710726615,0.0,0.0,2208.5145766787386,49,137111653,0,11,0.04023459260105847,0.0,0.004399509548419815,1042,36,0,0,2,2,3,3,1,3,0,0,0,3,4,0,udp,-,INT
607,2.2597003337592607,96,76,13574,75946,34536.058673502885,0,99,15860096.747541921,2409066.1909483257,2,60,2472.7271734046108,581.0512111545588,0.0,0.0,255,1825607198,4294881924,253,0.04880673480250887,0.0,0.025400174577718242,138,1029,0,0,5,0,1,1,1,3,0,0,0,1,4,0,tcp,-,FIN
608,1.501285327054029,1,60,46,43934,0.0,14,50,0.0,2200020.0349446386,0,12,4088.9170254934115,371.0459648236637,27083.856861687716,0.0,255,0,1188514198,255,0.0,0.0034386098822580978,0.0,28,0,0,24594,13,0,4,5,1,7,0,0,0,5,17,0,tcp,-,FIN
609,1.7519219879549697,29,0,394,0,0.0,207,246,5808045.3901584,0.0,5,0,0.0,608.4509637552269,20251.706840616735,0.0,255,3192247442,987422196,255,0.1738368246519722,0.1066475557874726,0.06470692897857049,296,233,0,1977,5,1,1,1,1,6,0,0,0,1,5,0,tcp,-,FIN
610,0.7883443043912535,1,0,2195,0,31023.890002847897,139,16,0.0,3850969.0383179523,4,0,0.0,0.0,4221.293594543347,1587.3485629184545,241,0,1757893553,255,0.0,0.0,0.00091738439548718,149,0,0,0,18,1,4,5,1,7,0,0,0,8,18,0,tcp,-,FIN
611,1.3868100811499158,16,48,13907,0,46419.20543521125,229,165,13900280.318913901,1242491.9565037321,0,25,500.44940998145046,310.37404205248856,0.0,794.1215869500286,127,1539923717,2370571159,255,0.1601746669978224,0.08796698100269819,0.09854806277054753,28,0,0,25200,1,1,1,1,1,2,0,0,0,3,2,0,tcp,-,FIN
612,0.33362271353488837,1,0,46,0,0.0,37,254,143424500.53473723,1680897.980285382,0,0,803.5963550555172,488.30247844866716,10502.01342328385,0.0,255,433367517,1029412303,255,0.0975905727255271,0.10513768483935912,0.12120717809962522,28,0,1,20265,5,1,1,2,1,1,0,0,1,1,6,0,tcp,http,FIN
613,3.0231997501172736,28,0,46,4888,0.0,236,236,0.0,0.0,5,0,0.0,650.1363183298453,15979.059679716987,0.0,131,3737740579,1366079943,227,0.1614945317437531,0.09794795914928728,0.10594047151722939,127,0,0,12645,4,1,1,1,1,9,0,0,0,1,1,0,tcp,-,FIN
614,0.0,1,0,46,114340,0.0,36,54,0.0,0.0,4,14,0.0,500.63271518270943,5861.611241970974,5419.571426107099,0,543079450,0,0,0.0,0.0016594857851736586,0.0,34,57,0,0,1,1,3,1,1,1,0,0,0,1,5,0,udp,dns,CON
615,0.0,1,0,12682,41161,44033.19574789075,15,63,0.0,739151.6954013905,4,0,4448.51945510788,0.0,27658.40379293707,0.0,246,3477826675,119511941,239,0.0,0.0,0.0,209,221,0,0,14,0,10,5,1,9,0,0,0,10,14,0,tcp,-,FIN
616,0.0,30,8,46,6769,44406.13672172021,55,190,173272535.3882737,0.0,8,0,0.0,0.0,0.0,0.0,255,1275418650,727347718,255,0.06496238337932522,0.0016378783461592633,0.08721301736576612,115,131,1,18996,3,0,1,1,1,1,0,0,1,1,1,0,tcp,http,FIN
617,0.0,129,174,1081,12895,13070.843771142301,0,0,0.0,1070661.402157512,27,64,549.6131664429664,385.04944062792214,0.0,2020.8925047944094,231,4283382134,2065703822,255,0.037373627529296446,0.0,0.0,70,27,0,7977,9,0,3,1,1,1,0,0,0,1,7,0,tcp,-,FIN
618,0.0,1,0,18491,75054,12172.221138485902,34,107,21415702.12285885,2445296.697906661,1,0,4624.908736433349,341.40935602027344,12650.370939221248,194.86695324505897,83,0,17796036,0,0.0973004179777078,0.022562482636639437,0.009222356328909788,56,0,0,4312,3,0,10,1,1,1,0,0,0,4,1,0,udp,dns,CON
619,0.0,56,103,5509,0,0.0,32,44,149365138.4116155,0.0,3,0,244.1096772395614,0.0,0.0,1686.9908431750757,255,0,2171561775,243,0.13390962736616271,0.0,0.0,126,0,0,18822,14,0,5,5,1,6,0,0,0,7,12,0,tcp,-,FIN
620,0.0,1,0,46,655,17650.360160615153,82,0,53387186.20562445,1407736.309474332,5,0,2132.1920315154407,703.3660785850919,31206.27283622647,10740.51341504433,241,873592022,1902860667,170,0.05463556628106909,0.0039014658340006713,0.07873952796342489,214,613,1,6852,2,0,2,1,1,4,0,0,1,3,3,0,tcp,http,FIN
621,1.831817023153737,13,0,1298,0,29800.336022207724,95,23,0.0,564318.7103243024,0,0,1573.4963418768084,181.86268192580948,40063.104023260326,11683.208421874975,255,1195313932,2071028136,245,0.0,0.02552801127035275,0.0,186,703,1,29223,6,0,1,1,1,4,0,0,0,4,2,0,tcp,http,FIN
622,0.0,9,81,599,96396,9080.960037895262,22,83,0.0,2831010.8024811475,8,0,0.0,0.0,1347.6215595530132,124.85883241869382,85,1109012199,0,0,0.05768627588133206,0.0,0.0,30,24,0,3400,6,0,6,1,1,2,0,0,0,1,4,0,udp,dns,CON
623,1.1110804050420278,1,29,7223,28260,9443.520835562484,71,76,0.0,3861274.3086379757,0,21,0.0,162.34438647030683,8769.561439471963,1123.713652335332,255,2924942158,978931269,255,0.02008900449015276,0.0,0.022890993004033727,222,280,0,1727,10,0,9,7,1,9,0,0,0,12,14,0,tcp,-,FIN
624,2.5231001041283476,25,0,13935,0,0.0,0,0,0.0,1586031.876297351,10,8,3150.313236207938,767.0947355923821,4821.867455362962,8281.525089173938,213,0,1825460814,255,0.0,0.0,0.0,199,417,1,22681,1,0,1,1,1,2,0,0,1,3,8,0,tcp,http,FIN
625,6.212819882942274,1,10,4190,2407,44303.26404537842,69,111,0.0,0.0,3,28,77.94845838825604,1240.9812261799336,2915.706438463838,5222.3539837324215,225,470800461,765024851,197,0.11613601954110411,0.02767814429214575,0.0,171,504,1,0,7,0,3,1,1,6,0,0,1,3,3,0,tcp,http,FIN
626,0.0,37,119,46,66928,0.0,3,77,0.0,16986438.68544969,9,4,0.0,0.0,29170.946665450498,559.4674568064796,176,1458323897,3253752608,255,0.0574301998622098,0.0,0.0,71,599,0,0,12,1,1,3,1,1,0,0,0,3,10,0,tcp,-,FIN
627,0.0,85,125,8245,15366,4970.770037466014,0,21,27481626.332153786,14740898.266924249,12,69,2795.4947045782237,0.0,0.0,0.0,253,1954840301,3013837831,255,0.0,0.058428914786849015,0.0,113,886,0,80,15,1,3,1,1,1,0,0,0,3,11,0,tcp,-,FIN
628,0.0,1,0,46,0,17356.1801156482,53,192,616443.3520864865,0.0,5,0,0.0,459.03846119754473,23124.53964550649,1037.646611841834,198,1858711704,126123724,242,0.35360665013796255,0.23618573022695333,0.041262496431274776,28,64,0,12409,3,3,1,2,1,6,0,0,0,3,4,0,tcp,-,CON
629,0.0,1,16,46,0,45656.38954383444,100,82,0.0,0.0,1,0,4076.900050341276,0.0,0.0,0.0,237,757574266,2908646397,246,0.033752273669986704,0.013429794719235116,0.0,121,0,0,19450,18,0,5,5,1,5,0,0,0,8,9,0,tcp,-,FIN
630,0.0,110,73,46,80460,42087.15852851851,40,53,0.0,7548570.95526863,9,69,0.0,652.2063778768694,0.0,0.0,255,3417367866,1913082701,235,0.0,0.02978520938802955,0.056232941407823804,226,994,0,19566,1,0,1,1,1,1,0,0,0,3,4,0,tcp,-,FIN
631,0.0,72,0,46,0,46069.419559426235,105,0,112667088.00856815,2575068.7324937447,7,11,20.620780309551687,0.0,22895.831712911786,2367.2844797642374,0,0,1119826813,105,0.0035817505011627076,0.0,0.06010028925353498,87,369,0,0,1,0,3,1,1,1,0,0,0,4,7,0,udp,dns,CON
632,0.0,55,65,46,26704,0.0,0,17,0.0,5359661.362958325,3,35,215.35821792538667,0.0,15876.412012954474,1345.2103587217382,186,4216516278,4294881924,232,0.0,0.01703853238046473,0.05973319082383366,67,806,0,0,2,0,4,1,1,4,0,0,0,4,6,0,tcp,-,FIN
633,1.2642971455345824,1,8,46,0,88083.07646331463,114,254,88289772.05222887,0.0,10,12,3524.6525642866004,1276.2260582768024,0.0,182.0868236126665,227,0,687116859,255,0.0,0.032924021280355924,0.052672411097785615,28,15,1,0,4,1,1,2,1,3,0,0,1,1,4,0,tcp,http,FIN
634,0.0,1,60,3102,5351,41239.883287311466,30,253,0.0,0.0,4,15,524.6481974056725,0.0,523.0248251989765,0.0,252,1891147198,222035925,114,0.21354996989332944,0.20183204392519277,0.08852960407944029,216,178,0,5252,4,3,1,3,1,5,0,0,0,5,3,0,tcp,-,CON
635,1.7710512730517172,2,68,46,0,0.0,255,215,117384830.93646902,1983584.945132189,0,8,8.295639490723694,1102.5763145599371,432.736993635674,0.0,228,1464856797,2878313628,255,0.20800357361127386,0.03523449491408658,0.08058093262835363,33,352,0,0,4,1,1,1,1,1,0,0,0,1,3,0,tcp,-,FIN
636,2.3487122591083485,5,0,46,0,0.0,255,201,47014861.55410926,774715.9997069106,0,0,0.0,1293.2726075627738,8601.037169754634,0.0,240,3083798347,2897374050,255,0.10108885241935864,0.05007071079475656,0.052969798428877404,186,178,0,478,1,2,3,1,1,4,0,0,1,1,7,0,tcp,-,FIN
637,0.0,29,51,46,63515,33136.09019494384,64,118,9983452.706732992,16922524.328964245,6,43,0.0,256.9158685035972,0.0,1922.035620848163,217,2693840643,0,196,0.03521287841071119,0.07297591091507567,0.0,28,554,0,59896,8,1,1,1,1,1,0,0,0,1,6,0,tcp,-,FIN
638,3.579029434943415,26,42,46,51963,0.0,74,254,0.0,0.0,0,18,1746.258974341438,560.5686830661429,44640.90132153581,0.0,176,184175974,0,226,0.18676954238661392,0.023851185031544382,0.005119439372052385,37,273,1,0,4,0,2,2,1,1,0,0,1,1,1,0,tcp,http,FIN
639,0.8129224655130889,30,0,46,49218,0.0,0,100,105333756.43320361,0.0,2,38,575.9731831466148,0.0,0.0,0.0,226,0,3762692309,255,0.0,0.022022380677699006,0.004643676481004882,35,154,0,3296,19,0,5,4,1,4,0,0,0,8,19,0,tcp,-,FIN
640,0.38885821610470195,1,36,10740,37749,3156.6604000618554,255,254,0.0,3021392.7060487303,1,43,4408.155218702891,0.0,0.0,0.0,243,1068846195,4112414335,255,0.21719877564976958,0.04866915859201992,0.025649218562634697,239,0,0,7942,1,1,2,3,1,4,0,0,0,3,1,0,tcp,-,FIN
641,0.0,35,6,46,0,0.0,255,254,0.0,0.0,1,11,0.0,355.2766027609468,134.48979897379877,0.0,238,3387890211,1634340590,255,0.15253713160756477,0.026567144352292252,0.07311661018799673,47,257,0,10645,6,1,3,2,1,8,0,0,0,4,1,0,tcp,-,FIN
642,0.0,66,0,6451,0,13606.9806695807,225,209,0.0,1313440.4141144978,5,0,0.0,344.20918615406873,0.0,0.0,255,2172085711,3558023343,239,0.14484931044910254,0.08445492992103294,0.07613652275767818,28,113,0,0,1,1,1,1,1,1,0,0,0,4,3,0,tcp,-,FIN
643,3.332530212112233,27,0,1793,0,24400.418568366884,0,37,0.0,0.0,5,48,783.6754934907201,344.24184125102295,0.0,0.0,255,1891414197,1540771143,255,0.11529648684959701,0.0,0.0,28,385,0,10837,14,0,4,1,1,1,0,0,0,1,6,0,tcp,-,FIN
644,3.456553509156406,7,84,772,0,0.0,255,254,70319434.12061779,355259.52399236173,2,0,0.0,332.86820910279215,0.0,0.0,255,3208689111,2049386918,218,0.21975758335521933,0.05080291024135837,0.13906882804553228,28,0,0,0,10,1,1,1,1,7,0,0,0,4,6,0,tcp,-,FIN
645,3.205321923634893,12,10,46,2977,45370.05380495271,15,98,0.0,359108.59150786616,3,12,0.0,16.99348220002897,418.59613141390935,1703.8308368622581,221,2901973808,0,255,0.0,0.038505985019110345,0.0016632739347670488,150,153,0,0,3,0,12,6,1,9,0,0,0,9,16,0,tcp,-,FIN
646,3.700265000388262,19,84,1643,0,123195.81183103083,248,16,932772899.4832199,0.0,1,0,0.0,0.0,0.0,0.0,0,0,0,69,0.0,0.0,0.0,1072,0,0,20009,1,1,4,1,1,3,0,0,0,4,2,0,udp,-,INT
647,2.8769959675173147,1,0,46,6600,0.0,89,221,37316540.60586919,3669803.858404396,2,0,1847.7291623450744,265.87477642543104,7197.868586846261,0.0,255,4294813520,1627161468,255,0.10303638694376321,0.07508327424765598,0.043814853624351655,98,82,0,13969,13,3,5,5,1,11,0,0,0,4,12,0,tcp,-,CON
648,1.267703726011982,15,23,1968,0,1697.9288098535394,40,254,0.0,0.0,0,20,0.0,0.0,0.0,2401.1183294495113,255,0,1018621374,197,0.07860137067800327,0.05463212797916464,0.07024634531462925,28,386,1,0,2,1,1,1,1,3,0,0,1,6,1,0,tcp,http,FIN
649,1.2534706549804697,1,124,46,0,0.0,49,168,35760016.91966958,0.0,3,7,0.0,0.0,0.0,1494.3492080287997,203,4294813520,2497893695,255,0.2042878776632346,0.06391509624761729,0.034304920235562086,353,0,0,0,14,3,5,4,1,9,0,0,0,4,12,0,tcp,-,CON
650,0.0,63,0,46,65733,0.0,26,0,0.0,0.0,3,17,0.0,1115.328839294951,22708.985045478563,6952.739578080655,255,109673410,1089103187,255,0.03257977803517263,0.0,0.03860613242438322,406,351,1,0,3,0,2,1,1,4,0,0,1,3,3,0,tcp,http,FIN
651,0.4889953507003998,11,0,8202,0,45857.19452585075,103,71,10823460.152781643,0.0,0,0,0.0,0.0,0.0,2599.4269066594375,255,0,1302555780,137,0.012968087328472443,0.030601557865852273,0.025404927910464135,213,240,0,0,16,1,5,5,1,1,0,0,0,8,15,0,tcp,-,FIN
652,2.2585386993740917,168,192,10683,0,24018.683088983842,32,10,52389978.22980898,0.0,29,28,2054.517526928092,0.0,9980.73950523947,1139.4303984075618,255,2760824344,643744985,177,0.0,0.008397298366748993,0.0,222,118,0,16025,4,1,1,1,1,3,0,0,0,2,5,0,tcp,-,FIN
653,1.6857214564434493,54,44,1853,5706,0.0,0,16,0.0,2632074.686939588,9,18,0.0,657.6440789530315,0.0,293.76634887187925,255,1131503619,4062510323,255,0.04371801833512853,0.029091157203788135,0.0,238,1112,0,16813,3,0,3,1,1,1,0,0,0,1,1,0,tcp,-,FIN
654,0.0,100,85,5839,108569,9538.59043941524,0,71,42351307.4743649,5823436.0237533245,9,31,4215.1086718569595,484.3025605362732,339.8401768843982,1761.1228982108282,255,1288194476,4294881924,248,0.0,0.004548316586898322,0.03550009654380463,283,803,0,0,4,0,1,2,1,2,0,0,0,6,6,0,tcp,-,FIN
655,0.0,21,0,1017,103403,0.0,38,99,63802372.70467888,683112.7042171914,2,2,0.0,294.7184032092392,21372.884916967218,8824.359505743645,189,0,3519805128,226,0.11082118555246485,0.0376429141408723,0.011944733465410714,101,573,1,3333,2,1,2,1,1,4,0,0,1,2,1,0,tcp,http,FIN
656,0.0,42,82,46,30141,0.0,0,56,0.0,4901581.775142669,10,71,943.1719624094645,0.0,7047.677082423831,3743.2811291717862,253,3363671562,3651646859,255,0.0,0.00585449612397972,0.0,28,952,0,2411,5,0,1,2,1,1,0,0,0,4,1,0,tcp,-,FIN
657,1.7757825152185287,21,0,1529,0,58355.13794953511,177,254,100452996.17217433,0.0,1,0,0.0,1074.5757715596394,0.0,0.0,237,3184772222,2112912774,206,0.10646032246590985,0.11470219466593745,0.07460393267055608,252,89,0,5137,5,1,2,2,1,8,0,0,0,2,1,0,tcp,-,FIN
658,0.0,47,3,46,73347,96540.29790018736,255,254,0.0,4184471.871585956,0,0,73.71753312713895,0.0,9244.125322771046,0.0,255,2855386549,1045045990,230,0.22420063980463295,0.0642499838866547,0.057044028771455174,137,0,0,0,3,2,2,1,1,6,0,0,0,2,9,0,tcp,-,FIN
659,1.6995167675382747,1,25,46,0,67431.88157689739,96,254,153366393.39935973,0.0,1,34,0.0,523.3490804971893,0.0,544.7650484855322,255,1425482630,927114522,219,0.36406824355837786,0.20218368835504721,0.05561967058197897,62,484,0,10266,1,3,1,2,1,6,0,0,0,2,5,0,tcp,-,CON
660,0.0,1,0,46,137689,10737.063310479263,13,41,105395332.37537356,1762218.0677180472,12,17,0.0,124.22025071374281,31940.32719237157,581.4295081710742,255,1955132073,1082112530,255,0.0,0.06339941265672601,0.009130371567828956,28,213,0,0,10,0,4,2,1,1,0,0,0,6,6,0,tcp,-,FIN
661,2.713745662619037,2,0,46,165916,9782.440998104134,45,0,33238435.265622854,0.0,1,0,0.0,0.0,18881.962679757897,5138.949578571506,0,0,0,0,0.07851783508067672,0.029061362767807904,0.0,60,0,0,14322,1,0,5,1,1,2,0,0,0,3,4,0,udp,dns,CON
662,0.0,1,0,4864,0,38658.51792050225,255,254,0.0,0.0,4,0,0.0,0.0,0.0,1563.3910707174884,186,3754088412,766003640,227,0.22210151984336018,0.1320384739483162,0.06810520766990416,28,105,0,0,3,1,2,3,1,2,0,0,0,2,6,0,tcp,-,FIN
663,2.9427275144771956,1,0,46,0,6658.458267860178,61,0,0.0,0.0,6,0,0.0,1367.890605421321,31274.593897962677,0.0,89,0,0,0,0.022466396328474136,0.02153727739106774,0.031980511321204254,28,156,0,0,3,0,6,1,1,1,0,0,0,4,3,0,udp,dns,CON
664,0.0,1,0,18969,0,36878.40164753371,255,0,822154950.5659577,2850196.6666243253,0,46,0.0,0.0,4420.521483013004,0.0,28,50619025,246580806,0,0.0,0.0,0.015835363613912263,956,155,0,0,7,3,1,1,1,1,0,0,0,1,2,0,udp,-,INT
665,2.0294837796684946,1,16,7005,0,68956.39589316321,126,253,0.0,0.0,14,4,925.2343111705472,0.0,0.0,4459.98603769033,255,3930562198,1484241999,255,0.17025759988965636,0.13209947287993978,0.06722628472650634,28,201,0,0,2,0,1,2,1,17,0,0,0,1,2,0,tcp,-,FIN
666,0.0,1,0,10799,0,45900.94426943866,242,0,775956032.9762422,1272700.5322887115,0,0,1232.469060178745,0.0,26520.788331504442,0.0,0,0,0,41,0.0005221134060237058,0.0,0.0,1127,0,0,2181,6,2,1,2,1,3,0,0,0,2,1,0,udp,-,INT
667,0.1442946872809372,97,72,10203,134929,46812.509231997436,56,6,44191156.742152445,6263691.555244821,3,44,0.0,313.78972998237407,37431.53761911787,1013.5045828411364,255,2037916812,4294881924,214,0.0,0.028602820257357907,0.02083926883212538,59,660,0,0,8,1,3,1,1,4,0,0,0,4,10,0,tcp,-,FIN
668,2.5185918383497996,1,1,13443,0,28810.30462351778,42,254,0.0,0.0,1,30,0.0,1075.3600285511998,0.0,0.0,201,1059791465,399855576,255,0.2757120937988232,0.14071580042216542,0.04322907636136315,225,115,0,4263,4,3,3,1,1,3,0,0,0,3,4,0,tcp,-,CON
669,2.624034555505281,1,0,46,0,70504.69925023789,255,254,0.0,1937457.764640136,4,7,1148.303744340333,103.65195441873611,11106.782726415175,2344.074641987177,255,3015335352,874146941,245,0.2072344865600586,0.11941211524915205,0.09133715965246963,113,0,0,6242,9,1,5,1,1,6,0,0,0,1,4,0,tcp,-,FIN
670,0.0,30,45,46,0,37031.7923279974,68,0,130384150.1151826,3149103.947670306,0,0,3422.5889056520004,0.0,0.0,0.0,191,1444911838,2555861817,255,0.0,0.0,0.0,111,272,1,24585,2,0,1,1,1,5,0,0,1,1,3,0,tcp,http,FIN
671,0.0,9,75,46,35086,0.0,35,5,38758658.22999152,0.0,10,0,3321.606969351499,72.20088935145407,13159.993929210981,328.9540465833204,0,0,583008258,0,0.07062191215876315,0.0,0.0,173,0,0,3889,2,0,6,1,1,1,0,0,0,2,6,0,udp,dns,CON
672,0.0,1,0,4575,0,41148.55389624517,136,188,0.0,0.0,3,0,2441.522722539986,749.5407316308487,23250.105984447986,0.0,220,1525786666,406166269,89,0.10909432781943182,0.0216292575018329,0.025531524606434493,129,254,1,0,2,1,1,1,1,1,0,0,1,1,2,0,tcp,http,FIN
673,0.0,48,111,5880,0,0.0,86,64,0.0,3601514.7144695558,9,72,0.0,243.98140124629438,22496.749911622443,7796.541125964078,78,2055268811,4101535993,255,0.0,0.02130332173759449,0.0,28,827,0,0,6,0,1,1,1,3,0,0,0,1,2,0,tcp,-,FIN
674,0.0,71,38,4808,167499,0.0,25,16,73609056.27978157,14858870.882071802,5,16,0.0,373.27095297342527,0.0,0.0,236,2467196524,3172951582,229,0.0,0.0,0.0,28,570,0,0,15,0,2,2,1,1,0,0,0,4,9,0,tcp,-,FIN
675,0.0,16,21,9870,0,0.0,52,153,0.0,0.0,0,0,258.90624157366074,0.0,0.0,1550.250790080607,206,1677420454,1781328,240,0.3094072027485513,0.27852930179487334,0.05028967342559131,219,0,0,6789,4,3,2,2,1,2,0,0,0,9,5,0,tcp,-,CON
676,0.0,81,98,4106,0,0.0,0,34,79467450.06156102,2006330.4272675277,8,13,0.0,0.0,21987.91264112452,7876.136674751512,244,271171858,2052631355,255,0.0858862753914469,0.0,0.024876492693273168,28,203,0,16672,18,0,6,7,1,4,0,0,0,8,12,0,tcp,-,FIN
677,0.6776317991739679,24,44,6946,0,0.0,15,51,0.0,0.0,0,8,0.0,0.0,0.0,10740.39808400389,255,0,1244261282,175,0.04265874802815864,0.0,0.0,171,468,1,0,1,0,1,1,1,1,0,0,1,4,4,0,tcp,http,FIN
678,0.0,71,0,46,87203,58757.486882065095,0,77,25355244.08168894,12297346.428481868,2,13,3722.164354768335,856.5419377492061,7912.4453646536085,0.0,255,1966063927,394720587,255,0.07065913663790988,0.0,0.013476968921230117,68,927,0,5365,7,0,2,1,1,1,0,0,0,2,12,0,tcp,-,FIN
679,0.0,43,73,46,152584,0.0,42,25,0.0,14656848.07625117,6,0,1118.058078960182,0.0,0.0,481.8013144306793,255,1442353914,2242767364,255,0.0,0.058134261773040256,0.02802540541159456,28,554,0,0,12,0,1,1,1,1,0,0,0,1,9,0,tcp,-,FIN
680,0.0,38,81,12381,40970,0.0,39,10,140921425.18750992,1353943.5976124692,9,0,2247.7410653154984,155.39325957559117,15459.020749142754,0.0,255,211256724,3022942762,255,0.0,0.037105448205058476,0.0,122,55,0,15097,16,0,5,5,1,5,0,0,0,12,12,0,tcp,-,FIN
681,0.0,65,39,3636,0,0.0,65,129,30955596.014898308,17192214.1425334,6,44,1706.1129185992686,125.89469301714948,872.2387389977279,4668.846338144085,255,642620722,3146987360,222,0.11054143772489347,0.041225683399195225,0.01498752076253025,81,653,0,18204,17,0,4,1,1,3,0,0,0,2,8,0,tcp,-,FIN
682,0.0,50,69,46,0,8926.546483868842,100,29,0.0,1791713.2869154797,6,10,0.0,0.0,13780.270089488931,0.0,255,702997589,1854801192,255,0.0,0.0,0.0,116,115,0,0,16,0,7,6,1,11,0,0,0,4,13,0,tcp,-,FIN
683,1.6317103611385724,1,0,46,0,0.0,30,65,77086903.59946725,2893281.7004799563,2,13,0.0,0.0,9003.953552060704,0.0,255,622217376,3569700456,199,0.0,0.0,0.021731842890124035,147,0,1,21777,4,0,1,1,1,3,0,0,1,3,1,0,tcp,http,FIN
684,0.0,1,0,46,0,43026.85923633391,143,2,99322948.21836567,0.0,8,11,2037.6440171312638,44.8568599377783,0.0,5269.401762004843,255,808210045,1627781059,220,0.0,0.05048474877670432,0.01891792756062563,66,675,1,9225,4,0,1,1,1,1,0,0,1,2,5,0,tcp,http,FIN
685,0.0,3,17,46,0,6210.346162111488,255,254,0.0,0.0,0,11,1826.7891731984919,0.0,50378.43526077843,0.0,255,3071405829,991722093,247,0.1802214657896722,0.018080610214598718,0.1386941530272442,126,14,0,0,4,1,1,2,1,5,0,0,0,3,2,0,tcp,-,FIN
686,0.0,24,0,46,55739,2141.6300391717064,0,0,0.0,0.0,3,0,748.0960912646221,619.7699267095045,0.0,180.82031153506668,0,712359674,0,17,0.0,0.0002141787884779343,0.03414971281062109,28,174,0,0,4,0,6,1,1,3,0,0,0,6,1,0,udp,dns,CON
687,0.0,57,0,46,0,0.0,226,229,0.0,359189.0673677781,4,0,5612.858330620102,0.0,59247.48228757302,3127.244686974214,255,4123736388,2453231569,237,0.17361122906378917,0.04311290300462312,0.10400193534744553,28,53,0,667,7,2,2,3,1,7,0,0,0,3,5,0,tcp,-,FIN
688,0.0,1,72,46,101531,20852.001733280587,236,191,88546199.63336569,284987.2496789703,6,29,0.0,785.2489645776361,0.0,886.716430377674,255,3533309011,3850535650,255,0.15383703668775642,0.06991038348307434,0.15731662386432282,122,137,0,0,2,2,1,2,1,5,0,0,0,1,6,0,tcp,-,FIN
689,0.05513596060974768,2,0,46,124138,52977.501461499436,255,222,0.0,193562.78122095758,1,38,0.0,0.0,4954.778573446611,3124.1584524495674,255,4294813520,0,255,0.19135239007769778,0.03601006916973139,0.08607071785249616,330,0,0,0,5,1,4,1,1,6,0,0,0,3,3,0,tcp,-,FIN
690,0.0,23,0,10732,0,102151.28278234588,207,254,0.0,0.0,4,0,599.1766818878465,84.63486987287988,0.0,0.0,178,3620672507,0,255,0.05289358630622765,0.1259611977784552,0.09740950167631607,297,0,0,0,5,1,3,2,1,5,0,0,0,7,5,0,tcp,-,FIN
691,0.6178701939506195,115,73,9784,44859,0.0,16,0,0.0,72297.43219393695,30,27,0.0,610.3225556476738,37124.98062039584,4294.916563998545,255,3154521975,1177682280,255,0.0,0.04875441752366673,0.0,43,187,0,0,3,0,1,1,1,3,0,0,0,6,8,0,tcp,-,FIN
692,1.687007229207917,40,9,5078,0,0.0,246,254,144890160.73663646,3217479.4722293606,0,24,0.0,0.0,0.0,0.0,217,4294813520,174148432,255,0.1304927429267438,0.13277849510267536,0.049572881338798294,38,0,0,28303,3,1,1,1,1,2,0,0,0,1,3,0,tcp,-,FIN
693,0.0,1,0,46,42379,0.0,40,254,107360840.20004193,532674.2442118748,0,46,2741.433786816272,0.0,0.0,2128.7160209584504,255,632664853,520043664,255,0.289386388822401,0.1908637139169811,0.06977737623268895,316,271,0,1175,5,2,1,2,1,1,0,0,0,5,4,0,tcp,-,CON
694,1.180143244015557,61,157,4049,46099,26804.776192898724,71,28,24378423.692847423,5030831.120317601,5,78,0.0,0.0,874.9891828571448,0.0,185,2289055640,3869311093,154,0.0,0.015754818761359504,0.0,28,940,0,47352,2,0,1,1,1,6,0,0,0,5,1,0,tcp,-,FIN
695,0.16322488329649176,100,175,10241,0,0.0,63,79,84350577.45682058,1063799.4093641294,31,13,0.0,680.8319850015577,32911.470031256664,600.2999800675068,255,3000562074,1417625058,255,0.0,0.0,0.001237922915949375,124,0,0,7800,5,1,1,1,1,1,0,0,0,3,6,0,tcp,-,FIN
696,0.3236280538467686,1,37,8106,0,10466.977982916964,255,254,0.0,0.0,1,34,1557.0342708403814,317.0494652056678,31412.597663510103,2716.485053975583,177,2354190336,0,255,0.18196173520760286,0.09604595249796169,0.0591735669962928,449,0,0,12378,4,0,1,1,1,6,0,0,0,2,8,0,tcp,-,FIN
697,0.15716702252530845,96,133,7185,0,47113.407812885554,15,35,0.0,1195619.6579936245,29,33,0.0,0.0,0.0,0.0,255,2397621355,1264957039,255,0.0,0.05890481645513014,0.032020176815753976,79,0,0,0,15,0,1,1,1,1,0,0,0,1,9,0,tcp,-,FIN
698,0.14770005827576937,1,26,7782,0,0.0,255,254,0.0,43694.92895637851,0,26,0.0,0.0,0.0,219.301672157583,140,2827663398,2640204025,232,0.1698579760363429,0.04135399557213833,0.09939586317381514,83,213,0,0,5,1,2,1,1,6,0,0,0,3,1,0,tcp,-,FIN
699,0.0,54,18,3668,114435,0.0,0,121,64718700.435605995,11640878.284485716,6,43,0.0,0.0,11872.69077148165,2589.434079512943,253,2965818456,24227476,153,0.0,0.024514295366867833,0.003677802718966844,99,928,0,1528,12,0,2,2,1,5,0,0,0,1,4,0,tcp,-,FIN
700,0.0,41,50,5859,0,49975.85720635746,186,220,0.0,0.0,6,0,1669.4672454674458,536.1888506086218,1340.276748484053,2152.197287842665,232,2830010100,2199287986,128,0.11562959784967183,0.0,0.05452296557223283,73,35,0,0,1,1,2,1,1,1,0,0,0,5,1,0,tcp,-,FIN
701,2.255277850838441,53,5,324,167691,31251.694891198214,0,0,204234435.372184,17928588.668126367,10,37,2075.023945349924,0.0,1857.9070894626193,0.0,255,3282856222,29420597,202,0.0997162179211601,0.0031727773990672093,0.05232462092216627,299,852,0,0,10,0,3,2,1,1,0,0,0,6,3,0,tcp,-,FIN
702,0.4398872533803272,1,61,46,0,0.0,31,0,0.0,2937085.514560984,4,28,0.0,212.39948693772453,0.0,2766.5986947971874,232,2858133075,28304484,255,0.0,0.03316111065375735,0.0,28,77,0,8831,5,0,12,6,1,11,0,0,0,10,13,0,tcp,-,FIN
703,0.0,14,79,3342,111189,7088.630759769878,90,79,82032523.8845578,96011.54816571553,5,4,0.0,481.48477850757206,13940.25940829184,4730.857102665882,255,2026729919,1105556671,255,0.0,0.0,0.0,28,225,0,9243,9,1,10,7,1,7,0,0,0,10,13,0,tcp,-,FIN
704,2.118334600338402,31,11,6910,0,58559.08377224978,224,57,843724328.1708597,1308270.9930246593,0,0,0.0,480.4712176765007,10241.881563312923,3362.7102638907254,0,423580700,0,17,0.05394710819782618,0.02160349527988969,0.014007225376643008,986,81,0,0,4,1,2,2,1,3,0,0,0,1,1,0,udp,-,INT
705,6.08093625686973,1,0,4862,17,40207.254794314045,39,225,0.0,424826.43683815683,8,0,0.0,0.0,38903.57843763993,0.0,240,960649270,629322292,196,0.3697102582098016,0.2014819057346898,0.06564913975953801,343,152,0,5964,1,3,2,3,1,6,0,0,0,4,4,0,tcp,-,CON
706,0.0,1,22,3834,0,4677.781725260578,51,145,0.0,3379091.1918896516,10,17,3411.4451534647023,0.0,0.0,0.0,241,429542484,526340278,211,0.26006387186484053,0.21358127160959328,0.058717535268495394,107,13,0,11624,5,3,4,1,1,5,0,0,0,3,5,0,tcp,-,CON
707,1.0090434210375867,27,0,46,0,57916.20166199405,59,0,0.0,0.0,4,10,1394.589992248357,0.0,0.0,7910.571693234549,255,546998976,848243679,255,0.0,0.0,0.0,176,466,1,0,4,0,2,1,1,1,0,0,1,1,1,0,tcp,http,FIN
708,1.32914675753552,1,15,46,54341,55609.16693013508,231,27,1021209179.0580918,435117.7178778092,10,0,3270.0903203266625,1113.1221778836787,0.0,1620.391610696423,20,56569993,0,0,0.05118220704559466,0.0,0.0,1128,104,0,0,1,2,2,1,1,1,0,0,0,7,4,0,udp,-,INT
709,0.0,66,44,6664,134074,14204.838394085698,5,26,0.0,13104170.258925172,4,10,0.0,0.0,0.0,2430.030119709045,255,631235249,2985926913,255,0.018456906264314066,0.03214781836729229,0.04319857981101145,141,889,0,9279,12,0,1,2,1,1,0,0,0,1,13,0,tcp,-,FIN
710,0.0,2,0,3010,80909,2347.4605866215416,0,38,0.0,406777.3529272656,0,4,3231.2957589909806,1647.1140017400405,19599.391127715047,0.0,14,0,197900154,105,0.01907919561457555,0.03841097369665602,0.03809830719905118,176,262,0,0,1,0,6,1,1,1,0,0,0,1,9,0,udp,dns,CON
711,2.6910218664240864,29,44,46,0,9672.798176942677,34,226,39560311.814917095,0.0,0,0,396.75743449615493,715.7121162808378,0.0,23.75423687847072,255,1339046589,966453387,255,0.12607265246520266,0.07836605179621708,0.07950424141851015,227,402,1,261,1,2,1,2,1,1,0,0,1,3,3,0,tcp,http,FIN
712,0.9786361706715718,1,14,9032,22663,0.0,89,80,0.0,574119.3484782699,2,5,1865.701867266421,0.0,38411.80971181723,5435.529435713906,206,1194426132,1746985692,255,0.0,0.0,0.0,163,590,1,38277,2,1,1,1,1,2,0,0,1,4,6,0,tcp,http,FIN
713,0.0,2,0,46,0,0.0,35,46,0.0,2571914.1156473802,9,0,0.0,170.49648249206254,0.0,0.0,21,134097146,0,0,0.05930055355073395,0.0,0.0,28,0,0,0,2,0,2,1,1,1,0,0,0,1,7,0,udp,dns,CON
714,0.0,1,0,46,0,25783.08728344366,26,254,0.0,3282691.2279516985,1,33,4227.787714045962,282.76162753680217,28669.854016058933,1124.6357877806095,255,4202141028,1717916213,255,0.21176199548288527,0.0968060277424411,0.050689809444868124,179,0,0,17296,11,3,5,3,1,14,0,0,0,4,12,0,tcp,-,CON
715,0.7116285226988491,33,71,14917,0,4192.279076810807,92,37,42168141.30730108,8291385.146505281,4,27,1138.5096989362078,0.0,57553.867570191556,0.0,164,2814559015,4294881924,255,0.0,0.0,0.0,28,1060,0,11443,8,0,1,1,1,2,0,0,0,6,1,0,tcp,-,FIN
716,0.0,1,16,6890,0,0.0,225,254,0.0,0.0,1,0,4867.314535366222,0.0,26109.725724469226,1372.5187509859693,255,4294813520,2036568234,219,0.21525179647053433,0.05866007414256284,0.08043977121687408,322,0,0,0,9,1,4,2,1,6,0,0,0,3,7,0,tcp,-,FIN
717,0.0,35,26,46,18570,0.0,101,52,0.0,0.0,9,0,2872.2146488936028,1507.2501551677465,14254.412147343206,0.0,255,847883994,1867872669,193,0.0,0.033315986723413585,0.0,42,326,0,10940,18,0,6,6,1,6,0,0,0,7,14,0,tcp,-,FIN
718,0.0,56,121,5856,0,0.0,100,0,87293798.12997946,6437742.629314061,11,51,0.0,1127.562635714044,25399.74009526399,1911.1538701578713,255,4294813520,3819616147,239,0.0,0.03519165158021719,0.0,108,722,0,21048,3,0,1,1,1,1,0,0,0,7,7,0,tcp,-,FIN
719,0.0,1,0,1574,0,0.0,255,254,23256329.00760699,0.0,0,14,3996.4462266919686,0.0,0.0,0.0,255,1058474709,2716199986,212,0.0894716986559511,0.08829238646499266,0.11128965536412183,28,345,0,0,1,2,1,1,1,2,0,0,0,2,4,0,tcp,-,FIN
720,0.0,1,11,46,102966,42262.06706656694,0,69,2774345.2651571934,138546.0767769632,0,5,482.6614561721231,0.0,5973.851377603755,0.0,5,29167056,301684359,69,0.0,0.0,0.0,78,70,0,0,2,0,3,1,1,1,0,0,0,3,7,0,udp,dns,CON
721,0.0,115,152,46,155961,22702.6311058177,144,87,0.0,1524180.1367650405,3,57,1659.727429492416,0.0,0.0,0.0,255,1665010586,4294881924,221,0.06323651386788617,0.0,0.0,29,1042,0,549,7,0,4,1,1,5,0,0,0,2,3,0,tcp,-,FIN
722,2.0446447609364315,21,0,4520,40200,0.0,50,50,50253592.2062108,2742294.2435360877,14,56,1401.4735927363124,1630.6818689970316,0.0,885.8916992442092,215,2242287128,3932860170,255,0.0,0.014315243694564012,0.0,127,1301,0,20549,5,0,2,1,1,1,0,0,0,3,5,0,tcp,-,FIN
723,1.185108359758141,1,21,901,0,95700.06699626848,238,204,0.0,0.0,7,9,0.0,840.1730121667206,10413.415017953248,5110.028089761751,234,3359755870,1370841212,255,0.049881726017490746,0.022973693337043202,0.08312759514535158,306,5,0,0,4,1,2,1,1,1,0,0,0,2,1,0,tcp,-,FIN
724,0.8037064325944351,97,96,9476,46274,0.0,78,0,22473910.94709707,793391.9890696552,30,26,0.0,947.5653115053947,2598.3682668866422,1438.771239001304,182,3107242136,303914513,255,0.0,0.05821670980456696,0.0,208,66,0,0,8,1,3,1,1,1,0,0,0,3,8,0,tcp,-,FIN
725,0.8826716549050722,56,0,9126,0,29497.806209910872,66,7,0.0,0.0,11,0,1823.231920774403,0.0,9860.110647112082,0.0,255,550723624,1808011495,255,0.0,0.00523880360642333,0.01416766744922854,232,0,0,0,17,0,5,4,1,1,0,0,0,9,16,0,tcp,-,FIN
726,0.0,68,16,1454,125317,4462.795250716889,95,39,23313012.376930885,13399341.361104336,15,34,0.0,0.0,3074.890959752592,0.0,255,1914739155,0,255,0.06411897955602773,0.0,0.0,53,651,0,516,7,0,1,1,1,3,0,0,0,5,11,0,tcp,-,FIN
727,1.5169199128137933,31,0,46,0,0.0,29,246,15540133.336890874,1340724.6100451732,2,35,161.04995513692256,0.0,0.0,0.0,205,0,1240805227,198,0.1272699504626135,0.03693017353798016,0.05979014354964488,28,103,1,22217,2,1,1,1,1,2,0,0,1,2,1,0,tcp,http,FIN
728,1.384403625771004,1,100,2716,124451,13278.596561078235,255,196,0.0,2716608.971208993,2,0,3671.4389740928455,0.0,23645.993478209537,3178.571834137373,255,2676139776,3893172487,255,0.1641692612855505,0.0990580666836796,0.02801546911256804,28,0,0,2226,1,1,4,1,1,1,0,0,0,1,1,0,tcp,-,FIN
729,0.0,1,0,46,0,0.0,0,0,0.0,766961.4538654378,2,39,0.0,0.0,0.0,1141.4514788344725,255,1063232840,445592715,255,0.0,0.0,0.0,127,0,0,0,15,0,2,4,1,3,0,0,0,7,12,0,tcp,-,FIN
730,1.2071907293430628,28,0,492,63905,0.0,64,0,94417083.07913454,4934339.431516532,3,13,0.0,242.4963068281586,5777.794112845581,0.0,255,3155493462,568966330,150,0.0,0.0,0.0,112,58,0,0,10,0,11,4,1,11,0,0,0,11,14,0,tcp,-,FIN
731,0.47346717396885424,10,0,46,0,54335.022897980685,30,0,0.0,2875593.3767637396,0,11,3017.1885964515054,187.979055676352,26100.554213315132,3012.5370620876006,205,1361063092,3174447893,255,0.07827795946507975,0.0,0.004843390388144634,158,152,1,0,1,2,3,1,1,3,0,0,1,4,6,0,tcp,http,FIN
732,0.6845862126186553,99,174,19919,57433,24684.858986277766,45,22,73447922.07456563,4019493.034744416,1,93,0.0,0.0,16214.110610732414,0.0,85,1800748005,4294881924,216,0.0,0.01087412104307334,0.02589667021071227,28,789,0,0,4,0,1,1,1,1,0,0,0,4,1,0,tcp,-,FIN
733,3.481591391426742,79,62,46,0,28296.55270064312,24,145,84464041.78299208,6310187.18424819,0,75,0.0,496.33572146034857,0.0,0.0,255,2821216106,3103269814,255,0.03894208923834304,0.056789020697168346,0.015204204053192755,204,904,0,25294,9,0,1,1,1,4,0,0,0,3,4,0,tcp,-,FIN
734,0.3053358240942995,74,67,1318,97873,0.0,19,119,0.0,6376134.049397874,11,67,0.0,0.0,0.0,1171.1643486650462,207,2594939010,4294881924,255,0.0,0.04329954197940481,0.04568174798362077,28,1065,0,34422,3,1,1,1,1,1,0,0,0,4,1,0,tcp,-,FIN
735,0.0,70,47,3901,103324,15504.671663390765,0,0,60671248.82893701,5327901.378858962,1,8,0.0,580.7522898777867,0.0,0.0,255,4294813520,3861694620,252,0.03955791986069933,0.0,0.0,28,623,0,0,9,0,4,1,1,1,0,0,0,7,6,0,tcp,-,FIN
736,1.0870494589588933,37,0,46,121608,0.0,255,254,0.0,1805357.1405184132,13,55,4403.589616167013,654.6520600833769,51049.803473487744,6319.147957539009,255,4294813520,1942802685,243,0.18064547733412656,0.07643273352707457,0.15723650551044524,28,358,0,12236,7,1,5,2,1,8,0,0,0,1,1,0,tcp,-,FIN
737,0.6700877647344063,32,0,6578,68626,18940.07291143333,255,179,51364894.49950299,1031426.1592204054,0,0,0.0,733.9527917177171,0.0,0.0,255,3005204735,2430562491,200,0.15172141924026966,0.0794876780557389,0.10427799494552761,32,0,0,18054,1,1,1,1,1,6,0,0,0,3,5,0,tcp,-,FIN
738,0.0,21,194,9388,17201,0.0,4,0,0.0,9383206.350068692,14,22,0.0,56.7022244828967,0.0,1810.09323615471,255,4294813520,4125788515,255,0.025107151597141015,0.008314847302950658,0.0,186,876,0,0,7,0,2,1,1,1,0,0,0,7,2,0,tcp,-,FIN
739,0.0,1,73,677,0,0.0,89,192,0.0,1980284.4789774732,1,0,211.9347097586999,0.0,8197.370298050455,0.0,255,812679650,1330336565,239,0.2833753332292175,0.16076322276354407,0.09648994262703917,137,243,0,0,2,2,2,2,1,1,0,0,0,3,1,0,tcp,-,CON
740,0.06952350217616274,50,0,102,0,51614.35698242469,52,18,6271613.086048674,4062640.2694515414,0,14,2866.0639571406964,0.0,10254.728048408173,0.0,255,949672230,954417256,182,0.0,0.0,0.05160021874633179,97,427,0,0,17,0,3,2,1,1,0,0,0,3,9,0,tcp,-,FIN
741,1.8973573294908477,49,51,788,101546,1234.8319671179167,31,20,0.0,0.0,9,0,2214.492014582741,0.0,0.0,0.0,255,2143878333,637039582,197,0.01765960877345044,0.02821432614036708,0.03254358899764004,163,164,0,39955,11,0,9,7,1,9,0,0,0,10,17,0,tcp,-,FIN
742,2.059682957898661,56,44,4158,27113,22708.297638334665,0,42,30898995.6762497,3212799.6842891937,13,46,0.0,573.7630658663468,17317.106785837652,2857.1990662968865,255,1720687183,4294881924,183,0.06840047441286393,0.06605335989992328,0.0,28,821,0,34732,7,0,5,1,1,4,0,0,0,1,7,0,tcp,-,FIN
743,0.6244162568966906,15,0,3400,157851,0.0,0,62,0.0,6801054.726734016,3,0,1549.0867870257339,0.0,9343.19167109343,0.0,253,4232176750,3760432296,226,0.0,0.014502549884208876,0.0013316163529882212,98,723,0,0,4,0,1,1,1,4,0,0,0,3,2,0,tcp,-,FIN
744,3.9786232982016516,17,64,2033,36284,0.0,216,235,0.0,2267383.2875659824,3,47,2805.418538666483,0.0,0.0,3413.3463091551776,185,3980488307,0,255,0.13784063524938808,0.13447221035265047,0.08231201984131395,260,0,0,0,6,1,2,1,1,5,0,0,0,2,3,0,tcp,-,FIN
745,0.5096230016095397,110,145,6558,102253,58653.31490330882,0,31,57654190.849561915,4622475.044841421,3,49,0.0,166.54862543690737,0.0,450.8574100840215,255,3171543818,4294881924,215,0.016094206988429165,0.03151640154374452,0.0,28,1224,0,16247,5,0,1,2,1,3,0,0,0,1,4,0,tcp,-,FIN
746,0.2507649735896527,59,59,5593,0,13811.382816398338,255,197,0.0,2271840.4772594916,2,55,0.0,0.0,0.0,1056.050230584349,255,2751227019,3539371400,255,0.20206111521517423,0.053911121242763343,0.08969840586276354,28,0,0,11433,1,1,3,1,1,3,0,0,0,1,3,0,tcp,-,FIN
747,0.4065877935462965,16,0,46,44801,174453.10153001326,255,0,701093424.7013261,548832.100137758,0,0,0.0,0.0,0.0,0.0,67,0,915603342,0,0.0,0.0,0.014853440300036052,1055,51,0,26147,4,2,3,4,1,1,0,0,0,1,1,0,udp,-,INT
748,0.0,1,0,46,0,36596.967782604836,30,0,0.0,631475.4598252042,0,37,0.0,240.92543751760797,7025.908996675073,0.0,0,1171959762,507955900,0,0.0,0.03976560553653769,0.0,203,0,0,0,4,0,6,3,1,1,0,0,0,3,1,0,udp,dns,CON
749,0.0,1,56,46,0,0.0,0,62,0.0,1994820.3356608958,0,0,1680.0873940348306,0.0,0.0,0.0,255,1709049429,0,255,0.00991407053417185,0.06554133308588067,0.03680039295128903,226,0,0,15208,7,0,10,6,1,11,0,0,0,10,15,0,tcp,-,FIN
750,0.0,6,22,6817,47283,16753.636561888605,0,235,0.0,507390.4697838271,0,6,0.0,347.7192788663937,15024.027185660063,829.3844531551141,122,441065348,90570103,255,0.31919808450127607,0.21512599149101735,0.07033863251933253,379,47,0,0,8,4,1,1,1,6,0,0,0,1,5,0,tcp,-,CON
751,0.0,76,66,6543,70119,64791.87406249487,31,0,58897591.416974545,4655450.342238929,10,21,5966.160707018785,0.0,11074.82910239175,1834.4235867453353,233,1949301007,3537533810,178,0.01094833472293491,0.042365415564520253,0.0,107,878,0,13098,8,0,2,2,1,1,0,0,0,1,6,0,tcp,-,FIN
752,2.8123104990171637,1,0,4974,0,8373.551628378484,128,26,0.0,1334323.2758346656,2,0,1800.7181891137843,0.0,0.0,6698.4290310488495,250,507553146,2392724039,255,0.0,0.005816826361085932,0.0,90,526,1,3144,2,0,2,3,1,6,0,0,1,5,6,0,tcp,http,FIN
753,0.0,104,56,46,73043,30056.592316266157,0,0,0.0,15489962.650276775,6,6,0.0,0.0,0.0,0.0,255,32224798,4294881924,255,0.020492930895857384,0.0,0.0,56,416,0,39948,13,0,2,1,1,1,0,0,0,3,12,0,tcp,-,FIN
754,0.0,71,79,13909,0,53760.77873742023,73,112,0.0,2070819.5766258428,2,0,0.0,0.0,0.0,0.0,255,567001384,331702697,254,0.0,0.002250129840210161,0.027421399599717303,75,169,0,9404,17,0,3,3,1,1,0,0,0,5,2,0,tcp,-,FIN
755,1.6180175927410814,47,0,46,34798,0.0,7,0,0.0,1011467.1112705439,2,0,0.0,5.359118433112181,21254.724857011788,1034.0003948729272,196,0,3853990502,255,0.0,0.0,0.0071097470324161804,55,333,0,0,19,0,8,3,1,4,0,0,0,8,13,0,tcp,-,FIN
756,0.0,1,57,3050,0,26800.236400913753,34,63,0.0,494646.53798314754,12,0,0.0,0.0,0.0,1031.7189928019916,255,1542156624,827741608,237,0.0,0.016162970866978144,0.02074498977978277,126,47,0,2899,15,0,4,1,1,4,0,0,0,5,6,0,tcp,-,FIN
757,0.0,30,19,6725,0,51086.06569116201,122,254,108994192.33622326,0.0,0,4,0.0,323.9730448023373,30252.024167467378,1859.6761083714007,255,4294813520,1405453497,255,0.1398675324517434,0.08124978235296826,0.061427237690776196,208,183,0,0,11,4,7,5,1,13,0,0,0,5,14,0,tcp,-,CON
758,0.0,34,56,46,119302,0.0,14,0,0.0,2816627.4609782565,7,32,3380.228542753811,0.0,29739.683812640043,0.0,255,0,2861507704,225,0.01718804632447558,0.0,0.0026893499755356086,28,0,0,0,18,0,2,6,1,5,0,0,0,8,15,0,tcp,-,FIN
759,4.493966325601772,22,51,46,105146,39633.0131997503,220,254,0.0,3319956.3438293925,2,8,0.0,932.4654347387951,181.95075382515097,0.0,255,3389400644,3176639680,255,0.11375912911992586,0.021299500560606234,0.029041101223226472,163,0,0,40459,3,1,2,1,1,3,0,0,0,2,2,0,tcp,-,FIN
760,1.1201836106631418,42,0,2255,60755,4150.972272137049,101,57,179352670.92277333,0.0,3,30,3184.8497086377283,0.0,0.0,0.0,230,1257983382,3206940977,215,0.01244008166643511,0.0,0.011536895498090071,28,0,1,33686,2,0,2,1,1,1,0,0,1,5,4,0,tcp,http,FIN
761,0.5299692915083364,77,0,22806,23738,0.0,33,35,21063747.546551753,15306864.633264313,4,0,0.0,786.2550439475275,0.0,1777.9756911546585,186,1996352854,0,252,0.023378860087088674,0.05510121188931231,0.0,37,1000,0,0,9,0,1,2,1,1,0,0,0,6,10,0,tcp,-,FIN
762,0.41070207708217177,68,23,4981,12003,35558.71947741845,85,47,0.0,14366244.61451396,6,8,616.698969935913,468.97254269863254,16146.877343568247,0.0,255,0,3568989104,255,0.03368042481996718,0.0,0.009377647345422499,179,784,0,14711,17,0,1,2,1,1,0,0,0,1,11,0,tcp,-,FIN
763,0.8341943799104973,34,63,12329,95382,1431.8274664304315,0,0,0.0,317982.8348716414,4,21,189.82772699978636,765.899084706432,0.0,1482.437947698335,255,1815744803,0,255,0.029073285320946902,0.025910783443748385,0.0,158,0,0,43118,14,0,11,5,1,10,0,0,0,11,15,0,tcp,-,FIN
764,3.6832112022286494,11,0,8228,0,83.70780492116137,100,57,13928949.701177163,1843340.1275221275,0,8,2000.0807194873464,0.0,0.0,0.0,0,0,0,0,0.07705014235263102,0.021031517550855514,0.07381911777520929,29,126,0,25998,1,0,1,1,1,2,0,0,0,1,2,0,udp,dns,CON
765,0.0,1,0,3006,0,24506.721281785012,255,228,0.0,0.0,3,0,2901.6697880825486,0.0,23637.626078695226,750.3764335719645,167,3778562393,2452577411,255,0.1847279462675806,0.047874098978190276,0.0790232459395802,253,233,0,0,1,2,1,2,1,3,0,0,0,1,7,0,tcp,-,FIN
766,0.3361363639320927,4,0,46,126959,54941.04816493153,255,18,785956829.4649056,760891.8805388671,2,22,0.0,221.915347516997,20792.679094195282,0.0,0,0,0,0,0.118541183033972,0.0,0.01345459620397756,974,212,0,0,7,3,1,2,1,1,0,0,0,2,3,0,udp,-,INT
767,0.21999633223256476,69,176,11980,76649,30289.883422449322,37,75,0.0,3202748.003906516,16,23,1318.6450116669255,325.11891165521746,0.0,0.0,255,1038017042,4294881924,135,0.06166206736446708,0.02136629209140749,0.011439352452708397,28,866,0,0,10,0,3,2,1,1,0,0,0,3,4,0,tcp,-,FIN
768,1.8278718785220136,25,104,46,169956,0.0,6,63,23308607.87547769,16981265.853707843,8,5,3359.743163902716,634.9904202672042,8238.379172007133,6704.137738231955,255,2571473510,0,213,0.059924387627861835,0.0,0.0,106,462,0,16285,10,1,2,1,1,3,0,0,0,3,8,0,tcp,-,FIN
769,3.5585677252339836,130,125,15614,0,58371.91390380179,31,46,116574615.95527019,3448320.942464065,0,48,2104.3553773926965,493.8387314998579,13471.058803908612,0.0,149,832378600,3796236460,255,0.0,0.0,0.012441816696074776,28,789,0,26123,11,0,1,2,1,2,0,0,0,3,4,0,tcp,-,FIN
770,0.0,64,59,2399,35695,43192.57592299935,232,254,54001932.915721826,0.0,10,3,0.0,443.877233497272,41443.67923207574,0.0,255,4133247483,897577871,254,0.2075146315408738,0.08305700404118106,0.13089001911964715,28,176,0,26267,6,1,4,1,1,7,0,0,0,1,2,0,tcp,-,FIN
771,1.0647064611899808,121,115,46,220326,59315.643249797125,78,64,0.0,4572508.732089103,6,24,0.0,373.0087385736673,0.0,0.0,170,1058803222,4294881924,225,0.050987876199894325,0.05763192028556332,0.005349843570733455,121,1257,0,14735,4,0,1,1,1,1,0,0,0,1,5,0,tcp,-,FIN
772,0.885137693770854,17,0,46,2285,17619.916455112503,244,254,7163106.642823573,0.0,10,0,0.0,611.8987590633624,2668.5396673267937,2860.0997422423134,255,1944979038,2959902338,255,0.11941400718872668,0.10020482217749109,0.09039436245048495,28,37,0,7406,1,2,1,1,1,5,0,0,0,2,1,0,tcp,-,FIN
773,0.0,47,0,4926,0,0.0,180,250,77503399.25384778,458541.8916385203,8,0,4745.509839544706,110.47510799557973,17679.285555938637,0.0,255,2805975664,4244475930,255,0.0009112142844827226,0.06116036360510201,0.08779346749662938,112,0,0,0,1,1,2,1,1,1,0,0,0,4,2,0,tcp,-,FIN
774,1.9464763437832697,16,0,46,0,0.0,0,37,0.0,4103745.0813083337,2,0,792.3728357015499,866.2153965307069,28884.081227677354,0.0,230,1356700544,3020176570,255,0.0,0.0,0.020708242516821233,28,466,0,6720,17,0,6,6,1,5,0,0,0,7,9,0,tcp,-,FIN
775,3.252934409527486,12,137,5788,73481,0.0,0,254,135757263.8178393,0.0,5,27,0.0,0.0,10936.877170727956,0.0,255,4294813520,1633476573,165,0.11309847071792699,0.05882490378764669,0.11635110037489468,251,106,0,0,11,3,4,4,1,13,0,0,0,1,6,0,tcp,-,CON
776,2.007302170354755,1,30,46,0,0.0,92,227,11352514.142533172,0.0,0,7,0.0,0.0,9466.62528931431,1150.5585263027783,255,98613704,563368294,249,0.26581509348415644,0.1946947544701306,0.07794579784675025,28,0,0,11039,2,3,1,3,1,6,0,0,0,4,6,0,tcp,-,CON
777,0.0,59,26,46,25939,0.0,0,0,47703904.02067128,13844546.153017353,7,41,0.0,940.9317533127221,0.0,2599.9720081823834,255,637218117,2875786448,255,0.0,0.0,0.0,196,628,0,0,14,0,5,1,1,2,0,0,0,1,7,0,tcp,-,FIN
778,0.0,4,26,46,0,15211.395387713106,46,54,0.0,2201537.624502106,3,12,3465.967506907622,353.48561075064976,0.0,3621.691139366459,4,367438540,387702727,0,0.022897872091318765,0.0,0.0,28,237,0,10905,3,0,1,1,1,2,0,0,0,1,5,0,udp,dns,CON
779,2.3638977545585833,1,0,1792,115744,0.0,38,19,3736376.790482385,277895.0502808093,7,0,0.0,0.0,6179.176740126046,7377.254119919297,255,1043255868,2222687543,178,0.0,0.0,0.012027350209122982,287,554,1,31734,2,0,1,1,1,4,0,0,1,1,2,0,tcp,http,FIN
780,0.0,1,79,46,78493,0.0,28,0,0.0,2026656.5943653143,4,0,1559.7402074977492,86.15729364510655,15928.505216680353,0.0,0,0,0,0,0.0,0.03782460322976729,0.0,28,213,0,7927,1,1,7,3,1,1,0,0,0,3,3,0,udp,dns,CON
781,0.0,6,0,9295,0,0.0,53,54,126321284.1133512,291791.075344275,2,0,0.0,1138.5816174346764,10225.67330266887,0.0,255,656831760,2778000226,255,0.12270750159934887,0.0,0.04091336558949694,327,0,1,6987,1,1,1,1,1,5,0,0,1,1,3,0,tcp,http,FIN
782,1.2444973340501106,65,36,46,0,0.0,255,254,144231349.12151122,0.0,15,0,1718.1609310128358,160.12433966397606,0.0,160.9353241526419,255,3419454241,398836580,255,0.19263056526113284,0.05695446982589206,0.0891904024129959,28,0,0,19191,7,1,4,2,1,1,0,0,0,2,5,0,tcp,-,FIN
783,2.10965072579845,35,60,2637,104420,0.0,121,170,172670027.08801666,1231033.86856153,1,0,3427.315859570678,1262.5570029607193,22562.90854361986,851.7865938152406,228,1308438090,2466091343,224,0.11895272248537085,0.08400778103400337,0.07420010884478578,28,0,0,37210,2,1,1,1,1,2,0,0,0,1,1,0,tcp,-,FIN
784,0.0,2,22,603,0,24935.08802059792,15,80,0.0,3789833.341949704,0,23,2039.4418057020973,356.2431023096548,0.0,1506.3229815884101,35,0,461510320,0,0.0,0.0,0.0,77,45,0,0,2,1,9,2,1,5,0,0,0,1,5,0,udp,dns,CON
785,0.674927686096488,19,23,46,0,0.0,52,0,26516936.803766746,0.0,0,28,0.0,0.0,6046.251344096396,5356.323976411348,207,0,2458927091,233,0.0,0.0,0.003310802020841484,257,617,1,14875,7,0,2,2,1,1,0,0,1,4,1,0,tcp,http,FIN
786,0.5698328054443792,11,9,46,0,0.0,143,232,34764298.54974083,83440.32312190828,8,55,0.0,0.0,22641.757450924622,601.5844603852424,143,373465666,1809405889,255,0.07525336488789434,0.007459284913107253,0.016966350572295764,163,254,1,31981,10,1,1,2,1,2,0,0,1,1,1,0,tcp,http,FIN
787,0.0,1,0,226,0,0.0,114,121,0.0,2799332.6965709925,0,0,0.0,69.0186577415726,20278.29813156096,0.0,11,718511438,0,70,0.0,0.02188034269397246,0.0,191,474,0,14068,3,0,9,1,1,4,0,0,0,3,5,0,udp,dns,CON
788,0.0,1,0,13453,0,0.0,0,13,30534194.266851343,921316.1581284027,1,38,1733.5369029406195,992.5284847599874,7856.758567717619,0.0,20,252556742,0,0,0.0,0.008135827920971637,0.0,155,0,0,0,2,0,6,2,1,1,0,0,0,2,1,0,udp,dns,CON
789,0.0,118,103,11707,0,50968.242267548376,14,34,0.0,1391197.8275534061,28,70,187.8523984831578,0.0,42935.54570049438,4280.894390073062,249,3947736094,334295821,255,0.0,0.0732867871057826,0.0,28,71,0,0,4,1,1,1,1,1,0,0,0,4,2,0,tcp,-,FIN
790,1.4932307101910318,39,138,46,100516,0.0,0,67,119380929.58078505,12629731.373937767,5,18,4420.935342650658,277.31947381991336,0.0,0.0,174,2485143891,28570405,249,0.0,0.0,0.0,138,696,0,15786,10,0,4,1,1,5,0,0,0,2,4,0,tcp,-,FIN
791,6.405648169381359,1,6,46,0,1851.832801069962,255,166,0.0,12735.157382254865,1,15,0.0,1225.933641775667,25342.459342850976,0.0,255,3178781354,1937166899,255,0.05518218467024867,0.13015653998778673,0.06864692483234751,244,226,0,0,5,1,2,1,1,4,0,0,0,5,8,0,tcp,-,FIN
792,0.12073547350682814,16,0,5054,24282,20104.556854414186,81,33,20646000.584548377,0.0,2,30,188.09550664287988,0.0,0.0,970.0393857665387,14,0,195757025,66,0.0,0.0,0.03573174762228855,28,258,0,30274,3,0,1,1,1,1,0,0,0,3,4,0,udp,dns,CON
793,2.3913364279708644,27,0,894,0,0.0,48,32,64105411.38674352,0.0,4,3,0.0,301.3801457706234,0.0,2477.532863397419,207,3074988201,19211823,213,0.0,0.0,0.006481812769784011,114,21,0,39051,9,0,9,4,1,5,0,0,0,14,15,0,tcp,-,FIN
794,0.0,1,58,8663,4505,0.0,70,254,0.0,0.0,4,0,1930.955152366147,418.4521403078093,4902.277379422346,0.0,182,1575708004,0,255,0.2615671056482903,0.15456752477037256,0.003082389654086526,160,366,0,0,5,2,2,4,1,4,0,0,0,5,5,0,tcp,-,CON
795,0.0,7,41,46,130527,0.0,255,190,110410736.34058622,872158.9631431238,3,0,0.0,364.42409873064145,1538.3561193797934,0.0,241,2432953229,2297485429,185,0.10381360109411857,0.05907058152467375,0.06484681626838872,197,0,0,0,5,1,1,2,1,4,0,0,0,2,7,0,tcp,-,FIN
796,5.571679090504549,39,47,3932,0,29677.816810834865,91,10,0.0,1140353.7032521747,1,0,0.0,0.0,0.0,5452.784798572207,255,0,1770902942,255,0.028175177719359117,0.010113640514830012,0.017044036491834353,80,726,1,0,8,0,1,1,1,2,0,0,1,3,1,0,tcp,http,FIN
797,0.0,89,49,9297,76105,73724.66346788994,88,0,0.0,15554252.801428195,1,26,0.0,0.0,0.0,0.0,255,2705332221,856189235,241,0.025353941804237556,0.0,0.0,28,1034,0,0,13,1,2,2,1,1,0,0,0,3,7,0,tcp,-,FIN
798,1.8879184745912296,30,31,46,0,73139.32913539566,53,0,0.0,1653862.7198109776,0,0,1510.1832728676916,0.0,0.0,4201.48149845738,0,340674353,0,3,0.036894591926534256,0.0,0.009194336969758075,28,0,0,32286,4,0,6,1,1,1,0,0,0,5,3,0,udp,dns,CON
799,1.2578976931802814,17,0,46,103637,48280.226844477525,237,254,0.0,0.0,17,0,2737.641749937964,0.0,0.0,0.0,255,4294813520,842182403,200,0.14474313103603847,0.04777290778411706,0.10401388350153934,259,146,0,0,7,1,2,2,1,4,0,0,0,2,5,0,tcp,-,FIN
800,2.369112197414352,1,0,1222,0,0.0,69,30,0.0,0.0,8,12,0.0,637.593213525354,3295.8404221413493,0.0,255,110804749,2142609025,255,0.0394304642834768,0.0050731983882827784,0.0,67,0,1,15688,1,0,2,1,1,2,0,0,1,3,7,0,tcp,http,FIN
801,0.7169891270164602,1,62,6941,71916,0.0,255,224,0.0,0.0,9,0,1593.1306716404624,0.0,17104.59582349535,846.429329990787,191,3205258573,1001935299,255,0.029616189986182317,0.06393138873819906,0.09541736672642079,367,186,0,29170,7,1,3,1,1,4,0,0,0,5,7,0,tcp,-,FIN
802,0.0,69,107,3518,41683,56896.894753028624,22,3,103238072.86048295,16205847.748809256,4,43,1312.3065082154942,619.2023223405552,26602.388001661464,0.0,255,3005039261,259095271,201,0.03650467217957721,0.0,0.0,28,635,0,17219,7,0,4,1,1,6,0,0,0,2,6,0,tcp,-,FIN
803,0.0,94,36,11404,121354,58851.97530254246,14,1,0.0,2267555.041836504,7,48,0.0,579.3320832070657,19382.058106741104,0.0,255,1465227153,3507266277,255,0.0,0.03847073167300694,0.0,109,1018,0,9174,5,0,5,2,1,2,0,0,0,1,1,0,tcp,-,FIN
804,4.687400321559467,37,0,46,45680,32964.02550991033,87,5,0.0,522885.1297556388,0,0,0.0,0.0,22638.32263603499,1798.1016476434563,0,0,0,48,0.05688166602140519,0.0,0.013171299760948241,100,207,0,0,6,0,7,2,1,1,0,0,0,2,9,0,udp,dns,CON
805,0.6505305648214758,46,24,46,0,32954.37840505128,113,0,0.0,1032685.2161478606,0,2,1970.158502180642,128.6222054806888,0.0,253.79349860776824,255,1003116508,3828188058,238,0.0,0.0,0.0,221,266,0,38863,18,0,4,6,1,5,0,0,0,10,13,0,tcp,-,FIN
806,4.339110734695417,1,90,13425,74222,0.0,0,16,9663128.856810102,0.0,0,0,4947.175613290776,0.0,25277.97468099286,2782.2832557245597,88,0,866469001,76,0.05394749598189346,0.0,0.03689066083783886,184,228,0,0,2,0,7,2,1,1,0,0,0,3,3,0,udp,dns,CON
807,0.0,1,0,46,0,65049.08995040667,49,234,40491606.96535772,644870.788141602,7,19,2626.443324249269,207.48376304393565,13043.028290435555,2032.820053711504,243,2305294015,1585661257,231,0.20144607703184933,0.29375985021518547,0.03904362835618977,174,52,0,19932,5,3,3,2,1,7,0,0,0,4,7,0,tcp,-,CON
808,2.2495868932233436,7,24,46,53309,0.0,255,214,92815516.81718351,2966273.536922769,8,7,3160.5504521408725,404.5782224722608,0.0,0.0,236,3330011234,278141222,249,0.22897735155795979,0.08423278164388015,0.1490159331379823,28,0,0,0,5,0,4,2,1,5,0,0,0,2,4,0,tcp,-,FIN
809,0.0,90,16,4420,53422,0.0,55,37,0.0,3863598.4349338836,3,42,5268.033407345499,0.0,24619.089079528476,0.0,255,2373368562,3845508273,200,0.0,0.0,0.03297918303178137,223,917,0,0,1,0,4,1,1,1,0,0,0,1,7,0,tcp,-,FIN
810,0.9099517513559519,8,0,3747,24382,30393.2606432468,228,254,135852112.19415817,0.0,3,16,0.0,0.0,0.0,3191.0752161830087,245,3603676413,82434209,255,0.18095908995605248,0.1437141657856706,0.030874784706623956,170,0,0,0,2,1,1,1,1,9,0,0,0,1,4,0,tcp,-,FIN
811,4.963129705127622,1,0,46,0,0.0,255,224,0.0,0.0,5,0,1862.6252101807288,0.0,0.0,0.0,127,2731758608,3819511399,255,0.11693142582631809,0.04209317971194671,0.07509574229858745,28,12,0,0,5,2,3,2,1,1,0,0,0,2,7,0,tcp,-,FIN
812,0.0,13,0,881,3475,0.0,83,245,0.0,0.0,0,0,3835.740637496935,1920.3542860336545,39580.306156312836,8343.42097580503,250,652466069,1295220282,255,0.3576592948857167,0.22175044740899227,0.03981232856260833,28,0,0,0,2,3,2,3,1,6,0,0,0,4,5,0,tcp,-,CON
813,0.0,1,0,267,0,33293.91250394018,255,254,1869581.28845418,1051963.9875304003,2,24,2492.406052237811,584.5851619626941,8892.005555083282,2826.037497885709,255,3290270935,2751883204,219,0.1530848944543629,0.021972121166602465,0.045019466087179515,28,0,0,0,2,1,1,2,1,3,0,0,0,1,1,0,tcp,-,FIN
814,1.7869785152322113,1,2,2160,16873,0.0,149,254,0.0,0.0,4,17,0.0,0.0,0.0,3794.92170694062,255,3913774339,1330453250,217,0.222513675191877,0.07242808510890772,0.0,224,0,0,13153,9,3,5,3,1,11,0,0,0,3,18,0,tcp,-,CON
815,1.3149890671766653,21,0,46,13164,17242.709739289206,9,0,0.0,0.0,5,0,0.0,788.8758115772155,0.0,5086.561919510564,207,0,1891237432,255,0.0,0.0,0.018604063915557044,357,366,1,19417,1,0,3,1,1,1,0,0,1,2,4,0,tcp,http,FIN
816,3.7787101999378767,1,0,12779,0,0.0,27,0,80341343.86229797,2617111.711120349,1,10,4217.4315339810055,1111.4862941166562,24221.806931167037,0.0,0,1292434427,440878358,78,0.0,0.0,0.0,28,0,0,0,1,0,8,2,1,4,0,0,0,5,1,0,udp,dns,CON
817,0.0,67,102,2625,46304,65002.27603415546,0,0,51803165.74267904,13557391.907836694,4,54,1074.019158071892,914.7268252304349,0.0,2263.7699204758874,255,2487038601,828396585,255,0.0,0.022006331084814642,0.02302539607555841,28,759,0,0,11,0,1,1,1,3,0,0,0,1,3,0,tcp,-,FIN
818,0.5112583404653038,14,40,4898,9173,17347.14249721912,54,254,0.0,0.0,0,28,863.9972323106425,0.0,1315.8850926332811,0.0,252,358170819,642429299,255,0.3350936893452704,0.23441546563668683,0.07424090738877581,175,99,0,0,7,3,1,2,1,5,0,0,0,1,6,0,tcp,-,CON
819,0.6351729061854199,1,53,46,0,45039.25068823204,0,9,19019814.529275786,1791876.6642978177,0,0,50.85234991466729,0.0,0.0,155.67125713969045,172,0,2837401361,255,0.04057795482645346,0.0,0.0,289,0,1,5429,1,1,1,1,1,5,0,0,1,6,9,0,tcp,http,FIN
820,0.0,1,0,46,0,0.0,99,254,37130261.69812277,2544407.775881404,0,0,3987.929560058759,704.1791454700108,67220.51788306214,903.3621954448017,255,1661211133,1168920065,255,0.035945428613937125,0.048790546490765634,0.08097342769215488,28,192,1,29179,3,1,1,1,1,3,0,0,1,1,3,0,tcp,http,FIN
821,0.0,48,25,46,0,0.0,52,129,0.0,1218600.6739071973,2,0,2516.2183928883255,0.0,0.0,0.0,243,201206429,2936369657,255,0.0,0.025031967445000382,0.015264843056633335,192,63,1,29060,1,0,2,1,1,1,0,0,1,2,6,0,tcp,http,FIN
822,0.0,1,53,11412,160712,0.0,17,28,40459798.4571142,0.0,7,0,0.0,906.0770150705653,0.0,0.0,255,1578792402,2769687785,255,0.01763760070489261,0.013909551570319643,0.0,71,0,0,0,17,0,3,5,1,1,0,0,0,5,17,0,tcp,-,FIN
823,0.0,1,0,46,71907,23230.98367568408,57,254,0.0,1060493.814409832,0,36,2381.420306767658,84.66405793732484,0.0,0.0,179,4294813520,2397985773,255,0.2032940866415604,0.09048223724069811,0.09083200257801065,429,0,0,41852,15,3,4,5,1,16,0,0,0,4,14,0,tcp,-,CON
824,0.0,33,86,9954,98401,3744.5876227067592,68,55,0.0,3256877.3087713844,8,19,462.14834738688154,601.193188294794,0.0,0.0,248,1857459283,3969613408,194,0.0,0.0,0.0,73,1093,0,0,6,0,4,2,1,1,0,0,0,2,2,0,tcp,-,FIN
825,0.0,11,2,46,80723,43627.98340591001,6,222,0.0,1086441.2081633792,5,0,2339.657554647167,888.2217559084397,6169.720308861788,0.0,255,452599909,1098464344,255,0.02769852141123899,0.030744456796741055,0.03355848796495461,119,3,1,0,5,1,3,1,1,2,0,0,1,4,1,0,tcp,http,FIN
826,0.0,67,162,886,0,22866.38652506505,41,82,0.0,3387886.5568966875,0,12,3503.402325429864,0.0,0.0,0.0,250,4294813520,3793064123,255,0.059997331366270626,0.0685335638962804,0.0,68,857,0,0,6,0,3,1,1,5,0,0,0,6,3,0,tcp,-,FIN
827,2.0333612765910005,1,100,46,0,0.0,65,0,56309933.71592729,738663.5949552408,0,0,3192.9898978490664,110.0494861318412,19413.63290501578,0.0,0,0,0,0,0.0,0.0,0.0,31,143,0,0,2,0,4,2,1,1,0,0,0,1,4,0,udp,dns,CON
828,0.0,45,0,10203,0,17633.652848957234,0,96,6698370.108778228,0.0,10,5,0.0,931.1532690224471,11737.88987423048,9809.939569942293,125,362986316,1797448831,156,0.032589239748960386,0.0,0.0,228,437,1,10939,2,1,4,1,1,1,0,0,1,1,5,0,tcp,http,FIN
829,2.224941718419576,1,139,46,0,6544.825321607338,255,223,0.0,0.0,6,0,1391.986580780047,0.0,0.0,1725.7186773523226,255,3492201653,926966457,169,0.028121820407324888,0.10038174091381084,0.0,117,214,0,0,4,1,2,1,1,1,0,0,0,3,6,0,tcp,-,FIN
830,0.0,71,15,46,33991,52477.042201889955,0,5,65084792.38416938,11713255.193673676,0,50,3817.7266432844995,0.0,0.0,1917.8378121189346,255,2314217111,0,235,0.0,0.008393642646413672,0.048138517827911946,28,870,0,0,5,0,3,1,1,1,0,0,0,2,9,0,tcp,-,FIN
831,0.0,53,56,46,14214,0.0,248,197,31142639.167895798,0.0,5,0,0.0,1022.6546483255734,0.0,0.0,255,2786177684,3098228136,173,0.12324970353383431,0.03221183695221872,0.10987526503401823,38,6,0,0,1,2,3,2,1,3,0,0,0,1,3,0,tcp,-,FIN
832,4.319342870786001,1,62,46,63093,0.0,197,206,85594120.57837427,0.0,1,63,5202.759705613953,1220.530718443782,29581.622621428818,0.0,255,3491452894,504042253,236,0.11010669660208625,0.00860097912497848,0.10338918659620695,318,426,0,0,8,1,3,1,1,8,0,0,0,4,7,0,tcp,-,FIN
833,0.0,6,0,46,0,16833.91996832333,101,8,127700284.60337931,0.0,7,0,1604.1798084170005,0.0,19930.244908059587,3658.7519883166833,255,2713355329,1017473410,255,0.08571535995125759,0.0,0.026405685352351004,37,249,0,0,14,0,8,6,1,12,0,0,0,8,16,0,tcp,-,FIN
834,3.358477089972204,1,33,46,28340,53594.7054792373,5,130,26595658.557498604,0.0,0,40,2563.395938680106,1008.3954708283734,21615.024680869086,0.0,238,314741558,1585832015,223,0.10714504679362048,0.05492994482134898,0.04440593089592351,102,0,1,21559,1,1,1,1,1,1,0,0,1,1,1,0,tcp,http,FIN
835,4.693733222511413,1,0,46,1154,0.0,0,17,0.0,0.0,0,33,2472.9857569721903,0.0,0.0,1577.8142132498806,27,0,598851125,5,0.0,0.0,0.0,28,28,0,37904,1,1,6,1,1,8,0,0,0,4,3,0,udp,dns,CON
836,0.0,1,28,46,23565,113513.7268822871,255,0,799396439.0233504,56718.49326597933,0,0,0.0,0.0,7329.5652038116,0.0,78,271813394,0,0,0.0,0.009370375867479583,0.0,1127,385,0,39203,1,2,1,2,1,1,0,0,0,1,3,0,udp,-,INT
837,0.0,87,62,46,0,6934.192054041032,11,69,0.0,12344806.840064831,7,9,2571.072141049016,0.0,0.0,0.0,255,1572799018,3502826767,255,0.0,0.01237009981014043,0.015899378273529177,128,494,0,14442,11,0,5,2,1,4,0,0,0,5,10,0,tcp,-,FIN
838,0.0,63,79,9643,103961,0.0,0,50,0.0,69414.25966747127,1,0,1372.4051104128826,0.0,24610.166325415106,10998.305114471787,255,0,2885072873,255,0.10875351880356877,0.0347101635214694,0.013902335337437585,134,575,1,0,4,0,3,1,1,4,0,0,1,1,5,0,tcp,http,FIN
839,0.5986806069578527,39,54,5669,25349,49248.45759094246,57,0,0.0,12801629.935231086,6,0,0.0,79.61775067062494,27873.89372411695,389.6372731892453,174,2393758283,2110203727,175,0.0,0.0,0.0,79,839,0,0,13,0,3,3,1,1,0,0,0,3,11,0,tcp,-,FIN
840,0.8937705004759775,58,0,2245,120396,4213.696086325397,0,229,93200059.34306614,1519280.1109226728,0,1,4220.41927208222,400.87634570485176,0.0,0.0,168,4294813520,3159241927,213,0.23933746624408075,0.08012502730125204,0.07518405966145342,28,145,0,15893,7,3,5,5,1,11,0,0,0,4,8,0,tcp,-,CON
841,2.3629728065176487,17,66,46,0,0.0,203,240,60350033.379222505,731060.4321819618,7,3,0.0,1164.129262484732,1111.2286327080408,1679.5270606617344,255,4294813520,3132729580,184,0.11395100812194935,0.08587000397915459,0.13010129639860904,28,180,0,0,10,0,2,2,1,2,0,0,0,1,2,0,tcp,-,FIN
842,3.4156227518036717,58,36,46,50640,0.0,226,254,71257580.90095161,0.0,3,0,0.0,0.0,1554.9258412578652,1024.471061033684,211,3272626503,3192968453,255,0.14521926647844968,0.11918676778593804,0.07679692601865935,41,160,0,8658,2,1,1,1,1,1,0,0,0,1,1,0,tcp,-,FIN
843,0.0,7,43,46,0,0.0,255,211,9891782.316234173,282349.92587271205,0,56,3804.6319051231594,968.7482599845752,23606.360643638334,5888.903668788198,255,2559800064,4005675495,255,0.09374506195234752,0.08657677688318878,0.03147420119410553,105,49,0,40575,1,1,3,1,1,2,0,0,0,4,4,0,tcp,-,FIN
844,4.5552347630982,20,0,766,0,0.0,255,216,45808901.69379214,1118937.0325339483,9,0,2659.949557914438,0.0,0.0,225.2111338944879,255,4294813520,1941183577,252,0.11525666257057474,0.10359763475899755,0.10959872947980118,123,0,0,4557,5,0,1,3,1,2,0,0,0,1,3,0,tcp,-,FIN
845,0.0,18,0,6883,43702,0.0,85,0,50215505.45704862,1636684.6779836463,1,4,0.0,0.0,0.0,1792.7317905714408,255,1714117373,2515412723,248,0.0,0.005885918135391294,0.0,95,150,1,47960,2,0,3,1,1,7,0,0,1,2,7,0,tcp,http,FIN
846,1.5173154275074499,97,0,6887,0,2251.267936624491,54,178,0.0,284601.2274901788,3,0,0.0,1387.3538391019551,9256.040416792037,0.0,255,907454063,1055041688,255,0.2105383701537997,0.039732110797841766,0.03289619156942907,159,92,1,0,3,1,1,1,1,2,0,0,1,1,1,0,tcp,http,FIN
847,0.9523613664871482,35,0,5816,0,10892.456832425594,0,44,47328493.141491264,0.0,6,0,0.0,700.1559501314629,23802.33854569445,4963.679434005631,205,0,3045999540,255,0.07681176562898509,0.04514932574151018,0.008168954569035724,276,490,1,13328,2,0,1,2,1,8,0,0,2,4,2,0,tcp,http,FIN
848,0.0,1,42,46,0,0.0,50,39,186390.8929621026,0.0,1,0,1011.6502662237735,0.0,5118.052295358817,1167.3432380458537,0,0,0,0,0.0014495456914513218,0.0,0.018027795422796426,56,313,0,6594,2,1,1,1,1,1,0,0,0,1,5,0,udp,dns,CON
849,0.0,43,68,1705,87929,0.0,103,93,0.0,0.0,9,4,0.0,0.0,20523.21142069176,0.0,255,518120998,1507464769,219,0.0,0.054060653094403575,0.002901833333700962,127,32,0,0,20,0,8,5,1,4,0,0,0,8,10,0,tcp,-,FIN
850,0.42002199421469444,1,0,46,83588,0.0,92,81,0.0,2663619.3307265285,0,0,36.01280465000266,0.0,16099.964660847485,2730.373498079954,0,597091149,0,0,0.01904358540530628,0.027820150801727343,0.0,44,347,0,16850,1,0,1,1,1,2,0,0,0,1,5,0,udp,dns,CON
851,0.0,1,85,1945,128662,0.0,255,254,0.0,0.0,8,23,563.053153283535,0.0,0.0,0.0,255,3626001056,1006746665,244,0.12509925349306364,0.08425267731708848,0.14147474525584658,222,97,0,32176,3,0,2,2,1,4,0,0,0,1,9,0,tcp,-,FIN
852,0.0,109,156,18545,78693,0.0,0,25,0.0,2592051.7970946534,7,41,0.0,0.0,1099.4526389699909,0.0,255,1351634833,3337661700,255,0.0,0.0,0.0,75,904,0,46297,8,0,4,2,1,3,0,0,0,5,3,0,tcp,-,FIN
853,0.0,3,14,46,0,36943.467585782775,5,16,0.0,1793321.9441931667,2,17,0.0,349.87341985624056,12951.247140421046,0.0,0,1129121725,0,0,0.037775457024997655,0.0,0.01325712340614693,246,0,0,8645,1,0,5,1,1,4,0,0,0,1,3,0,udp,dns,CON
854,0.0,24,0,46,0,53479.935856682125,126,0,54117327.80100938,0.0,6,4,0.0,0.0,0.0,1720.44500533087,255,1814986668,359413550,255,0.0,0.0,0.0,189,422,0,0,10,1,10,6,1,13,0,0,0,12,15,0,tcp,-,FIN
855,0.0,16,98,9679,2419,0.0,0,64,122244734.66860048,744000.9872113289,9,10,261.2365720534714,0.0,0.0,0.0,255,0,1542168110,255,0.00672238435003507,0.0,0.0,180,90,0,10026,16,1,5,3,1,8,0,0,0,10,13,0,tcp,-,FIN
856,0.0,21,15,46,0,0.0,0,35,45736914.711749025,0.0,6,0,307.83507409427995,0.0,0.0,9109.765626211225,244,0,627539052,255,0.027064738325728702,0.0,0.001636047891418413,86,210,1,19519,2,1,2,1,1,5,0,0,1,3,2,0,tcp,http,FIN
857,1.8097958535044198,18,8,46,111879,0.0,108,254,9471055.991417537,0.0,0,25,0.0,290.14410915593584,29148.11475436834,0.0,255,3488821790,1221015301,210,0.16860753986141577,0.09894784948891591,0.04952972046403026,73,197,0,0,11,3,5,4,1,11,0,0,0,5,12,0,tcp,-,CON
858,2.2423264284906286,1,0,46,151864,94103.30539177323,233,0,580213280.5696708,0.0,0,8,1057.0534787071356,0.0,49755.42828078527,0.0,76,889027892,185344214,75,0.0,0.0,0.002775585322124801,1059,0,0,4522,1,3,1,2,1,5,0,0,0,3,1,0,udp,-,INT
859,0.0,84,23,2426,89907,28385.535390445468,0,47,195065798.8740646,10183433.711470598,7,23,3369.868730541547,709.1809009880917,0.0,0.0,255,4294813520,4200460092,247,0.09955119578703006,0.0,0.0,185,700,0,0,5,0,2,1,1,3,0,0,0,4,3,0,tcp,-,FIN
860,1.6837843793243186,1,0,46,0,0.0,255,254,0.0,0.0,1,0,557.3703264265451,261.8611706828558,17013.449026872717,6534.034080922455,222,3628446939,891733400,255,0.17215835604784435,0.04096302846541872,0.06424282576962026,410,202,0,0,8,0,2,1,1,4,0,0,0,1,2,0,tcp,-,FIN
861,0.4338375171520656,1,34,4128,0,0.0,54,36,0.0,0.0,0,0,1436.8319430058245,455.6424733679698,28907.242446262993,0.0,71,353741254,433064604,20,0.0,0.0,0.0,28,0,0,21386,1,0,3,1,1,1,0,0,0,1,5,0,udp,dns,CON
862,0.0,14,0,5531,105422,92929.89932421573,235,218,101691899.09082499,0.0,0,4,2931.30604328855,260.4503305710859,0.0,1467.0262907315343,145,3759171699,1077889942,186,0.08276201347491557,0.12178221310208287,0.1276642988075157,314,0,0,29195,8,1,3,2,1,5,0,0,0,5,7,0,tcp,-,FIN
863,1.9269675948815,8,158,4401,5260,0.0,6,254,0.0,2794993.3696650392,0,0,265.08071830642416,0.0,10303.597821462357,0.0,255,3311759573,1353088520,244,0.07926780459204158,0.06853951710025931,0.07109777460075277,206,0,0,0,11,2,3,3,1,15,0,0,0,6,13,0,tcp,-,CON
864,2.2860130859124914,1,0,46,0,35940.427847957806,132,132,30531906.22393623,0.0,12,0,2632.589266939468,0.0,30799.748644804677,0.0,255,4160193024,701656369,255,0.0,0.0,0.0,188,224,0,0,9,0,13,7,1,10,0,0,0,11,12,0,tcp,-,FIN
865,2.1289767428717927,39,0,2121,34273,58244.19292137268,30,0,0.0,2172883.963705317,1,22,0.0,0.0,0.0,1094.6948589472365,210,3559094773,284764448,255,0.0,0.026723665248657838,0.0,28,441,0,0,11,0,11,7,1,10,0,0,0,12,15,0,tcp,-,FIN
866,4.269006741279702,1,34,46,0,0.0,131,254,0.0,746211.2369580094,10,22,0.0,676.2402865326521,4039.7606436246992,0.0,255,584153623,1777735936,252,0.13065787087459738,0.10007289863151236,0.045481170292430866,59,117,1,38856,3,1,2,1,1,2,0,0,1,1,1,0,tcp,http,FIN
867,2.526542898731651,1,84,46,10228,16698.334858330963,255,108,4005257.3981265672,0.0,4,43,0.0,738.5809471096702,34732.42958142435,0.0,254,1928325114,3704088607,255,0.09936873803662391,0.10515242309052938,0.06886232304607282,137,117,0,18303,3,2,2,1,1,1,0,0,0,3,1,0,tcp,-,FIN
868,0.0,1,9,14998,0,0.0,228,254,0.0,0.0,2,0,4018.2165261636333,33.645214709464284,0.0,0.0,225,2378029994,4294881924,236,0.2059038541144913,0.06874612622561102,0.10902410330053794,28,474,0,0,5,1,4,1,1,1,0,0,0,2,7,0,tcp,-,FIN
869,0.8852431593651843,13,41,3939,74395,971.9987666818321,229,158,0.0,2791524.423689041,0,20,2022.0045227272672,176.2675527593624,0.0,321.9212238965385,255,3187705093,209782562,243,0.13220700771190536,0.03837171505953671,0.04367141751242329,28,58,0,0,2,1,2,1,1,7,0,0,0,3,3,0,tcp,-,FIN
870,0.7689400443403602,10,0,46,0,46838.940905101816,102,3,83024062.47412272,2019221.4687669233,0,0,0.0,0.0,0.0,0.0,0,69550399,758419019,0,0.009663653106553483,0.03485843661516004,0.004674254089039088,99,154,0,0,1,0,1,3,1,1,0,0,0,1,5,0,udp,dns,CON
871,4.112861612179492,1,0,2791,88748,4592.53831598447,103,0,0.0,0.0,11,25,0.0,0.0,51718.36382882441,5300.962077772021,255,431110825,3806362857,255,0.06611646481501819,0.0,0.0,127,372,1,0,6,0,1,2,1,3,0,0,1,2,6,0,tcp,http,FIN
872,0.0,86,13,46,43835,3608.8132282168244,0,18,281905434.1981063,7402379.749232205,13,0,0.0,0.0,19018.296064876788,1007.0729216415699,147,3592810317,3893265198,187,0.0,0.0,0.0,205,1151,0,21781,7,0,1,2,1,1,0,0,0,7,3,0,tcp,-,FIN
873,0.0,18,0,46,0,67510.38414019326,58,71,7996572.393233404,3089061.1314847195,5,0,1169.7271623717886,612.2337898242845,13186.030001334731,2986.294349998469,255,1542655115,789927594,255,0.0,0.0,0.017982495230736223,80,0,0,21300,12,0,12,6,1,12,0,0,0,11,12,0,tcp,-,FIN
874,0.0,1,24,46,0,31064.64236316867,25,0,0.0,1113333.4687664183,0,13,922.33884866995,1747.3261746614771,22436.898919207342,3773.3514469170073,255,1729813043,1699763234,255,0.0,0.019589111086824606,0.031544756769470945,123,607,1,9588,6,1,1,2,1,2,0,0,1,4,1,0,tcp,http,FIN
875,2.8261115505424,1,0,46,61688,26864.71069167625,0,11,0.0,579257.1837214454,0,0,0.0,0.0,0.0,8615.783964706612,226,379511267,2996021246,254,0.052842794969266624,0.03416060595971296,0.012814639869027113,203,603,1,0,2,0,2,1,1,1,0,0,1,4,1,0,tcp,http,FIN
876,0.7909270084038635,6,0,7291,0,0.0,75,226,0.0,0.0,0,0,0.0,172.83149510913702,18130.939374859747,1449.529226606616,255,1165193193,1344419168,185,0.29990219401241613,0.20650092507351614,0.1357015648925472,271,56,0,0,1,3,2,2,1,6,0,0,0,3,4,0,tcp,-,CON
877,0.0,60,41,7811,24489,0.0,0,108,87178728.07878236,11843250.342040334,12,15,242.7489933843631,316.0487928572044,0.0,3582.8623644266777,251,3534876341,3503805019,199,0.0388796431085151,0.023114509330526955,0.0,28,777,0,923,3,0,1,2,1,1,0,0,0,4,2,0,tcp,-,FIN
878,1.5631365228373326,57,20,7127,50107,18457.430248930883,8,51,130148680.96011993,15462843.59237383,14,41,6977.62138336755,0.0,0.0,0.0,255,1352794566,733259007,255,0.0,0.03927077710198654,0.0,156,845,0,0,11,0,5,1,1,2,0,0,0,1,6,0,tcp,-,FIN
879,0.0,9,26,46,8488,233.14241405124363,215,193,67807320.2638816,3459826.6068315385,3,0,0.0,15.974814309442067,0.0,4425.005585925087,255,2620386410,2719236018,211,0.04691624352834099,0.0801232202288355,0.11138043432035571,28,319,0,0,4,1,1,2,1,6,0,0,0,1,6,0,tcp,-,FIN
880,0.0,54,66,46,0,34494.56241238133,6,5,0.0,15233193.978870284,6,17,3275.890499437075,353.60062570126354,22760.25177162698,1635.2705618188115,255,832069026,3489957744,139,0.033275630433040757,0.0005994967531486733,0.036439814557233045,64,1003,0,11730,13,0,3,1,1,1,0,0,0,4,10,0,tcp,-,FIN
881,2.6513742796423974,28,46,3865,0,95633.53512881724,250,78,670916795.9838598,0.0,6,0,0.0,127.63781526942354,42954.42981496484,0.0,16,505710864,576891294,22,0.018963012202154433,0.0,0.03199966048792032,1087,0,0,0,1,3,2,2,1,2,0,0,0,3,1,0,udp,-,INT
882,0.0,1,44,46,54194,1709.814099422017,204,254,59257531.25495957,0.0,0,21,2873.772475836556,140.47999000493064,0.0,951.0708439037139,229,3184143194,3801792537,206,0.06617560048644441,0.033586665182176643,0.03389075123917639,139,0,0,0,1,1,1,1,1,1,0,0,0,1,6,0,tcp,-,FIN
883,0.8205500204464076,1,64,46,0,1190.183655474605,255,206,0.0,1893718.2736634554,2,21,1927.2959075323338,0.0,28467.214257781226,71.58640184388868,239,3083613106,3334403068,255,0.05253227986149424,0.08339023213762392,0.04502018741043414,85,0,0,0,2,1,2,1,1,2,0,0,0,4,1,0,tcp,-,FIN
884,0.0,1,24,4884,0,0.0,55,16,0.0,3068789.8999322066,8,0,242.4371851383284,0.0,0.0,3245.8027390262296,255,1803416700,1691369733,244,0.0,0.040643221471461946,0.0,28,599,0,32901,7,0,2,3,1,1,0,0,0,4,6,0,tcp,-,FIN
885,0.0,18,22,46,11281,0.0,255,240,0.0,2021847.5245284203,0,26,2018.7852082066472,606.0258718445491,22237.64242951889,3385.096822208609,246,3823886853,4223052603,241,0.11766774099493749,0.061268574097737054,0.12287710929694287,28,65,0,17768,2,1,1,1,1,4,0,0,0,5,4,0,tcp,-,FIN
886,0.7098848508569282,100,94,5444,48932,0.0,23,2,150837283.46419397,11731431.07236863,4,12,3412.9310356975448,1330.4685586571645,9234.912939007021,0.0,255,4113804278,3461362446,255,0.0,0.0,0.0,40,1019,0,0,4,0,3,1,1,1,0,0,0,9,2,0,tcp,-,FIN
887,0.0,1,9,11696,0,0.0,35,166,0.0,254958.26209608075,0,7,565.8142063560241,0.0,0.0,2508.116380701455,255,1623214476,541012925,191,0.2918423948065394,0.2472445307847317,0.03251202708717924,265,152,0,8456,4,3,2,3,1,7,0,0,0,4,6,0,tcp,-,CON
888,3.355258114035256,1,0,46,0,1076.1300882931755,117,0,67442891.93511236,0.0,6,0,0.0,0.0,0.0,0.0,20,351992326,0,0,0.0,0.0,0.0,119,434,0,0,1,0,6,1,1,5,0,0,0,2,3,0,udp,dns,CON
889,2.7930950687960707,1,0,8747,68650,0.0,34,254,44211778.27099568,509674.0276509264,10,11,2122.0991193569685,0.0,2766.2389003994977,0.0,179,0,1547922400,240,0.07274345658952236,0.09979357822499252,0.05988564987755495,108,116,1,22859,1,1,1,1,1,3,0,0,1,2,1,0,tcp,http,FIN
890,0.6025651322144392,61,44,8619,8600,0.0,22,10,0.0,5458565.1797670275,7,97,4529.645522109166,0.0,10705.061662926377,4108.357385662708,255,1645487618,4294881924,191,0.0,0.0406019076994569,0.019568042615771424,57,756,0,9117,4,0,5,1,1,1,0,0,0,1,1,0,tcp,-,FIN
891,0.0,1,30,46,0,73135.2307962867,97,247,3268651.1795046567,0.0,1,5,0.0,0.0,18947.91943538287,0.0,223,0,950518193,255,0.1039951894242274,0.0730704958618735,0.05267010857118109,114,445,1,27096,1,1,2,1,1,2,0,0,1,5,1,0,tcp,http,FIN
892,0.0,5,13,46,0,0.0,0,36,0.0,826864.6158082335,2,0,0.0,96.81494971630316,70021.13615984187,90.46966494548928,198,274196499,2355838861,238,0.0,0.0,0.0,28,232,0,0,19,1,4,6,1,5,0,0,0,6,20,0,tcp,-,FIN
893,0.0,11,0,46,65077,1843.1575841393878,97,254,116470963.47815537,425436.66770120244,2,0,4057.214204682605,157.82827356575658,20114.698751781227,22.895806329674883,255,0,976875156,174,0.19029088259902754,0.048876874586714636,0.04493434456873448,162,226,1,0,2,0,1,1,1,6,0,0,1,2,4,0,tcp,http,FIN
894,2.5733572765592343,75,52,46,73619,1630.8875338034966,60,29,0.0,4856687.344548481,5,1,0.0,0.0,0.0,1523.0069720417464,255,2187310541,3680122145,224,0.017074038231022392,0.0,0.0,144,1169,0,5771,14,0,1,2,1,1,0,0,0,2,7,0,tcp,-,FIN
895,1.1820187177271215,45,0,450,0,8061.50045429218,255,254,29389809.266612303,266134.7268971429,5,37,3583.9338808269367,1045.363600457842,33954.90325594966,3764.1549323194095,255,4294813520,1687849693,255,0.08354810469274998,0.039567616461011645,0.1369044735667348,30,136,0,10373,4,1,1,1,1,8,0,0,0,1,12,0,tcp,-,FIN
896,0.6929131659518166,47,118,8054,63731,0.0,75,0,0.0,7767914.600985749,9,34,0.0,0.0,16205.874023440176,4512.017550400876,255,4294813520,3297927074,230,0.05294421694110454,0.026348189152616483,0.0,103,1090,0,50452,5,1,3,3,1,1,0,0,0,4,1,0,tcp,-,FIN
897,2.5609617701974887,1,10,8964,0,0.0,255,239,0.0,1235989.703994331,0,0,0.0,780.7071353836336,1591.7237557673332,2624.124119323554,250,3692455265,3265995433,255,0.1087240197243361,0.029476112232077085,0.0838814557290336,28,84,0,0,2,1,1,1,1,2,0,0,0,5,2,0,tcp,-,FIN
898,3.782846858358774,23,0,2604,0,0.0,249,253,86659393.32118836,1493296.3281390644,1,0,3052.4012040702037,1594.765083004233,0.0,0.0,240,1343785779,2790516427,255,0.16512783217386195,0.14052193524465006,0.059286109476344315,71,186,0,0,2,1,1,3,1,1,0,0,0,4,1,0,tcp,-,FIN
899,3.280607018211778,1,43,46,0,0.0,20,213,0.0,0.0,1,1,2285.4688729470217,0.0,654.2039328496016,4033.3114240655145,255,0,960794659,255,0.21950077118764316,0.21251954389021951,0.014436594072060153,152,125,0,0,8,4,3,2,1,3,0,0,0,3,3,0,tcp,-,CON
900,1.2875069839919433,33,0,46,0,44674.281785567364,135,19,0.0,0.0,5,28,0.0,0.0,29790.014394271075,2185.0024520130464,255,3185799170,1269327008,255,0.034648221218404884,0.0,0.04800072236043923,215,129,0,4999,15,0,2,1,1,3,0,0,0,7,4,0,tcp,-,FIN
901,0.0,9,0,1472,92129,0.0,0,254,34146642.08029371,0.0,0,0,1931.4070858502423,140.18928819537635,18324.680207811667,3036.910932231285,251,1559287666,235922437,164,0.41725259670271553,0.24180944253496772,0.08458429363409942,146,11,0,36431,1,3,3,3,1,2,0,0,0,3,3,0,tcp,-,CON
902,0.8675906800952385,1,54,319,0,63463.87135106544,0,0,0.0,1560968.9369813392,3,26,0.0,488.53445831262303,33480.2436589568,0.0,113,159972202,26342224,0,0.03291983702340842,0.013420198559270138,0.011301133866438086,161,28,0,18418,1,0,7,1,1,3,0,0,0,4,6,0,udp,dns,CON
903,0.0,46,0,1375,31793,0.0,59,29,13223529.091203174,0.0,0,0,1440.9516024474783,27.358726567224785,32274.945290780866,0.0,0,22834294,0,0,0.0,0.04797240349865615,0.0,33,130,0,0,1,0,9,1,1,4,0,0,0,1,5,0,udp,dns,CON
904,1.5843427385271849,1,0,15687,0,0.0,111,65,69488823.13340528,1190067.0600144288,10,0,474.62546042017044,0.0,7404.640167883745,2630.8003494924806,179,2538741498,1247869035,255,0.06697476085976956,0.0,0.0,28,20,0,32238,9,0,10,6,1,9,0,0,0,9,16,0,tcp,-,FIN
905,0.0,79,26,10253,55817,73583.5931541196,40,0,28758556.41360283,54920.36245831897,7,0,0.0,0.0,0.0,6089.415919711077,162,0,786049897,203,0.0,0.0,0.04507036323623868,64,248,0,31651,8,0,1,1,1,4,0,0,0,5,2,0,tcp,-,FIN
906,2.1741666861381583,1,60,6271,0,0.0,111,254,71507522.58479047,130686.24110133186,4,43,0.0,0.0,0.0,535.8185340913913,163,289296591,993452434,225,0.324613699254194,0.2094744930983373,0.10542500447042752,186,106,0,5529,4,3,3,2,1,6,0,0,0,4,4,0,tcp,-,CON
907,0.6267332780754165,1,7,46,2928,0.0,156,254,0.0,955789.4522048493,5,0,0.0,409.4807782354734,0.0,0.0,233,2458631042,2932138122,185,0.2533262324385013,0.09892652503408825,0.05904161247610326,68,77,0,0,1,1,1,1,1,4,0,0,0,7,3,0,tcp,-,FIN
908,0.7864415964259648,50,0,46,35952,0.0,6,21,97734355.58425163,16955863.685579896,4,1,0.0,0.0,34855.35712116797,1671.2662965828533,242,552221791,3790795766,221,0.0,0.05824437070287884,0.03566276617246635,79,682,0,0,14,0,3,2,1,1,0,0,0,2,15,0,tcp,-,FIN
909,0.0,1,38,415,158676,0.0,0,0,0.0,1485890.818279295,0,25,2111.867396650799,161.529214722541,14346.865196610714,0.0,255,177536021,3482136079,223,0.02940267361758094,0.0,0.04589014957615549,81,0,1,9935,4,2,3,1,1,3,0,0,1,4,5,0,tcp,http,FIN
910,0.0,63,61,46,122632,0.0,69,10,0.0,1879932.1193671036,3,41,1497.9830647874185,141.824390416861,0.0,0.0,253,3579320425,4294881924,238,0.11773291695941941,0.0,0.0,28,885,0,20946,8,0,1,2,1,1,0,0,0,2,4,0,tcp,-,FIN
911,1.051571076538467,95,182,8223,39676,0.0,0,48,0.0,4502745.054932199,6,17,0.0,705.1603097048417,0.0,0.0,255,1576257581,4294881924,189,0.05733450768317002,0.04909194178510017,0.03856064219328229,28,668,0,0,6,0,2,1,1,6,0,0,0,4,7,0,tcp,-,FIN
912,0.42959764159293595,25,8,3223,47694,0.0,0,254,0.0,1392927.841872217,5,25,3264.742753623288,0.0,32416.018403735066,1549.984441117544,255,529772278,1341075633,255,0.15275864940069755,0.08144732708738617,0.09356381267139123,28,136,1,0,6,1,1,2,1,2,0,0,1,2,1,0,tcp,http,FIN
913,0.0,1,0,46,145817,45555.80649105808,56,57,0.0,0.0,0,26,1271.3415273405194,66.95669478890868,0.0,2914.2240211753697,255,767448043,3624679541,255,0.0,0.0,0.024577381185742018,121,0,1,23162,3,0,1,2,1,3,0,0,1,3,6,0,tcp,http,FIN
914,0.0,49,42,9959,0,16136.160781038576,83,85,0.0,0.0,8,14,1942.5434133747622,1095.2512313723037,0.0,0.0,224,1519168340,2253245065,174,0.0,0.0,0.02739101330032637,28,196,0,31565,14,0,1,1,1,1,0,0,0,3,6,0,tcp,-,FIN
915,0.7089980550212525,92,161,4301,0,0.0,23,0,27909283.058835525,14121098.715425765,0,9,0.0,0.0,0.0,0.0,255,2125919766,0,255,0.05056528205346406,0.0,0.0,170,695,0,9049,7,0,3,2,1,1,0,0,0,2,6,0,tcp,-,FIN
916,2.998035785492303,41,83,46,0,0.0,59,23,138914882.97462937,0.0,0,0,5011.442066101132,0.0,5012.070715172977,0.0,0,888768721,0,0,0.0,0.028921133810574543,0.022871658027374862,28,0,0,24140,5,0,6,1,1,1,0,0,0,1,1,0,udp,dns,CON
917,0.32939522194234605,25,102,481,0,0.0,88,254,0.0,271584.11252270185,7,9,1685.859129768439,168.22982212703124,0.0,5089.455669052549,255,647688918,70705418,255,0.08132788803568489,0.0022196649862893866,0.052807258039435354,113,507,1,9786,2,2,3,1,1,3,0,0,1,2,2,0,tcp,http,FIN
918,0.11255137635088752,49,0,3469,0,24664.199857544776,20,0,7413124.943953755,0.0,2,0,4431.297329724269,0.0,34759.78135314292,11414.491286524139,245,0,3114726957,255,0.06874034821187328,0.006727496570377248,0.0,347,529,1,24167,7,0,1,1,1,1,0,0,2,1,1,0,tcp,http,FIN
919,2.8891840827292063,1,55,7360,0,40822.042433092196,8,254,0.0,1827366.8529721801,0,34,0.0,0.0,7348.3651768212785,1792.0245549065555,255,254924074,61589366,252,0.14969899794477975,0.04181019625196952,0.1007769856728755,64,381,1,3267,6,1,1,1,1,1,0,0,1,1,1,0,tcp,http,FIN
920,0.04970937225000088,51,25,1347,145241,0.0,59,66,0.0,14164035.643828314,4,64,0.0,0.0,0.0,1483.88229460188,254,2343400142,0,207,0.0,0.0,0.0,60,725,0,10088,10,0,1,1,1,1,0,0,0,5,9,0,tcp,-,FIN
921,2.3078931063951713,1,21,6617,0,0.0,255,254,0.0,0.0,0,0,0.0,0.0,0.0,0.0,255,3611164267,743274285,218,0.206318588613136,0.048428795471300405,0.10312890009251953,109,321,0,0,6,1,2,2,1,8,0,0,0,4,6,0,tcp,-,FIN
922,0.0,51,0,4215,18791,0.0,75,13,133432788.30761284,16066905.929101102,3,26,3064.536518450842,567.8979543687149,0.0,2156.8360969156165,241,1425435350,1977361885,230,0.0,0.030380998939544036,0.004237335680167768,113,467,0,15178,14,0,6,1,1,1,0,0,0,1,8,0,tcp,-,FIN
923,0.2773859285211602,1,0,46,81087,11559.587556865186,46,0,1078177.0076994032,1611533.360442437,7,33,0.0,0.0,8620.54642861117,4949.794662913193,255,662608990,2554199686,249,0.0,0.018297086062683165,0.0,91,592,1,0,1,0,1,2,1,4,0,0,1,4,1,0,tcp,http,FIN
924,1.6549049223240602,43,15,46,30321,39003.28425382102,0,118,0.0,14576823.77381005,5,65,4230.8085155348235,23.361023806798492,26614.09191250321,1345.8456845292967,255,1430678437,2441825784,255,0.017778301312060662,0.03600036847453387,0.0,28,476,0,15155,16,0,2,2,1,1,0,0,0,1,11,0,tcp,-,FIN
925,2.1325853590811983,62,54,8366,0,0.0,96,254,0.0,0.0,0,39,0.0,1035.309241194682,3447.1155457764226,0.0,255,573103326,0,255,0.03698671062370738,0.026075567053064585,0.07900933191813833,149,561,1,0,3,1,1,1,1,5,0,0,1,1,6,0,tcp,http,FIN
926,0.0,1,43,8179,0,0.0,31,46,5955477.564299341,2415633.2226351174,0,0,1380.7209736878756,887.3060183185166,0.0,0.0,15,61037097,0,54,0.0,0.0,0.0004189775924256762,28,50,0,7777,1,0,9,2,1,5,0,0,0,4,6,0,udp,dns,CON
927,0.0,21,20,2703,0,29608.36452780417,230,231,0.0,0.0,0,0,1051.9428885965513,32.04471154714969,14988.557226200128,0.0,255,1146514535,2532134038,255,0.08185514000429855,0.0727697045866213,0.06659656626349555,138,174,0,0,2,1,2,1,1,3,0,0,0,1,5,0,tcp,-,FIN
928,0.0,78,17,14908,28547,57670.32205382402,17,31,155477260.9880402,3199613.8889200026,12,48,0.0,144.58132575429784,0.0,5306.585763426292,247,2310052087,2624488693,191,0.008319818507726708,0.0,0.009872470209379374,28,999,0,0,8,0,1,1,1,1,0,0,0,5,3,0,tcp,-,FIN
929,0.0,62,46,10711,63953,0.0,0,37,21269575.68493865,12951481.547016429,9,12,0.0,0.0,13745.80173002961,0.0,255,2814164147,0,212,0.0451216096787114,0.0,0.03144838646663721,60,803,0,7734,13,0,2,1,1,3,0,0,0,3,8,0,tcp,-,FIN
930,0.0,10,0,5126,0,3241.2925478622756,255,254,11223207.134198574,0.0,0,43,0.0,333.42961204022373,12258.772460654205,0.0,223,1977882672,2466950615,255,0.12457250856686039,0.0,0.029256580891044867,28,126,0,15855,4,1,1,1,1,5,0,0,0,2,2,0,tcp,-,FIN
931,0.6346573578595511,20,54,46,55957,0.0,0,66,11279686.52455218,1530044.293112506,0,41,5438.3505878559845,1156.1878371138705,0.0,6746.151797581151,255,794564801,2491691180,188,0.0,0.029848507738469157,0.0,277,294,1,23073,1,0,2,2,1,5,0,0,2,5,3,0,tcp,http,FIN
932,0.0,116,146,16491,87718,4086.465218902332,0,0,105429077.13071251,4292952.114593702,7,17,1715.6785679011014,983.2395595516441,0.0,0.0,255,2217429057,3718779313,255,0.0,0.0,0.0007155321386566338,83,1033,0,0,3,0,4,1,1,3,0,0,0,4,5,0,tcp,-,FIN
933,0.0,55,60,4136,13141,0.0,238,178,0.0,223160.5406440524,0,0,0.0,78.68270921008579,0.0,1575.5804660956073,255,3373139099,4270958203,255,0.027749290891142087,0.08067489417621004,0.11694477753761359,28,70,0,0,2,1,1,2,1,4,0,0,0,4,1,0,tcp,-,FIN
934,1.8388593452573632,21,0,46,107890,53906.013051203205,110,33,0.0,0.0,0,0,0.0,325.1355537643411,20352.448042580116,5532.119273834696,255,573927678,3885838994,255,0.040625406036342765,0.022962029037621755,0.03527570016150217,96,646,1,0,7,0,3,3,1,1,0,0,1,2,1,0,tcp,http,FIN
935,3.2873260612672417,100,0,374,50194,34622.20340979532,83,0,13191984.377061728,2455900.228536618,6,31,1748.2241420812754,0.0,40843.73399781911,2295.364492662198,255,1984837084,3730277601,255,0.0,0.020731026007976442,0.0,43,1228,0,0,4,0,1,1,1,3,0,0,0,1,3,0,tcp,-,FIN
936,2.197178451312765,28,0,5339,817,70143.01456033607,0,13,64665762.458932415,16912104.531930923,9,19,346.68608282192633,0.0,0.0,0.0,255,3140895426,0,151,0.011663177335108663,0.0,0.03919180735578391,303,742,0,32933,12,1,1,3,1,1,0,0,0,2,6,0,tcp,-,FIN
937,0.0,4,75,46,0,0.0,128,226,95197516.62439623,361748.60482871486,4,24,0.0,0.0,0.0,0.0,255,3942842469,1783633642,255,0.020234926481126764,0.0,0.05802397200219611,30,0,0,28169,10,3,9,4,1,6,0,0,0,6,12,0,tcp,-,CON
938,1.4240925625645433,36,0,5233,0,78476.60454267352,255,254,17300050.763461467,0.0,5,0,6997.086022012519,319.7615763349941,26661.456697924034,0.0,255,2973407341,2658010559,167,0.21669759732213179,0.009831113932170149,0.02998221905413114,163,0,0,0,3,1,1,3,1,2,0,0,0,1,1,0,tcp,-,FIN
939,2.731675997029979,40,0,46,0,9297.51334084782,196,254,18459236.55108383,858613.7185525418,0,0,0.0,629.7943521341625,8307.672073703774,0.0,255,3323968812,1485054718,246,0.15940090561364215,0.036116732949370484,0.057154257757620196,124,0,0,35948,3,1,3,2,1,4,0,0,0,3,3,0,tcp,-,FIN
940,0.0,12,86,3487,0,0.0,0,154,79867376.77636573,707317.4827001021,2,0,0.0,0.0,1361.9827365868573,0.0,255,1631112226,976150487,255,0.20217305691059484,0.2939031952832376,0.10745409843210767,322,0,0,26914,3,4,1,2,1,5,0,0,0,4,8,0,tcp,-,CON
941,0.0,30,67,46,0,47692.322979324985,58,254,0.0,1193677.7455530353,1,0,494.08373673960585,332.4311037331153,20679.26021130433,0.0,255,0,2113719876,255,0.259171021570575,0.2625055481589639,0.08091517199600086,230,0,0,0,1,4,1,2,1,6,0,0,0,3,4,0,tcp,-,CON
942,0.6924450943761536,73,63,1838,11998,0.0,86,17,8110314.2952706255,14001973.986423505,7,8,0.0,0.0,29272.785343755444,2058.1064886097224,216,3048214667,0,184,0.008885270611887517,0.0,0.0,60,803,0,0,13,0,3,1,1,2,0,0,0,3,8,0,tcp,-,FIN
943,0.9998552196332339,93,47,46,74436,5590.573617574014,109,46,0.0,12857531.721997315,6,28,2574.2702305820267,129.18813930924048,24642.154635487408,3114.8931615379656,255,2478718307,0,194,0.0,0.0,0.04627643350258585,164,846,0,0,7,0,1,2,1,7,0,0,0,3,8,0,tcp,-,FIN
944,1.60197313921035,22,5,2213,9918,0.0,211,181,4697426.177965921,0.0,1,0,1759.942164278934,0.0,0.0,0.0,217,4294813520,1635407907,255,0.17514424382849753,0.09968638445487213,0.08100260198968415,258,94,0,0,1,1,2,1,1,4,0,0,0,3,5,0,tcp,-,FIN
945,2.529626470865523,2,30,14270,91512,15849.493935226725,117,79,28621075.17529488,0.0,0,0,835.1344950933036,0.0,20572.088277246286,1936.3165283128747,255,0,1989965698,255,0.07351513545702243,0.029236693643091206,0.0,209,451,1,4290,1,0,3,1,1,1,0,0,1,4,1,0,tcp,http,FIN
946,0.4335561938561102,17,92,10355,133429,0.0,0,31,102024525.0808476,0.0,7,0,185.16480791016798,343.25436937131195,26755.213429813517,1005.3990102029521,241,658718201,3306080458,193,0.051976156252832216,0.010055025179868246,0.008846715101498303,277,237,1,410,2,0,3,1,1,4,0,0,1,8,4,0,tcp,http,FIN
947,0.0,1,34,5677,52170,0.0,236,249,0.0,588917.4631463606,5,0,1822.9305358467145,1159.5489783628304,0.0,523.5431976790417,255,3724435136,988735251,255,0.1521390707285285,0.046154640047523496,0.034765226615199096,244,140,0,0,4,1,2,1,1,4,0,0,0,2,10,0,tcp,-,FIN
948,0.0,59,87,2788,126119,0.0,10,0,0.0,11535840.915407568,1,5,0.0,0.0,9549.883349011725,0.0,242,1371685599,4091057157,170,0.08239691022732026,0.049968946795135714,0.05838461485960462,28,894,0,0,16,0,6,1,1,1,0,0,0,2,9,0,tcp,-,FIN
949,0.0,1,66,6204,52264,0.0,255,254,0.0,0.0,4,0,0.0,759.9600715039355,0.0,0.0,212,1791713514,4294881924,255,0.13074213724481282,0.07251805016949321,0.030816929315899654,28,177,0,5468,2,1,2,1,1,1,0,0,0,1,6,0,tcp,-,FIN
950,0.0,1,0,7736,116129,5792.165278317462,95,71,0.0,2080304.5681493673,0,16,2868.880075840779,0.0,0.0,0.0,0,453453547,236628170,0,0.0,0.0,0.0,119,34,0,13078,4,0,4,1,1,1,0,0,0,1,2,0,udp,dns,CON
951,1.1201870146523416,14,41,46,125687,51618.53137604126,78,17,0.0,198041.42517198308,0,0,4889.983098493919,1550.4625545236051,10480.756302204854,22.878709407062527,84,0,0,4,0.0,0.01136029542306751,0.0056729040924124565,28,293,0,0,1,0,7,1,1,1,0,0,0,2,2,0,udp,dns,CON
952,0.0,23,0,46,64768,0.0,188,254,171929252.24883714,0.0,0,0,639.6863744222176,0.0,24722.0305787616,0.0,255,2062353641,2935548312,250,0.12433824103908123,0.09827662683903302,0.14932896223794317,28,88,0,0,6,1,4,2,1,6,0,0,0,4,2,0,tcp,-,FIN
953,2.2936273797798985,52,0,46,127783,30085.284332656305,73,86,70273790.00075293,4759579.635810121,9,23,643.9120038981085,0.0,18544.438871021146,3777.662213956186,185,641805521,4294881924,255,0.023469283437745004,0.01300681622382253,0.0,28,1054,0,21490,3,0,2,1,1,1,0,0,0,1,4,0,tcp,-,FIN
954,0.0,46,0,11469,43557,0.0,56,0,0.0,8354061.110783829,4,46,279.89953600701483,568.4594267753604,0.0,760.4527012813688,255,4294813520,2850381659,255,0.0,0.015003234897432518,0.02389243090622246,111,958,0,0,1,0,4,1,1,1,0,0,0,6,1,0,tcp,-,FIN
955,1.2555480065716302,52,0,17166,0,0.0,172,254,1275391.984670331,2017714.4484075576,0,0,0.0,43.24672078573724,34384.2950837301,345.377138377979,207,3966409578,893469421,222,0.22048110521605227,0.14892103004700594,0.06235162372443321,159,38,0,0,3,2,4,2,1,9,0,0,0,1,5,0,tcp,-,FIN
956,1.80337463152542,1,29,1524,0,0.0,0,254,0.0,1094453.1558180966,7,26,0.0,1039.5613395028759,16227.507909677588,5435.7781903589075,255,4294813520,163882955,255,0.2034305097946753,0.04428158184849383,0.07405621408488616,33,59,0,0,9,3,4,7,1,11,0,0,0,6,8,0,tcp,-,CON
957,1.5377865828396415,72,12,46,42396,1772.2742138303413,255,254,12563647.580314755,696373.5328253007,1,0,2495.9464038094957,0.0,30088.98622345534,0.0,255,3729753182,1560011147,255,0.2873719865184452,0.03263653629988888,0.11016020461923427,28,24,0,17477,1,0,1,2,1,1,0,0,0,3,3,0,tcp,-,FIN
958,0.0,10,15,4624,0,0.0,245,254,0.0,0.0,1,0,1081.5314835898967,11.504054382641883,0.0,0.0,255,2313165799,4063261288,255,0.01759416138744828,0.04014699441999262,0.045410738692722365,28,0,0,0,4,1,2,1,1,1,0,0,0,2,3,0,tcp,-,FIN
959,0.2654986548960096,13,100,46,0,82385.16313675656,191,3,618587843.87852,468429.8687126633,3,0,4808.3160460489225,0.0,20417.089236510474,2526.611714247094,101,434473804,25548076,0,0.0,0.029603826722036757,0.0,970,0,0,0,2,1,4,1,1,2,0,0,0,3,4,0,udp,-,INT
960,0.0,54,0,46,0,22118.07677998551,52,120,0.0,3225897.7153570806,0,0,2394.3812703660406,19.76381195987659,21065.68508881077,3122.5910765107474,210,378602589,865871685,208,0.061780626349475544,0.08927459361514932,0.0363786575978227,109,47,1,19981,2,1,1,1,1,1,0,0,1,1,1,0,tcp,http,FIN
961,0.0,88,85,9070,196728,25119.568372095764,49,20,111341946.32751587,5154872.434306077,5,34,0.0,0.0,0.0,3057.474098337832,255,1694157331,3374306290,221,0.036149833221647006,0.006170662614692636,0.040997986653524235,42,960,0,12822,7,0,2,2,1,1,0,0,0,1,6,0,tcp,-,FIN
962,0.9781075105103172,1,22,2244,0,53835.869131580905,250,184,0.0,1882900.6548918027,3,42,2172.542571483742,0.0,14083.744724570392,0.0,255,3469628452,2014721921,255,0.19154558496941484,0.026880683560576706,0.1024568109355481,91,215,0,0,1,2,1,1,1,1,0,0,0,4,3,0,tcp,-,FIN
963,0.0,11,0,46,31572,0.0,178,254,88274531.35185456,0.0,0,0,0.0,0.0,0.0,0.0,220,4294813520,1033141437,206,0.15601216206008497,0.15862064754948543,0.027563346406971417,281,181,0,0,7,1,1,1,1,8,0,0,0,3,5,0,tcp,-,FIN
964,0.6259028850776882,5,3,46,98941,25907.354963558773,155,254,45086293.729690425,0.0,3,0,0.0,183.66064325579376,3635.8221484774194,0.0,215,3853802724,1749131642,255,0.10887033435944209,0.026409590652335405,0.07351777320652805,239,0,0,0,9,3,3,5,1,15,0,0,0,6,17,0,tcp,-,CON
965,3.0388996766855723,1,0,1831,20449,24056.241929523832,111,254,0.0,1096846.51883603,0,0,3114.9232655980854,829.4815771982222,55950.75281750931,0.0,239,4294813520,869096981,255,0.09861345760083376,0.05111969332916178,0.0929763759751251,28,0,0,0,10,4,6,3,1,14,0,0,0,7,13,0,tcp,-,CON
966,0.6301505983684476,53,134,864,147979,7646.958240356136,15,17,61345349.29702029,14923178.917387761,10,0,1699.0531542441047,84.6559941688672,8074.704317039272,0.0,255,2693542675,338275381,255,0.0,0.0,0.0,28,779,0,0,4,0,2,1,1,2,0,0,1,3,6,0,tcp,-,FIN
967,0.3092420765876351,102,91,366,0,64186.55891873179,16,0,16859918.1618724,1686473.7128283794,32,13,7991.133763680731,321.7059499987904,0.0,0.0,178,3508386225,1541025753,195,0.020704324936143575,0.03788629211547795,0.04058515105324252,120,0,0,0,9,0,3,2,1,1,0,0,0,2,11,0,tcp,-,FIN
968,0.0,85,166,1380,212606,0.0,49,0,0.0,11865667.792033847,9,13,0.0,950.2143254878308,0.0,4617.671498832682,255,2642269012,174261195,255,0.020386133736564095,0.0,0.0,81,477,0,0,5,1,2,1,1,3,0,0,0,2,8,0,tcp,-,FIN
969,2.907575030750808,13,16,3861,83887,5746.101791055449,0,126,0.0,0.0,0,0,2384.4563594334745,962.0533821518868,17631.884972061813,6192.341629044793,179,0,2443253579,255,0.08697028649270924,0.0583444952414106,0.0,231,324,1,24950,1,0,1,2,1,7,0,0,1,4,7,0,tcp,http,FIN
970,0.47781056936858646,4,71,384,24354,11582.143748128025,47,0,0.0,0.0,3,0,0.0,0.0,7606.582036461285,8055.343853150813,255,0,2387934553,255,0.0,0.028669456093712728,0.040821897792173004,28,780,1,0,1,0,1,2,1,3,0,0,1,3,1,0,tcp,http,FIN
971,0.0,7,3,46,96905,0.0,189,134,116233651.9068702,504722.16280072724,0,0,0.0,697.731126859104,0.0,1634.256480320104,255,3632263095,2931010282,255,0.17409423375586067,0.023936250344906325,0.09833574078567764,28,335,0,0,3,1,2,1,1,1,0,0,0,3,1,0,tcp,-,FIN
972,0.0,54,48,9601,0,53532.58879899293,28,81,0.0,14286157.744008511,7,3,6412.94920836148,597.8458286492594,0.0,0.0,255,567279975,3250876446,240,0.0,0.0,0.0,32,765,0,0,14,0,4,1,1,1,0,0,0,2,9,0,tcp,-,FIN
973,0.0,33,0,46,0,0.0,0,104,0.0,533891.6443145849,0,16,0.0,0.0,21783.980758666134,0.0,255,0,2783367986,255,0.0,0.0,0.021134827505722924,113,82,0,2606,19,0,6,5,1,4,0,0,0,6,8,0,tcp,-,FIN
974,1.7806364038557374,1,8,46,98099,19470.956007544915,0,112,0.0,0.0,0,0,288.6281873129495,0.0,30835.22115719607,3558.7509210748563,0,0,735052238,0,0.05813275438759656,0.04862823943485714,0.01983572764664537,69,0,0,0,1,1,3,1,1,2,0,0,0,1,4,0,udp,dns,CON
975,0.0,1,18,46,0,59880.30535054452,143,254,0.0,0.0,7,0,4950.91427643579,0.0,7528.771339037628,515.928299778923,212,281118450,1104056838,179,0.32087528161535117,0.2596954228047388,0.004133170307114298,214,18,0,0,7,2,3,2,1,2,0,0,0,4,3,0,tcp,-,CON
976,1.1677336098500994,96,28,4921,95480,10308.014814835302,34,89,0.0,7362658.740193617,8,34,0.0,0.0,24536.603102707002,3183.0072729033345,255,4007170671,3375467696,255,0.0,0.0,0.016488505190753466,47,941,0,0,5,1,2,1,1,2,0,0,0,5,1,0,tcp,-,FIN
977,1.801166942048269,1,0,4306,36356,1557.3812258656183,255,254,87361489.28101902,2149845.920949674,1,0,0.0,737.299929998515,4947.812399401903,6728.295739038618,253,2506765797,3885136414,176,0.0669201231278121,0.07509531779378223,0.053374290747318365,192,175,0,0,1,1,2,1,1,3,0,0,0,2,1,0,tcp,-,FIN
978,0.0,1,0,7698,133698,5417.859711689334,0,0,0.0,3664922.3140097526,0,8,2715.313049852239,577.87112952936,0.0,0.0,64,0,330685963,17,0.0,0.0,0.03289792420858962,237,189,0,0,1,0,3,2,1,2,0,0,0,2,8,0,udp,dns,CON
979,0.0,26,129,46,0,0.0,225,253,0.0,3050899.8980493764,0,0,0.0,0.0,54930.74930169419,0.0,205,3787634831,36312663,255,0.16869304729283408,0.05125666801373699,0.03539490005894843,121,246,0,0,9,2,1,1,1,2,0,0,0,5,7,0,tcp,-,FIN
980,1.9428595244698936,23,3,4766,110392,0.0,85,254,98579665.55524856,0.0,3,23,1307.6365155068902,639.2075200641574,0.0,0.0,255,307992494,803444676,255,0.12082972936919577,0.026554480576473166,0.06003982727160185,88,458,1,23297,5,1,1,1,1,2,0,0,1,1,1,0,tcp,http,FIN
981,0.34139704068634424,24,147,5241,19535,0.0,41,22,0.0,5065921.644950366,6,36,0.0,773.9933535078135,11203.853402095225,0.0,255,4294813520,4294881924,250,0.0,0.0,0.0,140,782,0,5547,6,0,1,1,1,1,0,0,0,3,1,0,tcp,-,FIN
982,0.7303446006454283,18,8,46,0,3747.710412988341,0,20,20549337.105123155,1783659.4672876797,9,6,3923.7844566860203,0.0,0.0,6505.726218538884,244,0,3339058349,251,0.0,0.0,0.0,191,1003,1,0,6,0,2,3,1,3,0,0,1,5,4,0,tcp,http,FIN
983,0.9814418956237485,86,81,16691,0,54401.92633045044,41,0,0.0,9829775.18003244,6,54,3733.833708807068,189.22340085843933,0.0,3940.37599066011,255,3261912664,2568000173,255,0.008377453576505678,0.008304199417835561,0.0,28,530,0,23016,5,0,3,1,1,1,0,0,0,5,1,0,tcp,-,FIN
984,2.045092864785172,70,0,46,0,39529.21660214795,49,0,24583885.176764257,14873910.285256423,7,16,0.0,0.0,37650.51323638381,300.39250924132114,212,2983042377,1481992894,255,0.03505471297107065,0.0036293212967519876,0.031198115345024598,86,685,0,9380,10,0,4,1,1,5,0,0,0,3,9,0,tcp,-,FIN
985,0.715214606865646,27,0,3644,28604,0.0,125,254,85874719.87359612,0.0,0,0,0.0,429.54212169056007,7749.025762003737,7119.249709720738,255,0,1960376596,255,0.06512258765152487,0.04667624025969026,0.0902868194802714,28,186,1,0,2,1,1,1,1,2,0,0,1,3,1,0,tcp,http,FIN
986,0.0,1,13,3617,0,0.0,30,254,0.0,0.0,1,34,1774.8860293635557,140.7425464833124,0.0,0.0,186,195876002,683752842,251,0.2133395197058112,0.2312321827306133,0.069769909664401,164,129,0,0,9,3,3,2,1,1,0,0,1,3,8,0,tcp,-,CON
987,0.7676405616793551,19,87,2385,50468,53108.32641988809,144,252,0.0,1177145.9223235373,3,45,3060.6229259379097,676.9528903009128,0.0,4288.091392535836,255,2117627132,3262130862,181,0.12374992884080362,0.048706207289834866,0.07618385966801221,28,17,0,0,2,0,2,1,1,1,0,0,0,4,4,0,tcp,-,FIN
988,0.0,76,97,1540,34925,0.0,0,43,0.0,5015903.5098343175,6,19,1723.998754228877,0.0,14398.081878830277,4966.4117469426365,166,1683648633,4230236908,255,0.0,0.0,0.0,110,852,0,12505,7,0,2,1,1,4,0,0,0,2,1,0,tcp,-,FIN
989,0.4463168120136548,71,157,10418,0,0.0,0,0,0.0,4448484.588431768,5,33,1395.8507797574164,994.2914224662823,0.0,0.0,177,1686356874,3497774126,255,0.0,0.0,0.03147564831542475,28,1273,0,18738,1,0,1,2,1,1,0,0,0,8,3,0,tcp,-,FIN
990,0.0048482845292394374,26,35,46,0,0.0,67,61,155578860.46745792,0.0,1,25,1050.445345845838,0.0,3678.1257022718178,1237.6880004841273,0,0,0,12,0.03511119437310211,0.0,0.007183411435998528,82,0,0,0,1,0,4,1,1,1,0,0,0,1,5,0,udp,dns,CON
991,0.0,43,85,46,22995,95492.1032073588,0,117,86402742.14743312,0.0,6,0,0.0,0.0,0.0,2443.271023010075,72,0,0,0,0.0,0.022130529571786902,0.0018172468154893492,97,0,0,13844,6,0,1,1,1,4,0,0,0,3,1,0,udp,dns,CON
992,0.0,97,47,46,13560,34864.39124932647,9,0,95483702.81324826,14467156.59302791,8,32,0.0,0.0,0.0,0.0,255,1613499447,1975080700,199,0.0,0.0,0.04300551125312028,70,911,0,13047,16,0,2,2,1,1,0,0,0,3,10,0,tcp,-,FIN
993,0.0,44,132,46,3144,0.0,101,52,0.0,3537723.496804425,7,21,454.16603064135774,0.0,0.0,4605.0170685180965,255,1539828525,4294881924,255,0.08974296670891001,0.0,0.0,68,215,1,29405,1,0,3,2,1,1,0,0,1,4,6,0,tcp,http,FIN
994,1.461751048198528,1,0,3010,47373,1545.5456092028228,31,56,88731904.8925053,2389999.8681705287,2,0,0.0,0.0,2305.491479202068,0.0,55,0,44811157,0,0.00033531607841621135,0.0009335172154419945,0.0,44,252,0,19976,1,0,1,1,1,1,0,0,0,1,1,0,udp,dns,CON
995,0.0,26,0,8777,75045,0.0,75,55,80021398.9871861,0.0,8,14,2103.2896571069855,0.0,0.0,0.0,249,1472003094,579908990,255,0.012890350290491232,0.0,0.013081091966418082,216,122,0,28415,6,1,11,6,1,11,0,0,0,12,16,0,tcp,-,FIN
996,0.0,29,0,46,0,79807.34501419702,0,111,26416861.640287146,0.0,0,2,0.0,0.0,6643.803032130933,0.0,255,1309356149,2723358897,179,0.05260107054430899,0.0,0.0,89,0,1,10348,1,0,2,2,1,8,0,0,1,3,5,0,tcp,http,FIN
997,0.10630211620627705,17,131,8540,0,0.0,175,254,0.0,2594088.124339883,3,0,0.0,0.0,0.0,717.3007594854656,255,4294813520,0,255,0.14564630215860538,0.09687475997758388,0.02724083204683412,237,70,0,9562,1,1,2,2,1,7,0,0,0,3,7,0,tcp,-,FIN
998,1.124632967339778,6,44,480,5338,15219.797603555886,102,17,78744144.31314547,3072646.799758031,0,0,511.4702892539829,484.3676113481308,0.0,907.2872651897762,0,0,0,50,0.0,0.00542397728320674,0.005012810313441068,28,0,0,0,1,0,7,2,1,1,0,0,0,2,2,0,udp,dns,CON
999,2.276475228216991,39,0,46,32472,0.0,255,254,0.0,245057.46267106754,7,0,0.0,0.0,23691.11285878388,0.0,213,4294813520,1587690022,250,0.2353537945922542,0.07836054156381346,0.10688398339514896,170,94,0,17241,7,0,2,2,1,4,0,0,0,1,2,0,tcp,-,FIN
1000,0.7210570279846877,20,88,187,0,0.0,36,33,52936057.69708419,0.0,9,28,0.0,616.3188381835594,0.0,209.25284284148557,255,2266415541,959662986,255,0.0,0.0,0.02574601089643697,95,282,0,0,13,0,3,2,1,1,0,0,0,1,2,0,tcp,-,FIN
1001,1.4241771265604017,1,35,46,0,81386.93348697486,199,0,710469329.3002795,0.0,0,23,1936.6049807441545,1279.8106663956396,44103.21357094327,0.0,40,0,0,41,0.0541008783196512,0.0,0.0,941,168,0,0,7,2,1,3,1,1,0,0,0,3,1,0,udp,-,INT
1002,3.1429627444703576,5,110,46,0,0.0,255,254,0.0,1809740.23094131,8,21,0.0,1758.8038917938543,12554.57442583817,3334.9669211711152,255,4294813520,1863553939,180,0.09591441833103147,0.049641443995456974,0.08437095060189294,67,42,0,11348,6,1,1,2,1,5,0,0,0,1,5,0,tcp,-,FIN
1003,0.32743865092125096,33,0,4418,0,61905.87009373493,0,63,0.0,1951759.83595523,2,14,751.6842039980636,0.0,0.0,1924.8541499329226,255,0,2394862288,255,0.0,0.006879554599857988,0.008840412140175008,72,208,0,29599,10,0,7,5,1,6,0,0,0,12,16,0,tcp,-,FIN
1004,0.0,14,0,4872,0,1000.2188446032089,255,254,158314472.13854745,0.0,8,14,1708.2255100252692,512.7994129058446,7355.079217791968,0.0,244,3905475130,819655560,255,0.17361427435788696,0.08546626323031617,0.09261837466539163,376,0,0,0,10,1,4,1,1,9,0,0,0,1,4,0,tcp,-,FIN
1005,0.0,15,0,46,48032,34725.25386639389,196,208,0.0,4270072.688089177,6,8,3963.688673138053,0.0,0.0,0.0,255,3648701004,2451182883,216,0.21411485118412127,0.027580157716383884,0.08893204790155833,159,194,0,20316,10,2,6,4,1,15,0,0,0,7,8,0,tcp,-,CON
1006,0.0,24,0,46,0,0.0,86,229,79769333.08123067,0.0,5,11,6294.8380465281325,924.8375279355018,38071.668601195954,0.0,255,1553232833,421144091,194,0.30635315436810256,0.3073974491483292,0.05330761933142362,28,148,0,0,4,4,2,2,1,9,0,0,0,5,3,0,tcp,-,CON
1007,0.9857225824904615,12,78,4772,0,51176.82406996473,0,6,67659054.80400766,0.0,7,17,3676.005340496384,305.48865996829966,6091.486120518289,0.0,255,1693783457,979377935,255,0.0,0.0,0.015254628489165815,138,55,0,20747,12,0,2,2,1,5,0,0,0,4,1,0,tcp,-,FIN
1008,0.0,29,0,46,0,5665.378425278834,0,0,0.0,395377.922472961,5,0,0.0,0.0,3018.802094276116,0.0,255,1823846498,3798386281,255,0.04272477449304703,0.0,0.0,313,165,1,0,3,0,1,1,1,6,0,0,1,2,6,0,tcp,http,FIN
1009,0.22434934712802931,12,40,2175,0,43468.48076383731,0,45,0.0,872876.5382252339,0,0,0.0,0.0,24259.868311810387,0.0,20,1026773073,0,27,0.0,0.0,0.0,195,259,0,15259,1,0,7,1,1,1,0,0,0,3,4,0,udp,dns,CON
1010,0.6235729644772314,1,129,6071,0,21523.344280008358,138,254,0.0,2205927.7173351664,3,0,1128.2600485263756,0.0,15476.855045730725,2882.2984587589335,239,325024502,0,255,0.14951701170471435,0.08594371686997496,0.04738260105604648,28,167,1,0,2,1,1,1,1,3,0,0,1,3,4,0,tcp,http,FIN
1011,0.0,56,0,46,0,1145.5101229329841,0,78,104495110.39515056,2517330.717100139,5,30,100.68443860926983,0.0,0.0,2867.9089708048546,255,2324699651,2655717387,199,0.017582987265154535,0.020465713677334428,0.0,69,0,0,0,13,1,5,5,1,1,0,0,0,12,12,0,tcp,-,FIN
1012,1.2996778013056256,1,0,46,0,37910.85602896814,236,209,0.0,251435.35911961042,0,43,721.0662445866287,48.19069364183069,4124.427455511857,0.0,255,4294813520,93402695,255,0.06759527008850236,0.1587633308400504,0.0817321692755155,232,85,0,0,12,0,4,1,1,5,0,0,0,1,3,0,tcp,-,FIN
1013,0.0,1,6,13284,0,249508.08928920317,255,0,516813381.41429275,0.0,2,0,3476.3975442545798,20.536783768226584,14371.327856332113,1933.5805719989708,42,385245364,0,0,0.02130788252229584,0.0,0.02712434506377027,1017,86,0,27781,5,1,1,2,1,3,0,0,0,2,1,0,udp,-,INT
1014,0.0,1,68,3901,11943,0.0,104,107,25616266.70696293,2762512.227653335,0,41,590.2287211140488,0.0,2869.1124687559313,0.0,255,0,2889948964,254,0.0,0.0,0.0,135,0,0,0,17,0,4,5,1,4,0,0,0,7,13,0,tcp,-,FIN
1015,0.0,1,0,46,0,0.0,21,21,0.0,0.0,4,8,2624.5408480201154,0.0,0.0,2638.2532224161505,174,8529428,996513432,255,0.08070236788201716,0.036199866397035124,0.005190059662864742,52,23,0,0,17,0,1,1,1,1,0,0,0,3,4,0,tcp,-,FIN
1016,0.7228099302216493,17,0,46,101858,0.0,11,31,0.0,132170.36596453167,4,28,0.0,474.6492525107892,33327.859608644,234.09014651478776,120,0,1363354046,255,0.0,0.0,0.0,28,172,0,8381,14,0,5,5,1,9,0,0,0,11,17,0,tcp,-,FIN
1017,0.0,1,64,46,33930,20062.757465896313,35,20,0.0,1371719.9508930224,0,14,1492.538589682404,529.4357619560946,5135.190909554325,0.0,255,0,4119855798,255,0.0,0.04127550273250204,0.0,229,211,1,0,4,0,2,1,1,4,0,0,1,2,4,0,tcp,http,FIN
1018,3.576827501901935,1,21,46,0,11456.786878044746,0,86,0.0,0.0,0,34,0.0,0.0,0.0,1233.923218703756,24,981653510,0,152,0.0,0.0012185355971228986,0.0,28,417,0,32860,1,0,1,1,1,5,0,0,0,1,4,0,udp,dns,CON
1019,2.578023126185567,33,0,7474,8053,76033.642917655,3,88,6429817.259899007,0.0,4,9,3133.1394578160143,0.0,16289.825992622047,3733.757844955508,254,456411496,2199460683,255,0.0840264789086527,0.0,0.05106886879020094,28,195,0,32330,18,1,6,6,1,7,0,0,0,8,11,0,tcp,-,FIN
1020,0.0,17,0,46,9234,0.0,51,85,23725362.62341405,3237112.0327051734,0,0,0.0,0.0,0.0,0.0,255,157410350,1402974934,255,0.0,0.0,0.0,28,0,1,21906,3,0,6,1,1,6,0,0,1,4,3,0,tcp,http,FIN
1021,1.7842434776447686,19,83,7879,82640,36097.106502853974,255,253,107689396.90683027,2822167.08646865,4,0,0.0,2065.128673815682,0.0,3269.297692419456,255,2441510108,3625432009,217,0.25987233483857713,0.07499752805935697,0.08389152902684793,115,364,0,0,1,1,3,2,1,5,0,0,0,2,1,0,tcp,-,FIN
1022,2.281498707852174,27,39,46,0,0.0,136,0,959440.1491591289,767655.1364362976,1,16,0.0,0.0,1382.434925508911,0.0,255,0,1805571222,230,0.0,0.052331003243010106,0.011492816273460837,107,256,0,34989,13,0,5,4,1,3,0,0,0,7,10,0,tcp,-,FIN
1023,0.0,39,0,46,56346,5977.1639704855515,53,126,8693958.206549615,0.0,15,1,1470.1591019802195,199.94785263686882,17161.735437556617,4462.377447478753,255,1669264299,1681408270,141,0.0,0.01255254143364039,0.0,177,0,0,28279,16,0,3,1,1,1,0,0,0,4,10,0,tcp,-,FIN
1024,1.492293070488571,1,0,46,4078,0.0,119,254,0.0,554738.3921165222,2,18,0.0,439.2326169053585,446.971200148093,2627.8582387969677,207,0,1120959027,255,0.15777158559257293,0.06954319444891113,0.06882204982673554,28,0,1,0,1,2,1,1,1,1,0,0,1,1,3,0,tcp,http,FIN
1025,0.3942525624554584,1,7,46,101414,22466.60568599997,201,229,74322637.77097438,0.0,0,0,0.0,0.0,0.0,0.0,214,2928991875,3479502742,184,0.14211590339066665,0.07652384361670062,0.08548356831702525,28,0,0,30242,7,1,1,1,1,1,0,0,0,2,1,0,tcp,-,FIN
1026,1.7326470604358584,1,40,187,87623,43646.3166273589,88,254,0.0,699869.7983296316,0,0,0.0,0.0,1495.303979354258,0.0,125,1053645536,237005147,255,0.24735498790139437,0.26237270236369664,0.06696782897627944,121,174,0,0,7,3,3,2,1,8,0,0,0,2,2,0,tcp,-,CON
1027,0.0,7,0,46,13443,0.0,26,225,0.0,573689.6790321685,7,0,2459.534848377023,0.0,3374.413115486738,1329.4700523125618,255,234744540,0,253,0.2524421196817985,0.27306184858394345,0.05496990023407325,147,0,0,0,3,2,4,3,1,4,0,0,0,6,7,0,tcp,-,CON
1028,2.0337455135941895,16,0,7079,0,22904.048811059354,50,100,744129.213965807,0.0,2,0,0.0,0.0,4755.731449091676,2621.9685524925744,255,1241075017,2429781381,255,0.0,0.0,4.536435830574264e-05,117,72,0,0,16,0,3,7,1,6,0,0,0,9,11,0,tcp,-,FIN
1029,0.35794771679594956,39,20,46,34622,0.0,255,254,0.0,0.0,0,6,1482.942125550128,257.57281436389434,22737.596873389917,1467.457380915965,255,2469093408,2340550036,253,0.10315116524145432,0.05601939211064208,0.09066099952008835,28,167,0,3067,6,1,2,1,1,1,0,0,0,1,1,0,tcp,-,FIN
1030,0.141354514319866,155,121,15620,2855,2112.222260036393,33,0,112347442.7253238,1349685.250157236,33,0,0.0,0.0,18497.778549603277,1498.006137485469,255,2564821416,0,255,0.04866111632687187,0.0,0.0,113,0,0,0,13,0,3,1,1,3,0,0,0,2,8,0,tcp,-,FIN
1031,1.8260104347122161,16,35,6046,114212,15614.924995786514,255,254,25625996.223981354,0.0,0,0,3050.8997385563516,206.22364239166996,50174.894746743164,0.0,247,3146227341,2683361227,255,0.12711629918893633,0.06327658319510315,0.10726148444821665,28,162,0,0,2,1,1,1,1,1,0,0,0,1,1,0,tcp,-,FIN
1032,2.168692988044556,1,0,9407,5407,0.0,132,254,0.0,0.0,5,0,1343.0366771869171,0.0,45298.67806890068,93.54747645771691,224,878604503,18602732,253,0.3250041665333176,0.21603416507504425,0.08769330795205482,100,178,0,0,8,4,2,1,1,7,0,0,1,3,1,0,tcp,-,CON
1033,0.0,15,18,1684,0,53050.60617663113,255,131,773935120.0759598,1272159.7694112328,4,0,3742.200288992819,0.0,0.0,0.0,0,291101658,1105006556,0,0.0,0.015644687451288476,0.0,1138,0,0,0,6,2,3,3,1,1,0,0,0,2,1,0,udp,-,INT
1034,0.0,1,64,7636,0,32885.021295653336,100,215,105383159.16777663,0.0,3,30,1380.7926130303413,0.0,1336.4196299698497,0.0,246,0,1635908796,255,0.1501844060701997,0.06734109593704055,0.049934234667929914,28,0,1,1093,5,1,2,1,1,5,0,0,1,1,3,0,tcp,http,FIN
1035,0.7422734882951838,66,93,46,0,0.0,118,101,0.0,7812727.796739874,17,0,0.0,756.6944603144307,17774.270508909245,986.3586280156992,202,4294813520,3608039368,201,0.0,0.0,0.06219169634569641,92,710,0,26979,4,0,2,1,1,3,0,0,0,5,2,0,tcp,-,FIN
1036,0.0,33,9,5787,37827,48510.53498802488,0,253,109538176.15993845,0.0,0,18,1414.2032441488545,0.0,0.0,0.0,255,2388131945,876815782,168,0.24315582047242953,0.15348264723630853,0.07808787180475045,198,0,0,0,2,4,2,2,1,3,0,0,0,6,1,0,tcp,-,CON
1037,0.0,69,81,46,24276,0.0,98,0,20900701.74240653,4741315.891688092,4,104,1504.0806230587611,768.7507489958646,8552.136933635351,3906.3603471123984,184,855552464,2503943522,255,0.0,0.02707158604823743,0.0,28,878,0,18129,3,0,3,1,1,4,0,0,0,2,5,0,tcp,-,FIN
1038,0.0,24,0,46,74467,126352.56660503015,205,0,757312993.3596466,0.0,0,35,0.0,498.2600748165655,0.0,3237.306215058403,0,252457451,0,68,0.08426059219979887,0.0,0.018639458912639538,974,34,0,4524,1,2,2,1,1,5,0,0,0,1,1,0,udp,-,INT
1039,6.6272481674292525,35,6,46,0,342.5639062732983,226,252,96400564.1860244,947239.9043227935,14,6,0.0,0.0,2882.286949912027,622.0381382578366,150,3206940016,1807789079,232,0.12871552087229995,0.1268770301829858,0.034573893531321405,190,0,0,7864,10,1,1,1,1,6,0,0,0,1,1,0,tcp,-,FIN
1040,0.0,1,82,1577,10272,0.0,59,0,17232448.24654689,3549423.6768193697,11,24,0.0,407.15452766075157,1626.9233623117016,3057.353832027467,255,2026225276,2378530420,255,0.0,0.030405888462849053,0.007959200090843473,295,243,0,0,17,0,3,4,1,3,0,0,0,7,10,0,tcp,-,FIN
1041,1.764491162993031,29,0,46,77999,96493.44511960621,255,16,772483194.772994,1345658.7418960643,5,0,2102.1125608747902,0.0,0.0,1702.7142367947404,0,883530986,0,0,0.012921433081390186,0.0,0.0,1127,16,0,0,1,2,3,2,1,4,0,0,0,1,2,0,udp,-,INT
1042,0.0,21,0,2672,0,0.0,0,77,7970866.173637395,1977806.7566930235,0,0,0.0,431.42174494939684,56220.61738674545,0.0,0,201068126,0,40,0.0,0.0,0.0012496529224578616,264,130,0,9350,4,0,7,2,1,1,0,0,0,1,1,0,udp,dns,CON
1043,0.0,9,0,46,136948,42537.930789535014,37,254,0.0,1130839.0018233913,0,2,0.0,476.2425527564856,0.0,0.0,204,0,782496899,255,0.23331615936985134,0.23838603967133853,0.02890990449918151,96,0,0,10905,3,3,3,1,1,4,0,0,0,2,4,0,tcp,-,CON
1044,0.0,39,72,46,21197,0.0,36,2,34115473.855582036,10736675.800241921,4,33,0.0,599.4988246176486,33981.26919045113,0.0,255,1763298593,310180463,240,0.0,0.0,0.0,28,923,0,0,7,0,2,1,1,2,0,0,0,5,10,0,tcp,-,FIN
1045,0.0,1,0,10044,10808,0.0,53,245,20289648.806897063,167039.94067952858,0,28,0.0,0.0,0.0,0.0,225,863442952,1745002651,198,0.15637437807949184,0.04952116661563433,0.0,78,357,1,0,7,0,1,1,1,2,0,0,1,3,1,0,tcp,http,FIN
1046,0.0,1,31,6604,39019,82050.27555125362,255,252,0.0,526172.7628793196,8,0,1355.5360246557673,610.6534396710623,0.0,0.0,248,1567251315,3659564300,174,0.05173541409509555,0.01771139922379073,0.047351939602932956,135,0,0,1793,1,2,1,1,1,1,0,0,0,1,9,0,tcp,-,FIN
1047,0.0,37,51,46,53552,0.0,200,40,0.0,1237565.9025410002,5,11,646.1907560013963,1171.714862389518,19593.06027223496,0.0,255,150306125,1462568354,255,0.05303430719706904,0.012743401968560707,0.0036553182352825316,28,299,0,15863,13,0,5,1,1,1,0,0,0,4,6,0,tcp,-,FIN
1048,0.0,1,63,1520,20217,0.0,52,85,50663713.07403894,511487.55505406647,4,8,0.0,0.0,0.0,3055.7585456657444,255,2585562148,1652578007,191,0.0,0.0011379507839279154,0.032578316222706294,28,212,0,21126,8,0,12,6,1,6,0,0,0,12,14,0,tcp,-,FIN
1049,0.0,60,123,9806,100002,36403.60769110054,0,43,0.0,16036231.082395706,10,15,0.0,0.0,19077.24303026547,3379.401101030545,255,1157531959,3800221836,255,0.0,0.027133147941791086,0.07194091540672348,28,712,0,25292,12,0,2,1,1,2,0,0,0,4,7,0,tcp,-,FIN
1050,0.353222010991202,14,101,5774,67567,15583.567950248154,0,0,0.0,12790689.00275912,0,16,0.0,536.8817196412232,15316.022415941461,0.0,230,1333303219,4294881924,255,0.038978866752181394,0.0,0.0,98,909,0,7806,10,0,4,2,1,1,0,0,0,6,9,0,tcp,-,FIN
1051,0.0,1,0,1994,119494,38288.15796872153,46,224,0.0,3863745.265841501,2,0,0.0,0.0,0.0,0.0,212,526497924,64936263,227,0.3450430686232422,0.20787099267831416,0.08240655190474079,189,0,0,0,4,3,1,2,1,6,0,0,0,1,3,0,tcp,-,CON
1052,1.3158398220397942,69,22,11282,92894,5321.34083579614,0,37,0.0,8441150.664098624,3,34,0.0,0.0,28730.82100044749,0.0,254,4294813520,2723769842,246,0.035093914259876804,0.00534206005048523,0.0,28,779,0,0,2,0,1,1,1,2,0,0,0,3,4,0,tcp,-,FIN
1053,0.0,83,6,46,133781,36223.56919146565,255,254,37146588.25846304,0.0,4,8,1796.5084892668842,845.2248464150824,16706.55950011221,3548.4665268999756,255,3152412118,1423244844,255,0.13520724052497762,0.07923653219258092,0.08757864352830513,84,0,0,0,7,1,5,3,1,4,0,0,0,1,3,0,tcp,-,FIN
1054,0.48684994561516987,1,0,1035,62344,77796.1851458273,84,254,189510833.08232296,2638371.80282733,0,0,0.0,219.20952612964084,0.0,2878.087670573386,239,778178208,973038335,210,0.09104770105194018,0.05567607011340529,0.05905536617084267,28,268,1,0,2,2,1,1,1,4,0,0,1,2,3,0,tcp,http,FIN
1055,0.0,42,0,1918,0,62191.25262825834,231,89,694447702.5060337,0.0,0,16,4447.672511440132,0.0,3157.1821989744512,0.0,20,152611566,1036826172,0,0.0,0.04315616633869438,0.0,976,0,0,0,2,2,4,1,1,1,0,0,0,1,2,0,udp,-,INT
1056,0.36291898464808703,26,1,88,181375,0.0,129,36,66110265.2792086,184198.02379388065,7,30,0.0,0.0,16151.186346140763,0.0,210,1527143564,296533929,242,0.0,0.0,0.05453842330711813,28,71,0,0,10,1,2,1,1,2,0,0,0,4,7,0,tcp,-,FIN
1057,5.020845296208234,21,0,46,0,0.0,218,254,0.0,226936.36688393293,3,17,0.0,115.57064505437663,1165.6665835844485,0.0,105,3380801717,3377106809,255,0.1386267334212603,0.08857195493904954,0.05668935808596921,38,305,0,1934,7,1,1,1,1,1,0,0,0,1,5,0,tcp,-,FIN
1058,2.376615556261327,13,0,1315,102655,14420.427347736693,56,179,22186403.771682654,0.0,1,0,0.0,0.0,7064.823061407351,5199.5607509991705,212,7014208,1421166635,255,0.09993344298189023,0.012759783573427545,0.02314161397019851,28,438,1,0,4,2,1,1,1,1,0,0,1,1,3,0,tcp,http,FIN
1059,0.0,28,2,1771,3461,6535.313929018232,62,51,0.0,438671.0784906871,5,6,0.0,0.0,11884.03527507473,1162.2827080113877,255,2108093874,506316987,249,0.0,0.023393467363535852,0.005471569255474399,166,40,0,0,8,0,11,7,1,9,0,0,0,15,16,0,tcp,-,FIN
1060,0.0,6,66,46,72222,47878.30165754689,255,198,62931427.404004246,125964.44943181056,0,0,8978.250859457661,1079.30672074571,0.0,0.0,255,1334969465,3311284057,215,0.07991975738452606,0.0,0.034087511593220605,50,0,0,16302,1,0,1,1,1,3,0,0,0,5,5,0,tcp,-,FIN
1061,3.4135770181335188,124,96,10247,33195,0.0,94,26,0.0,1819450.913846143,10,38,0.0,0.0,0.0,0.0,255,316603870,4207598740,255,0.009384676933206524,0.0,0.0,35,1220,0,0,1,0,3,1,1,3,0,0,0,1,5,0,tcp,-,FIN
1062,0.7658962101937286,1,144,46,52601,0.0,52,181,8018503.990915449,600596.325386778,2,0,0.0,0.0,1816.2772632532397,2493.354783959535,236,84794189,3127481846,162,0.07563267208966673,0.03404483868275098,0.0310029322578069,312,639,1,0,6,0,1,1,1,3,0,0,1,2,3,0,tcp,http,FIN
1063,0.0,47,27,74,0,9210.797641860303,83,44,91905300.7103519,681132.2756895585,2,34,107.5413326301399,0.0,17993.97556160949,0.0,127,2502632332,1526255158,255,0.0076100756688355,0.0,0.0,135,157,0,1998,12,1,11,6,1,11,0,0,0,9,15,0,tcp,-,FIN
1064,0.0,1,0,46,107161,0.0,29,209,56414927.038826086,3769003.3135101874,0,20,0.0,0.0,0.0,3432.2050434740418,195,65672733,565598649,253,0.21748627055476893,0.22630684229052453,0.0828347034049406,129,59,0,0,7,3,1,2,1,6,0,0,0,5,8,0,tcp,-,CON
1065,4.9227812380646405,8,8,3231,30987,13967.633869779102,107,254,26256584.499665137,2887322.825621207,1,29,0.0,862.8279840138622,50185.21405639819,0.0,255,0,553701564,255,0.11062562312775713,0.06485857496638459,0.050363321641141844,28,30,1,23471,2,1,3,1,1,2,0,0,1,1,2,0,tcp,http,FIN
1066,0.0,55,99,46,143350,9624.52591385539,76,3,8080831.1694893595,2478772.878208868,14,61,930.5782267984763,705.0089015902973,0.0,0.0,255,2841440590,4294881924,255,0.02911595520210435,0.0,0.007760123764569719,28,864,0,0,8,0,1,1,1,2,0,0,0,1,6,0,tcp,-,FIN
1067,1.4317323681862801,23,28,6518,0,20450.622502764145,255,204,0.0,0.0,2,0,1513.2155901231092,114.56801181729786,0.0,1030.8085216630939,254,3162591623,2667551685,202,0.1640118038892714,0.06655468818115012,0.04509200561954371,46,151,0,32,6,2,1,2,1,1,0,0,0,2,1,0,tcp,-,FIN
1068,0.42278139996483993,56,116,46,0,0.0,172,254,0.0,0.0,0,0,263.54132014435106,0.0,31390.204813692257,0.0,226,2867465757,2795004737,255,0.19329637785749987,0.032371493432205266,0.11993899329818423,97,0,0,0,5,2,1,1,1,1,0,0,0,1,9,0,tcp,-,FIN
1069,0.0,14,0,9734,29484,22638.109774836455,0,83,0.0,181009.56202971225,8,45,0.0,20.62540256821829,14286.263522277777,923.5247494606791,255,2263990300,1390127676,223,0.008486066619612213,0.03286612764153524,0.0,28,159,0,3283,9,0,15,6,1,9,0,0,0,14,15,0,tcp,-,FIN
1070,0.0,61,112,714,72638,25544.957921058525,71,46,40975131.761666365,9025101.745404445,5,23,0.0,382.84564645575597,9420.498227134345,0.0,228,4125315647,4294881924,239,0.16100681971610217,0.0,0.0,28,847,0,0,1,0,2,1,1,3,0,0,0,2,1,0,tcp,-,FIN
1071,2.895246445346523,35,79,3598,122652,0.0,0,9,110280569.75131673,7160196.461175388,8,0,0.0,0.0,0.0,0.0,255,3389448472,4294881924,255,0.0,0.009075178313211835,0.0025072610719860783,28,680,0,0,5,0,1,1,1,1,0,0,0,3,2,0,tcp,-,FIN
1072,0.9384010456807871,8,0,16150,0,0.0,255,236,23679486.373995934,0.0,2,28,0.0,255.83276648807012,0.0,0.0,255,3104835419,0,236,0.24450329062246495,0.05314861192222454,0.08434798765775572,123,310,0,25670,6,1,3,2,1,7,0,0,0,5,4,0,tcp,-,FIN
1073,0.0,78,165,5953,18400,0.0,83,106,1417245.688936302,1328472.2179377654,35,35,3841.470055949988,585.0888159261068,11396.743000799646,0.0,235,3031310376,389850930,255,0.03347266339898171,0.027395513054743283,0.006298139768293408,68,213,0,0,6,0,2,2,1,1,0,0,0,2,7,0,tcp,-,FIN
1074,0.8132057958781024,35,127,11935,130137,0.0,3,44,49201329.12736986,10310420.756941263,5,60,6295.660767084977,0.0,0.0,308.3968966717391,207,3243450022,534853473,255,0.13647208426554142,0.0,0.01508444013007977,78,859,0,0,8,0,3,1,1,1,0,0,0,3,8,0,tcp,-,FIN
1075,0.0,14,0,1314,0,0.0,10,0,0.0,769212.4062371734,8,8,0.0,0.0,40989.92758826773,0.0,232,1436611161,2265186057,255,0.0,0.0,0.0,120,169,1,0,1,0,3,1,1,4,0,0,1,2,4,0,tcp,http,FIN
1076,1.8459616495407265,48,18,4370,50133,28849.67278713246,0,150,0.0,2726264.619313006,0,5,0.0,0.0,15498.603647329044,7196.418715972451,255,0,2136860306,255,0.09155129140550675,0.0,0.0,188,285,1,34906,5,0,1,1,1,1,0,0,1,3,1,0,tcp,http,FIN
1077,0.0,143,0,4396,34833,34224.76525271241,5,38,0.0,10106904.37077671,6,63,0.0,225.37336953093444,0.0,395.15840810319094,255,4164194270,4290447769,255,0.09754942468588948,0.022329834159061198,0.007088156432603135,28,768,0,0,1,0,1,1,1,1,0,0,0,4,7,0,tcp,-,FIN
1078,0.0,106,62,13511,0,13148.403255971485,7,46,0.0,2685202.279667255,36,0,2306.6073056314463,1220.833547193175,0.0,0.0,255,3267820514,1007327391,193,0.0,0.0035094187586821824,0.0017638736665666363,59,0,0,25941,4,0,1,1,1,1,0,0,0,1,8,0,tcp,-,FIN
1079,1.7814154967944478,41,54,46,22822,52514.19690382135,220,55,753999730.1485387,0.0,1,0,0.0,1062.1389041909545,0.0,0.0,0,0,0,89,0.0,0.023103850125720832,0.0,917,19,0,0,1,1,4,1,1,4,0,0,0,1,3,0,udp,-,INT
1080,3.903269043969595,29,0,46,87547,37313.89124565014,0,52,0.0,0.0,15,0,1813.200793665822,0.0,17123.45189632133,498.540969741538,177,887303426,1728570046,255,0.1262993084216425,0.0,0.0,116,231,0,25005,12,0,2,1,1,1,0,0,0,4,5,0,tcp,-,FIN
1081,0.0,44,0,46,102834,75778.3369015896,18,66,56927374.83271065,13692180.316582307,6,0,1105.467977561581,0.0,0.0,0.0,255,161375548,3578135768,255,0.0,0.04124107510693516,0.0,70,669,0,8563,15,0,1,1,1,1,0,0,0,2,12,0,tcp,-,FIN
1082,0.36276737940854953,34,36,2590,0,22711.079428447905,17,8,18239886.262623683,190184.73975748807,7,27,0.0,1039.982044055914,0.0,1780.6118705077722,255,1927990807,922466006,255,0.06263751124796235,0.04823700496145244,0.021880666641840813,28,364,0,11656,9,0,2,1,1,5,0,0,0,3,5,0,tcp,-,FIN
1083,0.0,12,0,46,60625,0.0,154,190,0.0,0.0,10,0,3600.0398618963127,552.458340469627,63059.750620285944,0.0,255,1438049149,1638622950,255,0.20051133155870118,0.0,0.11766513805326764,67,0,1,0,4,2,1,1,1,1,0,0,1,2,1,0,tcp,http,FIN
1084,0.0,9,0,5769,58951,0.0,43,254,61262808.888415664,0.0,0,23,0.0,434.17172878529294,0.0,0.0,235,547133217,609816331,255,0.28813319116654507,0.2487557215341967,0.03589611064351899,162,0,0,0,8,4,1,1,1,3,0,0,0,2,3,0,tcp,-,CON
1085,0.0,111,164,16579,9167,0.0,48,101,11906409.57853494,1953449.8711538592,23,41,12.375032924381749,0.0,0.0,86.77983532470591,176,2809768057,2073936148,255,0.0,0.05186844304504911,0.0016048433796516793,93,185,0,22494,8,0,2,2,1,1,0,0,0,2,10,0,tcp,-,FIN
1086,1.0930033447268983,1,0,46,0,0.0,34,220,38255061.716106504,1476364.1795304175,0,15,0.0,690.9292865107823,0.0,2910.175476765933,255,1591411200,649715225,255,0.4020485562335947,0.24486684847280274,0.03796637583059823,198,84,0,22233,7,3,3,2,1,7,0,0,0,6,5,0,tcp,-,CON
1087,0.0,18,16,46,6960,0.0,2,0,23822163.958065324,12919349.80040347,10,13,0.0,0.0,0.0,891.5186453203216,255,3332889906,1257398963,255,0.0,0.0,0.0,28,602,0,50896,7,0,1,2,1,5,0,0,0,4,7,0,tcp,-,FIN
1088,0.0,20,8,46,56816,139761.27187791228,170,61,671917527.635468,1380089.9632465495,0,0,2737.6927749288975,176.34147872065606,0.0,0.0,0,0,0,98,0.0,0.0,0.0,1097,187,0,0,1,1,1,1,1,5,0,0,0,1,1,0,udp,-,INT
1089,3.2235820668296116,8,60,14693,0,33495.14143070663,177,229,126150612.40049002,1833656.4167482213,7,5,0.0,0.0,0.0,0.0,214,3661141892,1849153484,255,0.00315515470695385,0.05367061479921052,0.1081939353216555,119,297,0,10211,6,1,1,1,1,8,0,0,0,1,4,0,tcp,-,FIN
1090,0.0,1,71,2872,0,0.0,3,231,100206850.04856297,0.0,4,24,3074.693636003897,1348.959096790329,14489.19137572476,0.0,255,289538545,850654081,252,0.17841132751835742,0.03580060167923896,0.0,28,221,1,0,2,1,1,1,1,1,0,0,1,1,5,0,tcp,http,FIN
1091,0.0,84,52,8085,0,4372.3363341052645,40,10,34719941.77772137,5147218.6111728195,15,35,0.0,0.0,33453.23994824154,0.0,220,1206259643,3342553200,162,0.0,0.029538431310231265,0.0,28,693,0,0,4,1,5,1,1,5,0,0,0,3,2,0,tcp,-,FIN
1092,0.0,34,66,46,66576,0.0,84,26,12105221.175008103,0.0,7,0,0.0,1538.557000311267,17123.958598557736,6075.446235784265,255,485320488,3183892876,255,0.04695620348688006,0.03363444526067202,0.0032837090297434097,66,590,1,0,7,0,1,1,1,3,0,0,1,2,4,0,tcp,http,FIN
1093,0.0,13,0,1044,0,0.0,0,0,62236217.31081299,0.0,3,0,532.6330275029966,22.023901683480176,19118.151442762293,0.0,249,95707241,3376835966,255,0.0,0.0,0.006099466649347102,28,135,1,8120,3,0,4,1,1,1,0,0,1,3,7,0,tcp,http,FIN
1094,3.772168452474883,1,105,6716,23082,0.0,227,225,101387509.14980079,1979465.756896685,9,9,0.0,0.0,40301.87882007993,0.0,234,3296158464,0,212,0.2353755407336162,0.06080150903219531,0.06988114478717249,256,15,0,0,7,1,2,1,1,4,0,0,0,1,6,0,tcp,-,FIN
1095,1.2357803820018107,82,0,1260,116435,36976.29319079799,0,41,154488003.01943797,14803166.801499048,9,5,0.0,0.0,13811.945976540734,3983.746277068137,255,990210428,3720644957,255,0.08204705628105094,0.0,0.0047413153101248445,182,857,0,707,12,0,5,1,1,2,0,0,0,2,10,0,tcp,-,FIN
1096,3.392749521725177,59,78,8281,0,44816.633438723526,241,254,0.0,0.0,3,1,0.0,0.0,0.0,0.0,234,2705350046,1945012457,255,0.103902728362435,0.08526835630763407,0.13292384261088389,210,38,0,17488,9,1,2,4,1,3,0,0,0,1,1,0,tcp,-,FIN
1097,0.0,30,0,17068,0,0.0,84,87,84746822.76053026,1445835.2278951523,0,0,0.0,0.0,4141.800949380556,0.0,255,1113559023,0,255,0.0,0.016245435726359916,0.03887558396386133,28,420,0,23708,10,0,10,6,1,10,0,0,0,11,16,0,tcp,-,FIN
1098,0.8577409812302218,33,105,46,0,0.0,40,254,0.0,353347.0913643105,0,0,0.0,101.79705048580283,0.0,3942.6124270881596,255,4294813520,1356857531,233,0.16400599142813932,0.0,0.056322665149110496,244,165,0,14557,15,3,5,5,1,13,0,0,0,5,8,0,tcp,-,CON
1099,2.091476933609149,42,40,46,26575,38746.78952018665,29,105,0.0,2566518.5756960916,2,9,2885.2045021099775,407.81710472101344,0.0,5316.883149173388,255,66928552,1615184460,206,0.08390094881922469,0.016918462152713917,0.0,141,125,1,9581,1,0,4,1,1,4,0,0,1,6,5,0,tcp,http,FIN
1100,2.2408146242672737,43,0,46,94197,0.0,103,75,67419299.17975557,0.0,4,18,0.0,0.0,0.0,6571.52039900795,255,1731812338,2121051582,255,0.0073356788541082615,0.029285447405502693,0.005968862832323918,28,709,1,947,3,0,1,1,1,5,0,0,1,3,2,0,tcp,http,FIN
1101,4.235117705679542,29,0,12368,0,0.0,54,22,118034395.83240747,0.0,0,52,0.0,470.72318393971466,15762.324309136198,8357.734381591386,230,1615617688,2234753495,213,0.01332631222199726,0.0,0.023657388725224562,98,804,1,0,4,0,1,1,1,3,0,0,1,2,4,0,tcp,http,FIN
1102,0.8019970406093032,18,42,7147,38817,0.0,0,0,78811420.78166051,0.0,0,18,616.7241955773226,893.3111379897995,0.0,610.8985885550144,0,0,566218382,0,0.020614408080557988,0.0,0.0012082863034956893,28,229,0,11329,6,0,8,2,1,1,0,0,0,6,1,0,udp,dns,CON
1103,0.0,16,56,46,70111,54284.86062163075,39,30,0.0,310809.2774978181,0,38,0.0,799.6227328574562,6823.051660394077,2459.748257339511,0,1667127827,191378583,103,0.0,0.08552838507036989,0.0,188,69,0,0,1,0,1,1,1,1,0,0,0,2,2,0,udp,dns,CON
1104,0.0,1,6,1302,0,0.0,213,254,31179886.51550204,0.0,7,0,1049.2586224698607,557.8732499825115,20538.71051833661,0.0,255,4294813520,769904819,255,0.13596019600811082,0.06728421825220117,0.12425000082664801,28,0,0,2504,6,2,3,2,1,5,0,0,0,2,6,0,tcp,-,FIN
1105,0.9685610869682064,25,4,46,0,0.0,83,254,56258938.78976218,0.0,8,0,2869.6815375308743,377.87100938669505,0.0,0.0,255,3701386118,2119996728,255,0.118677390268134,0.14614433806007304,0.07392786108950299,221,0,0,0,14,2,4,4,1,11,0,0,0,5,12,0,tcp,-,CON
1106,1.2090699908239353,1,57,7518,30020,0.0,56,60,46713096.68387288,3659480.117522487,5,4,1017.5574607816551,0.0,5781.168526056579,0.0,250,739097048,254716141,255,0.05977367202209246,0.00723443559142896,0.051373560011504865,85,0,0,0,6,0,13,4,1,10,0,0,0,11,9,0,tcp,-,FIN
1107,2.290168256465761,1,17,46,24207,0.0,0,23,100824085.8150494,3769629.3059043977,0,22,0.0,158.1743944919856,0.0,956.3230107926549,205,1085056746,2081054779,255,0.1068317155727747,0.03829951103735511,0.0,28,109,1,0,1,0,3,1,1,1,0,0,1,1,5,0,tcp,http,FIN
1108,0.0,42,0,46,39576,0.0,71,254,75895179.98717818,1885869.1211031557,0,18,0.0,0.0,0.0,4187.342838705549,255,4183630353,821041350,255,0.07580502612010996,0.05558214503925463,0.06934369709697316,108,0,0,0,9,3,6,5,1,8,0,0,0,5,17,0,tcp,-,CON
1109,0.0,39,0,5629,39705,0.0,25,92,0.0,3761875.6826984957,7,33,0.0,768.8689310033465,28853.704534138924,923.9281215845136,255,416692611,2704925752,245,0.043257681353487995,0.0,0.012734139243751047,252,39,0,0,20,0,2,5,1,6,0,0,0,7,14,0,tcp,-,FIN
1110,0.0,89,62,1695,0,0.0,58,73,3467636.7126131626,11025256.389141694,4,0,0.0,218.29685592396703,0.0,0.0,248,899341229,3529466632,255,0.013624371975214102,0.0,0.0,44,808,0,0,19,1,4,1,1,1,0,0,0,4,7,0,tcp,-,FIN
1111,0.0,59,130,2348,124626,0.0,72,27,0.0,7249315.375956408,10,57,0.0,854.1445029842067,0.0,2813.423307127602,255,3020674534,4250635314,224,0.0,0.018792865691248658,0.0,151,827,0,0,2,1,1,1,1,1,0,0,0,7,3,0,tcp,-,FIN
1112,1.035613851769096,1,101,1611,80765,12404.033582399545,54,0,13815266.475788163,1383892.5554887229,10,12,0.0,888.4301861364243,0.0,0.0,227,0,1743666513,195,0.0,0.0,0.00831942740482131,182,387,0,0,14,0,3,5,1,3,0,0,0,10,16,0,tcp,-,FIN
1113,2.523315046618083,1,40,7380,12619,105187.05221706412,239,0,590772088.1960747,0.0,0,0,0.0,333.1882129135637,0.0,1310.2921911544156,0,503645999,121541975,0,0.013522982104836058,0.0,0.0,973,0,0,0,7,2,2,1,1,1,0,0,0,3,1,0,udp,-,INT
1114,2.967383381031428,9,17,12057,0,0.0,108,218,155114142.96378368,0.0,4,18,2742.8716181760083,0.0,0.0,0.0,242,587187365,0,255,0.26303544325265804,0.1745753836678738,0.06847921386103634,36,0,0,16893,3,2,1,2,1,4,0,0,0,1,3,0,tcp,-,CON
1115,0.8871908478555799,18,56,5472,0,0.0,0,42,0.0,2623873.6862827647,9,8,0.0,0.0,0.0,0.0,184,0,1560132599,186,0.02264076567667147,0.001146579671226057,0.0013302353557741568,28,0,0,3100,16,0,6,5,1,5,0,0,0,7,16,0,tcp,-,FIN
1116,4.137724715148545,97,34,9322,70657,0.0,0,55,0.0,8556665.12867828,11,36,1004.6441223333431,410.90095804310124,0.0,0.0,255,2753020584,3879049037,187,0.0,0.026865927206028754,0.0,206,958,0,0,8,0,3,2,1,2,0,0,0,2,1,0,tcp,-,FIN
1117,0.0,1,0,46,0,15983.876350353683,0,0,7158642.940634237,0.0,0,24,0.0,0.0,24378.34998405408,0.0,0,65001888,186386083,33,0.0,0.0,0.0,80,261,0,20470,4,0,1,1,1,1,0,0,0,3,3,0,udp,dns,CON
1118,2.32363305199072,20,0,46,0,23547.75868128612,251,227,0.0,1642435.266476243,0,11,0.0,699.956146482056,0.0,0.0,224,1745834689,2275968212,232,0.18562474411710075,0.04484813102704024,0.05346407846103818,28,0,0,0,5,2,1,1,1,1,0,0,0,3,1,0,tcp,-,FIN
1119,0.0,1,0,5449,0,0.0,214,254,0.0,245849.66767732776,0,0,1620.7544019314357,611.9338589603424,2520.5740788572666,6038.237259345651,217,4294813520,771583874,255,0.1743338593872316,0.11993382400738004,0.09825179692171479,151,0,0,0,1,0,2,2,1,8,0,0,0,2,4,0,tcp,-,FIN
1120,0.0,22,23,1684,41449,0.0,255,207,13567410.056456454,1231370.632311787,4,0,1148.7047962385138,567.2149754167289,0.0,0.0,223,2156537405,2260387287,255,0.15431989299726057,0.010277387124394695,0.09072171135350425,28,284,0,0,1,0,1,2,1,2,0,0,0,1,6,0,tcp,-,FIN
1121,0.0,22,33,46,15566,3374.3561871392294,0,51,132680759.98135132,0.0,8,0,0.0,195.2692572248072,21762.63600635003,0.0,209,888280176,1780332717,255,0.0,0.06396168833004182,0.009487920144616795,28,0,0,40075,15,0,4,1,1,2,0,0,0,6,8,0,tcp,-,FIN
1122,0.0,1,37,46,0,0.0,0,14,11931564.416430458,1089313.6647652194,0,15,0.0,0.0,0.0,4820.020866111967,13,1542349500,0,0,0.04485148091872572,0.0,0.025390451197338623,73,239,0,4942,2,1,3,2,1,1,0,0,0,1,3,0,udp,dns,CON
1123,1.317942727075998,8,40,2739,24511,0.0,255,216,0.0,488973.7891413512,3,37,2959.4530826177934,1021.0638858961062,14258.778713686554,0.0,247,3462715317,640388470,255,0.14558218859160826,0.0917103771210494,0.0648804745212685,491,0,0,4114,3,2,5,1,1,6,0,0,0,2,2,0,tcp,-,FIN
1124,0.0,61,80,497,53642,13792.616674012044,0,32,0.0,6910303.772792723,10,0,2008.0703643201778,0.0,9255.410306523747,0.0,255,3521929181,4029421077,255,0.046689508100130846,0.013357804711377637,0.05834382199530649,142,907,0,9803,3,0,2,1,1,1,0,0,0,5,5,0,tcp,-,FIN
1125,0.7479601358362236,53,90,13566,85055,5019.934070992425,51,49,173007132.53030384,8881339.882474776,8,8,2981.3304678741492,0.0,0.0,0.0,255,2883490498,139436752,255,0.0,0.034960258604057055,0.011524059938533927,28,975,0,0,12,0,2,1,1,5,0,0,0,3,9,0,tcp,-,FIN
1126,4.1108434342438755,59,4,3757,0,0.0,227,209,6174644.9298465485,335725.3572245748,3,0,3186.124411543824,0.0,1005.107390426258,0.0,247,1407336941,2710389121,254,0.08130510827519988,0.010973754033050759,0.03802533967498217,56,119,0,0,6,1,2,1,1,2,0,0,0,1,2,0,tcp,-,FIN
1127,2.2975092469170644,13,31,10279,0,0.0,252,240,6638905.07483906,469723.78039391537,4,0,92.1266345476952,98.41368092128386,11583.19401167791,3000.7004355063186,255,4294813520,567423250,255,0.11979914784162587,0.07222201900631524,0.08499878406243008,159,10,0,9563,5,3,4,1,1,2,0,0,0,4,7,0,tcp,-,FIN
1128,0.0,5,0,3349,0,0.0,60,52,0.0,0.0,0,15,0.0,0.0,0.0,7366.3425732704745,255,918634433,1894950290,238,0.02569234843919787,0.0,0.09318894392180152,276,783,1,3838,1,0,1,1,1,1,0,0,1,5,4,0,tcp,http,FIN
1129,0.0,1,31,3843,0,0.0,255,214,42235288.99590292,1115118.766924973,4,0,0.0,0.0,0.0,0.0,252,4055017636,1559544767,164,0.09793593051588856,0.1309464597320194,0.02126815979805348,210,102,0,46355,4,0,3,2,1,4,0,0,0,2,3,0,tcp,-,FIN
1130,0.0,1,36,46,1455,0.0,36,0,0.0,1141543.9553047568,0,16,350.1506583293255,606.1588217411525,0.0,2612.5698256347105,15,0,1069045158,42,0.10715973654493806,0.0,0.013937295561935934,51,664,0,0,5,1,3,1,1,1,0,0,0,1,1,0,udp,dns,CON
1131,2.6756728374943166,1,0,2118,10033,114850.2278928831,214,0,859462917.4128455,793779.0695446009,2,25,0.0,0.0,45936.2454491098,0.0,1,0,598844603,39,0.0,0.0,0.06583619734390438,935,0,0,19824,7,1,4,2,1,2,0,0,0,2,2,0,udp,-,INT
1132,0.0,29,53,3046,19435,0.0,8,8,38690265.16329502,13917529.6393495,10,44,0.0,0.0,0.0,126.00364731566425,255,155223182,3994090860,126,0.0,0.013381437703587379,0.0,130,378,0,16941,15,0,4,2,1,1,0,0,0,2,5,0,tcp,-,FIN
1133,1.3800811398054211,98,30,46,21330,0.0,62,0,11070055.399512796,10752204.664717095,7,0,0.0,0.0,0.0,0.0,223,3267288126,0,255,0.07123561295982152,0.0,0.04642948113618687,164,962,0,3002,8,0,1,1,1,4,0,0,0,5,6,0,tcp,-,FIN
1134,1.2766977448241255,1,0,46,0,43929.13249095048,0,12,0.0,0.0,4,33,0.0,0.0,0.0,0.0,0,750198427,0,98,0.01689142665784752,0.06233430417491706,0.04623282665984695,28,76,0,6819,4,0,3,1,1,1,0,0,0,4,2,0,udp,dns,CON
1135,0.0,37,0,46,170231,16056.12434404478,22,113,0.0,1999924.3038002723,0,35,0.0,0.0,0.0,5542.0043059952595,1,276548708,0,0,0.0,0.033762552439927,0.0,33,213,0,0,5,0,4,2,1,1,0,0,0,4,3,0,udp,dns,CON
1136,0.6545245334608987,18,75,3833,0,26380.39776363815,235,183,0.0,0.0,0,40,2618.3904274853717,638.9266976466605,8856.59379651233,460.8519122246756,148,2909157746,3239074546,251,0.2308303519773586,0.03557600857151878,0.04191455598450106,28,0,0,0,1,2,1,3,1,4,0,0,0,1,2,0,tcp,-,FIN
1137,0.0,17,72,4639,0,0.0,26,15,10737779.518403916,0.0,6,0,2882.0860197985457,141.8532735540052,0.0,2623.937027920749,255,1174283208,2038613104,245,0.0,0.03460423348833844,0.018442125989407088,111,99,0,7339,16,0,6,5,1,7,0,0,0,7,14,0,tcp,-,FIN
1138,5.523897225598579,10,45,46,233530,0.0,0,136,0.0,1698223.1233061352,4,0,0.0,0.0,17527.410381215577,6261.22132340958,255,23294331,2890057540,255,0.0,0.003909853962320625,0.0,28,636,1,12929,6,0,1,1,1,3,0,0,1,3,3,0,tcp,http,FIN
1139,0.0,2,103,3295,28728,2402.5430849256213,0,49,0.0,0.0,2,0,3162.671844801508,0.0,16247.214603829567,0.0,9,1286753378,268810619,63,0.0,0.025031851509689673,0.0,28,4,0,12309,1,0,9,1,1,1,0,0,0,1,3,0,udp,dns,CON
1140,2.371431666799246,53,0,46,0,8645.384669442365,88,234,0.0,0.0,0,0,292.93249468097287,0.0,0.0,0.0,255,4294813520,2203295203,206,0.1819131767875389,0.04055949125919868,0.08260149035370029,278,79,0,1326,11,3,5,4,1,11,0,0,0,4,13,0,tcp,-,CON
1141,1.672486446414825,1,205,46,89512,92215.22664520927,78,21,41571224.836319186,16178822.761975093,14,18,3792.1889024719217,0.0,0.0,0.0,255,1423661504,3195611151,255,0.033839131179958445,0.0,0.0011168158212151906,45,434,0,20397,14,0,3,1,1,4,0,0,0,3,12,0,tcp,-,FIN
1142,1.2265867125140573,1,0,46,0,5999.547588424089,0,51,0.0,830682.0350564712,3,20,1540.4689085468922,0.0,35564.23487201823,0.0,0,0,0,129,0.03327439153239908,0.022836045230220228,0.0,67,151,0,0,2,0,9,2,1,4,0,0,0,4,2,0,udp,dns,CON
1143,0.2952335909495747,1,19,7781,61913,41097.67479513284,255,254,111143879.23692806,0.0,1,32,1683.6986155572572,667.8457666233999,19396.47954564743,381.43117831916777,255,3541137097,1514130721,220,0.1297296088842024,0.08228604967909436,0.06265670354374114,97,271,0,30864,1,1,1,1,1,3,0,0,0,5,2,0,tcp,-,FIN
1144,0.0,16,0,46,0,86741.9574912792,255,225,99905485.0225012,0.0,1,0,686.8394760746102,0.0,11527.43453489606,0.0,232,4200311568,2433578083,254,0.16758884664737267,0.0,0.10751257864101205,165,0,0,0,5,1,2,1,1,5,0,0,0,2,3,0,tcp,-,FIN
1145,0.0,25,21,1743,0,65080.129511214705,91,214,0.0,343623.5106236179,6,0,0.0,0.0,0.0,1294.8588014349368,255,4294813520,1512306177,255,0.13602513679778616,0.08754999085336876,0.07743068582596317,121,0,0,0,13,3,5,6,1,17,0,0,0,4,10,0,tcp,-,CON
1146,0.0,23,49,11182,109388,5988.002432385419,234,183,198599064.3836093,0.0,0,0,0.0,0.0,18602.95682100548,5846.859447821451,245,2806297763,1193505095,221,0.16217694850233239,0.03757217464758352,0.11475834841505515,28,231,0,14311,1,0,1,1,1,4,0,0,0,1,6,0,tcp,-,FIN
1147,0.9359831594245687,11,18,46,42721,43712.76681987721,0,34,19244615.69949765,0.0,15,0,538.5429725644643,10.743882399799299,8551.18446169248,8343.449227227466,255,1065513039,1410507703,255,0.008430488338331741,0.008843863100197545,0.0,47,0,0,0,10,1,5,3,1,1,0,0,0,5,4,0,tcp,-,FIN
1148,1.7917020652964448,76,141,2972,98348,10432.777740486723,35,0,0.0,11376003.97319121,5,36,0.0,0.0,7168.001627356519,906.9271000494183,245,1486611896,3509852989,229,0.0,0.0,0.030181435428719955,172,778,0,15743,13,0,2,1,1,1,0,0,0,2,10,0,tcp,-,FIN
1149,1.2692363441004393,38,18,46,29761,0.0,255,229,47790819.73182884,1643360.9784339068,9,10,6780.106305228531,0.0,19552.225086361694,118.42648349071439,255,3707908609,3065518373,177,0.01057532378872239,0.09829389501358024,0.06634638019129606,46,54,0,0,1,1,1,2,1,4,0,0,0,1,2,0,tcp,-,FIN
1150,0.5310543423896953,21,32,12469,0,34290.17897974587,36,0,34476044.94854228,2933362.587151516,3,7,1931.8201192931353,356.7975957283869,7467.5836510300205,0.0,227,833908961,3053689528,226,0.12407991542560204,0.024195910201833613,0.0061621123244366355,66,26,0,2483,19,0,3,5,1,1,0,0,0,7,14,0,tcp,-,FIN
1151,2.1384202972907,92,22,3366,98931,35643.33180379207,22,83,9929808.217217974,8821967.331842786,13,36,0.0,1151.960307291808,0.0,0.0,255,3934459933,3202199669,255,0.0,0.0,0.02604181150345577,99,1074,0,0,1,0,1,2,1,3,0,0,0,4,1,0,tcp,-,FIN
1152,0.0,23,31,1369,82555,19246.926850259864,201,226,0.0,2393525.437259163,2,18,0.0,132.66482649882013,4035.569417682337,0.0,255,2442951764,901283935,210,0.15239227892592594,0.08060251817553435,0.07474683650272235,252,201,0,0,6,1,4,2,1,2,0,0,0,3,4,0,tcp,-,FIN
1153,0.0,1,5,12392,9815,0.0,255,254,0.0,2487803.4144406547,4,18,0.0,0.0,0.0,4196.884932389262,255,4258813369,314098622,255,0.22224649736006472,0.09477424017832711,0.04971720258738275,243,101,0,47315,4,0,1,1,1,3,0,0,0,2,7,0,tcp,-,FIN
1154,0.0,29,0,5269,123412,0.0,85,172,28746106.72204386,0.0,5,0,0.0,1748.0663981342186,19581.0821693659,0.0,255,0,1717037053,255,0.1320005326572357,0.07686176233430278,0.07346908183008671,56,0,1,0,1,1,1,1,1,1,0,0,1,4,1,0,tcp,http,FIN
1155,2.2181549405529335,9,0,46,57759,0.0,72,254,67108864.05037092,1941816.2015778245,5,22,0.0,0.0,0.0,5978.700047563208,219,864713401,0,187,0.2130293027766757,0.18133692905819027,0.05099291182350159,363,154,0,0,8,3,4,3,1,2,0,0,0,1,4,0,tcp,-,CON
1156,0.0,60,198,46,64411,10471.50102078677,36,0,116804789.79534703,14281925.533590935,11,30,2344.1619288258116,0.0,0.0,0.0,115,2383585731,407910717,224,0.0,0.0,0.010364176349438613,195,640,0,0,9,0,3,1,1,1,0,0,0,5,5,0,tcp,-,FIN
1157,0.35458341397573956,46,0,4322,17140,8981.65478411076,145,231,0.0,3682985.387388934,0,0,0.0,0.0,5659.214164748454,0.0,255,0,1204507714,255,0.3497003021176273,0.20424884129447618,0.036845815411131175,286,8,0,2760,2,4,3,1,1,6,0,0,0,2,1,0,tcp,-,CON
1158,0.0,1,0,46,9984,31496.9134018302,223,254,6402226.050005942,6569069.816603078,4,10,1755.2365216367334,1199.9511910636531,0.0,0.0,228,3946718324,1173418211,255,0.19169396102914688,0.0942665392425379,0.09613973340842653,184,58,0,0,3,1,1,1,1,8,0,0,0,2,5,0,tcp,-,FIN
1159,0.8432441771606443,1,0,46,0,0.0,255,254,0.0,0.0,7,9,0.0,502.5441581696125,822.4479561921064,1593.0748683447105,255,4073809191,3936536060,225,0.09148975113369175,0.11398271163096223,0.08786697499489933,28,341,0,21409,4,1,3,1,1,7,0,0,0,4,1,0,tcp,-,FIN
1160,0.5684017966631605,1,9,2938,0,3975.21954728898,218,246,88010625.32825842,0.0,1,30,0.0,465.6225938307159,20846.735311357497,0.0,255,3458416584,1295716244,255,0.15394293899499534,0.10212465790937329,0.03857146186309865,49,17,0,20644,7,0,2,1,1,5,0,0,0,4,2,0,tcp,-,FIN
1161,0.5267274657245508,50,90,46,65035,0.0,86,189,0.0,13320653.647124581,9,0,1532.6650905249885,247.09639725145394,0.0,0.0,255,3011966675,0,239,0.0030701755439537684,0.03386321595799573,0.032446516930348945,158,585,0,0,12,0,1,1,1,1,0,0,0,5,14,0,tcp,-,FIN
1162,0.0,9,46,12396,0,240.8627510544975,92,0,0.0,1050457.7928857126,3,36,0.0,0.0,6637.155542578976,0.0,255,1788231086,3407313154,255,0.015221103638933269,0.0,0.01292384419107981,104,321,0,0,17,0,3,6,1,7,0,0,0,10,14,0,tcp,-,FIN
1163,1.6086378080132753,1,59,3107,27210,47412.325474779114,17,87,5056981.49494601,615524.1874309573,7,7,2559.1797673348988,0.0,12079.13641027342,2062.9343481722008,121,1713854894,1334095572,255,0.025619555141157564,0.0,0.0,28,293,0,0,11,0,6,1,1,1,0,0,0,3,6,0,tcp,-,FIN
1164,3.4497497901853365,1,0,46,1713,48593.47431786125,255,175,0.0,5116971.5836564405,2,0,3847.0229459185625,0.0,0.0,1975.5306528072592,255,2078745683,4294881924,234,0.09903041336265385,0.03289461682165915,0.0858727600636994,175,164,0,0,3,1,1,3,1,1,0,0,0,6,2,0,tcp,-,FIN
1165,2.538108471642891,1,35,46,54109,40280.37085390293,54,17,44146147.41076976,952842.5168813705,1,0,3746.8413334603424,0.0,1012.6938305568757,2302.0574081362843,236,2748196819,0,255,0.04202746429156364,0.0,0.02137067458203522,62,323,0,0,10,0,9,5,1,9,0,0,0,12,11,0,tcp,-,FIN
1166,0.10543539480383846,84,0,46,45523,3582.957470198164,211,184,0.0,0.0,4,0,0.0,297.9828156115233,0.0,0.0,255,4109328150,276917206,232,0.19791063704293407,0.08990843476457086,0.050574040187605654,44,325,0,0,3,2,1,3,1,5,0,0,0,1,5,0,tcp,-,FIN
1167,0.0,134,54,46,91217,0.0,13,42,222842948.144808,3925332.511494425,8,0,781.1921733225469,0.0,0.0,986.7700684631216,255,2777550398,4294881924,255,0.05221683021868669,0.0,0.0,28,790,0,29874,10,0,2,1,1,1,0,0,0,2,3,0,tcp,-,FIN
1168,1.4763575004799006,1,0,8406,0,45650.44366978292,87,32,0.0,0.0,3,21,0.0,675.0829121263498,0.0,6323.401146614061,255,1075515018,1702609579,255,0.046237976753964426,0.0,0.0,182,348,1,11130,3,0,1,1,1,6,0,0,1,2,1,0,tcp,http,FIN
1169,4.728346159760788,1,0,15816,122672,64828.463737131606,107,237,0.0,0.0,8,49,0.0,301.3507934897658,0.0,3906.5449768497015,240,0,912471519,255,0.1561572026160029,0.07601562608498562,0.03538720375596671,134,287,1,1177,3,0,2,2,1,3,0,0,1,1,7,0,tcp,http,FIN
1170,0.0,28,116,8493,40414,64905.58159340107,0,84,82835554.28540963,13777550.983370934,11,0,229.60286376861094,143.821405937361,27739.283986879804,710.3354270396578,205,1855848479,691552677,236,0.0,0.0,0.019073168365625066,55,766,0,0,10,0,3,1,1,4,0,0,0,4,7,0,tcp,-,FIN
1171,1.8329776544047607,32,121,4244,74397,19580.129931519714,24,1,63136529.19132737,8423006.198707554,8,13,0.0,0.0,17277.729627861536,929.3793476785123,232,1705709240,4294881924,247,0.0,0.0,0.0,28,902,0,3820,7,0,3,2,1,1,0,0,0,2,2,0,tcp,-,FIN
1172,1.5654347314205799,5,60,46,0,5861.9541671255265,41,45,85206790.35774957,3240163.2208477575,0,20,1548.6351924249527,0.0,5031.954975333459,0.0,157,0,3511342761,219,0.0,0.0,0.0,399,0,1,0,1,0,2,1,1,1,0,0,1,2,5,0,tcp,http,FIN
1173,1.9123359811907255,1,4,46,0,26229.15169960333,37,254,0.0,0.0,0,0,2189.3818035525674,0.0,24825.477685458583,0.0,223,0,700993563,197,0.30952772807265133,0.29409113763855277,0.12090822103102974,44,134,0,5016,4,3,5,1,1,2,0,0,0,6,1,0,tcp,-,CON
1174,2.5542828933723887,14,58,15375,106349,30409.610520211092,147,0,0.0,1355525.2733400161,12,24,3335.881331155622,822.7393319301844,0.0,205.36478139683638,176,2062093196,0,229,0.0,0.03139147240450725,0.037254692792441424,28,154,0,15283,16,0,10,5,1,10,0,0,0,9,12,0,tcp,-,FIN
1175,0.0,1,0,46,94814,0.0,42,0,216495102.8306533,6391589.277147834,0,0,1323.8861515364729,0.0,0.0,3390.5760760412895,177,592010233,3247212780,255,0.028460705851010754,0.06721575030005014,0.0,204,58,1,18960,6,0,4,2,1,3,0,0,1,1,9,0,tcp,http,FIN
1176,0.0,1,56,17506,30813,0.0,251,254,41558785.20154475,391423.0027817696,4,0,0.0,209.97741496539186,0.0,0.0,255,3306832447,1053850883,255,0.22733306074445248,0.05030501847719306,0.10014255428938804,132,0,0,2709,5,0,1,2,1,7,0,0,0,1,4,0,tcp,-,FIN
1177,0.10837897127890851,20,27,10900,0,117896.5526654265,90,61,19001265.317420367,0.0,5,0,0.0,144.60658645308374,0.0,3653.970381972913,255,0,971567114,255,0.0005380697360096053,0.014161743148597193,0.046329776325162345,28,280,0,10760,16,0,3,5,1,5,0,0,0,9,13,0,tcp,-,FIN
1178,3.094884547500646,20,38,46,42251,0.0,236,254,64821406.898361355,135585.68890997936,1,0,384.0326307484321,0.0,0.0,1725.5709044584175,253,2709311058,3527867410,238,0.11212049141184179,0.054173958786976215,0.07336459494887596,168,85,0,0,1,1,1,1,1,1,0,0,0,2,2,0,tcp,-,FIN
1179,3.2972963581588512,25,31,46,5682,32311.78317315635,255,241,0.0,1250087.866309908,0,0,3843.339402741429,39.44360580904633,33304.23460488784,0.0,228,3925753248,0,227,0.1856076091656192,0.08508541263829832,0.049485579936545024,296,232,0,23805,4,0,2,1,1,10,0,0,0,1,5,0,tcp,-,FIN
1180,0.7357736781479502,1,0,46,0,0.0,172,236,0.0,812459.1320655555,2,26,3859.211981302455,213.87706867642788,0.0,0.0,204,3432672549,2257796159,204,0.2238376386751662,0.012348432580957969,0.04179062617916147,115,0,0,0,5,2,4,2,1,4,0,0,0,1,4,0,tcp,-,FIN
1181,1.9896858470953425,25,0,46,23090,0.0,9,0,0.0,3442688.656243116,0,28,0.0,0.0,10235.961840275037,6333.154839260453,0,977691528,0,0,0.0,0.04568694840354225,0.0,83,90,0,0,1,1,1,2,1,1,0,0,0,1,10,0,udp,dns,CON
1182,0.0,1,0,651,0,0.0,255,254,13434912.844352344,198303.52084922497,2,36,2592.4367591273476,0.0,10340.471237007223,0.0,210,3807793848,2024128074,183,0.16961526893940618,0.009482764651104335,0.09366882423929469,28,0,0,25992,4,0,1,1,1,1,0,0,0,1,3,0,tcp,-,FIN
1183,0.0,19,31,20254,17268,0.0,108,14,0.0,0.0,5,10,0.0,0.0,23746.090390830374,0.0,0,0,362462365,76,0.01854859953541546,0.03125779220027138,0.0,39,87,0,0,3,0,3,1,1,1,0,0,0,2,2,0,udp,dns,CON
1184,0.0,2,37,46,14011,26297.76795568337,0,15,54696515.44460924,1541177.4210694942,0,0,1126.6783802479451,0.0,16676.254461083576,0.0,0,0,0,103,0.0,0.0,0.0,57,228,0,0,1,0,2,1,1,3,0,0,0,4,5,0,udp,dns,CON
1185,0.260617107580544,1,0,2072,41154,18910.130303659615,210,247,95203342.44203576,786091.4821206973,0,0,0.0,0.0,0.0,0.0,255,2386557579,3753615563,147,0.15236482676131397,0.02462825821215065,0.07642637736444736,139,103,0,0,4,1,1,1,1,1,0,0,0,3,1,0,tcp,-,FIN
1186,0.0,7,0,5681,0,72158.8487550081,59,57,93083333.18117169,1567602.1241849773,4,36,630.8613042890345,3.2640756859766897,0.0,2542.367872893132,224,902820823,2199623897,255,0.0,0.0,0.05249701747619588,139,94,0,29252,17,0,3,4,1,6,0,0,0,9,16,0,tcp,-,FIN
1187,2.7918702814520966,20,0,815,49396,1007.6165086565918,31,224,35431849.19261173,0.0,5,41,0.0,134.1661395714313,25465.151467031137,0.0,255,0,1640530227,255,0.1324125685282586,0.05736889762259435,0.03990840555019625,28,157,1,0,1,1,1,1,1,2,0,0,1,1,1,0,tcp,http,FIN
1188,1.9719054142667518,31,0,4036,0,5922.384668751861,241,213,15490211.342735507,3869644.465375567,3,36,0.0,758.2307066932076,31163.50473192648,0.0,255,4105926774,2093022611,255,0.2624701967942864,0.08319682419567292,0.043811610822638694,315,0,0,2152,9,2,3,1,1,1,0,0,1,4,5,0,tcp,-,FIN
1189,0.6421069920181539,6,0,46,0,0.0,255,254,0.0,0.0,6,0,0.0,16.01945942629267,58613.07833460383,0.0,255,2605743011,2480275766,222,0.15517580244344345,0.05680378338380085,0.0621302628640649,28,0,0,0,5,1,2,1,1,3,0,0,0,6,3,0,tcp,-,FIN
1190,0.1334291451904729,90,0,3673,0,0.0,4,0,37416014.74202092,12747191.510608496,2,0,1506.184631446288,0.0,22235.81599730362,0.0,255,2483090427,947341611,255,0.0029762294259765582,0.0,0.0,29,822,0,0,12,1,3,1,1,1,0,0,0,2,9,0,tcp,-,FIN
1191,0.0,50,0,5355,0,22557.367602854232,0,0,0.0,0.0,11,5,0.0,525.0298189449569,0.0,0.0,143,1377185555,804051060,255,0.0,0.0,0.05014210340832994,28,101,0,0,13,0,1,2,1,1,0,0,0,4,7,0,tcp,-,FIN
1192,0.0,9,22,3740,70518,0.0,0,0,0.0,3246378.1972841923,4,4,0.0,779.0833028826405,0.0,891.6229516925899,228,2081616644,91328811,255,0.0,0.0,0.0,28,269,0,20188,6,0,11,6,1,12,0,0,0,12,16,0,tcp,-,FIN
1193,0.0,37,0,5370,0,0.0,31,89,0.0,3330399.9869202776,4,41,2300.7007996402467,0.0,0.0,1124.3431505325539,255,3104105031,166960635,214,0.018844209027651795,0.028641888111427947,0.02729124368975256,292,220,0,1131,8,1,11,6,1,12,0,0,0,12,15,0,tcp,-,FIN
1194,1.5673107023096078,55,0,11526,0,132869.1431021788,162,0,804818819.3669559,1240951.9783682986,0,5,2893.366682304087,0.0,0.0,3981.9904630056776,28,548822575,0,0,0.0055201962286606145,0.05088901684099257,0.07606526751863898,870,137,0,21240,7,3,1,2,1,1,0,0,0,1,1,0,udp,-,INT
1195,0.8107773632413555,66,72,7873,95299,0.0,16,1,0.0,1802368.0421528239,0,5,0.0,0.0,0.0,4405.569896720697,255,0,2980659859,255,0.0,0.0,0.051381267874584816,49,617,1,30915,4,0,1,1,1,4,0,0,1,1,1,0,tcp,http,FIN
1196,0.0,1,0,1465,0,12577.991893681254,0,250,0.0,0.0,0,3,0.0,0.0,15194.636719641581,369.4266805344544,255,3331702732,968939175,201,0.14437724439523936,0.09336179491350599,0.05776588221433081,216,0,0,628,13,3,6,5,1,12,0,0,0,4,12,0,tcp,-,CON
1197,2.8617696443404057,1,0,46,0,13924.028506943203,143,222,0.0,0.0,0,11,0.0,1055.0358412939354,23586.642895377012,444.30384546004586,255,4294813520,2270539516,255,0.07891629269132612,0.07939726056715127,0.049462285385013016,116,19,0,0,15,2,5,5,1,12,0,0,0,6,16,0,tcp,-,CON
1198,3.7574730420887787,47,54,46,0,7983.690316337717,168,232,0.0,0.0,4,16,592.7265347345108,0.0,55638.213715221085,0.0,241,885033098,995882602,136,0.2636514909446266,0.27103609611598695,0.04045191542306391,182,143,0,7928,6,3,1,4,1,3,0,0,0,2,1,0,tcp,-,CON
1199,2.4008073708651514,1,0,46,56662,0.0,0,34,59231426.231165804,2383998.589651228,0,0,1733.3166150751465,283.842425760158,70127.5029323298,2526.369751937892,0,0,224830035,0,0.05304875839450693,0.042350268987348116,0.003678578832056709,218,0,0,11985,1,0,6,2,1,1,0,0,0,1,1,0,udp,dns,CON
1200,1.6721567518486427,1,0,2751,57975,52936.30793712386,255,231,51582143.472822696,1771993.395646096,0,0,0.0,326.0294173759132,8445.1373990193,4828.585808607506,229,3948065031,1868991990,221,0.1486680560031919,0.02304696282125355,0.05097935713193489,132,250,0,0,7,1,1,2,1,7,0,0,0,1,8,0,tcp,-,FIN
1201,0.7083671432062288,1,61,46,50195,0.0,15,230,76232069.6673682,0.0,0,34,0.0,0.0,0.0,66.00018162171257,233,3707316729,2624688273,236,0.09141216740334808,0.07398424283541302,0.1283233870135581,116,0,0,4962,8,5,6,6,1,13,0,0,0,8,10,0,tcp,-,CON
1202,0.3252206813006978,18,0,46,36537,0.0,47,201,17812766.53548046,0.0,0,0,0.0,0.0,0.0,0.0,223,0,580346015,255,0.23939331545720688,0.26006631547996617,0.052426143489101,152,30,0,0,2,4,6,3,1,1,0,0,0,1,2,0,tcp,-,CON
1203,1.4122636019449724,9,74,46,15158,32180.59611731421,120,0,0.0,2335972.257786679,2,44,0.0,1046.748844005353,0.0,11834.297917210099,205,0,2114682689,255,0.0,0.030774776974252276,0.0019083241144745033,186,553,1,0,3,0,1,1,1,1,0,0,1,2,6,0,tcp,http,FIN
1204,1.390749085655516,1,24,46,0,30963.8606796368,39,254,0.0,371201.7771694001,1,0,5419.005679996316,643.7719388444211,55072.67107152166,1208.626737318732,255,4294813520,2295827864,255,0.09772158530924183,0.0941614565506449,0.07101276001905968,228,37,0,0,13,3,3,5,1,8,0,0,0,4,13,0,tcp,-,CON
1205,1.4230444943018816,1,0,46,0,0.0,17,44,45162488.59884137,0.0,8,0,284.53348247002526,1621.687036151757,0.0,0.0,255,970274784,2687564661,255,0.05132670111497468,0.0,0.0,98,0,0,0,16,0,5,5,1,2,0,0,0,12,15,0,tcp,-,FIN
1206,0.9183737357639963,1,43,46,89115,2206.965068624582,0,0,58392333.51109765,0.0,9,27,1676.0189152834994,0.0,36863.89768629792,0.0,255,784030107,2893105452,245,0.0,0.02422497089560286,0.02996883265056295,133,115,0,26392,12,0,5,4,1,3,0,0,0,5,15,0,tcp,-,FIN
1207,0.0,24,66,46,84231,46525.68941252975,87,67,0.0,15589580.883509822,15,18,2841.521941191444,334.83011288176107,0.0,0.0,237,1254333101,1995775957,255,0.07193534930603336,0.0,0.014614799766805601,99,740,0,0,9,1,4,1,1,1,0,0,0,1,10,0,tcp,-,FIN
1208,2.3071379716417195,79,70,46,0,55922.999464384615,0,67,0.0,0.0,0,0,0.0,0.0,0.0,0.0,255,533891834,2130652348,255,0.0,0.0,0.0,87,0,0,24040,17,0,7,4,1,5,0,0,0,8,13,0,tcp,-,FIN
1209,0.5594101456715648,92,58,46,82583,24252.56805762778,9,78,0.0,1991934.24121971,4,46,261.38989113963913,0.0,0.0,0.0,255,1825927391,3195977141,238,0.07700323528800736,0.053504756228994386,0.011953539988032929,28,726,0,2754,5,0,4,1,1,1,0,0,0,2,6,0,tcp,-,FIN
1210,0.0,30,4,3537,0,31384.571206083474,60,254,11034870.414407335,0.0,5,3,681.0102528206104,0.0,25800.64846440939,0.0,253,3373714883,2348822700,247,0.12078169015897133,0.10546113503343463,0.060717142950611445,239,183,0,0,10,3,6,6,1,12,0,0,0,7,10,0,tcp,-,CON
1211,1.1676090492916105,109,123,12788,0,27483.997029433012,0,61,75275250.94227442,1850888.747752872,28,27,1572.2575198215102,0.0,18440.09166917439,2662.139040213009,249,2627006388,1644367174,236,0.0,0.056209804532430886,0.0004638642471315439,94,231,0,4010,4,0,1,2,1,4,0,0,0,4,11,0,tcp,-,FIN
1212,0.9768680784462911,1,38,46,12133,0.0,104,254,53295623.48646135,0.0,5,0,0.0,0.0,0.0,0.0,244,407003683,347337355,255,0.2835848222145219,0.22456078303837948,0.048908180414247486,28,90,0,0,4,2,4,2,1,1,0,0,0,2,3,0,tcp,-,CON
1213,0.0,1,0,46,0,0.0,255,237,0.0,3252793.2857240955,3,0,2747.200053578115,0.0,27821.022496578684,358.0835151952076,255,3537148268,2915044441,201,0.25567773646165004,0.022291237714364295,0.06964289106212466,28,0,0,12761,6,0,1,1,1,3,0,0,0,4,5,0,tcp,-,FIN
1214,0.0,1,70,5150,0,0.0,0,0,84136809.1982687,79569.43458225043,10,0,2850.716645245912,257.42436440533044,20844.56012093481,2679.2080152421154,255,876642077,2685147245,211,0.0,0.0,0.013137031281970916,47,203,0,0,17,0,5,5,1,6,0,0,0,8,14,0,tcp,-,FIN
1215,0.0,1,42,46,0,42628.263901302365,134,0,0.0,0.0,7,63,0.0,0.0,0.0,6872.953087398676,215,0,2266187069,134,0.12313661353792131,0.0686302594405048,0.0,112,377,1,21899,6,0,1,2,1,1,0,0,1,2,1,0,tcp,http,FIN
1216,0.0,72,59,2559,0,42563.31808741265,0,117,0.0,803478.8216795396,34,26,1966.8003970289342,0.0,0.0,0.0,213,3310444186,2141502877,233,0.051804974603726836,0.0,0.009260620657348393,186,99,0,30131,6,1,1,1,1,2,0,0,0,4,8,0,tcp,-,FIN
1217,1.137414260944628,1,64,8182,0,10520.334548860406,94,118,68776166.66050585,0.0,0,0,1005.162349772486,318.4758214248896,0.0,2613.0608739819236,17,0,1259576745,59,0.0,0.0,0.0,398,0,0,0,2,0,9,1,1,2,0,0,0,3,3,0,udp,dns,CON
1218,0.0,1,120,6473,0,0.0,255,206,77027349.00940606,0.0,2,0,6925.317529457302,564.5776763557303,26324.90365879608,0.0,255,2427803100,4144090722,247,0.0651509451316084,0.09943372294011436,0.10233069647146595,28,20,0,0,7,0,2,1,1,2,0,0,0,6,1,0,tcp,-,FIN
1219,0.18585056419674387,38,51,6078,0,156642.91262006504,229,0,820215570.5975361,0.0,0,42,2314.4722931654837,1912.0363917813206,0.0,4930.777405858438,0,0,165289125,0,0.011357594387870271,0.002827643261074915,0.0,1050,0,0,0,3,2,1,1,1,1,0,0,0,3,2,0,udp,-,INT
1220,1.6077224826233827,5,75,7203,44214,4749.840695543631,42,236,0.0,0.0,0,0,1025.1322415080585,52.28710135610825,26397.82094542866,2791.675932842332,194,4294813520,3247252255,255,0.13577201920404874,0.0535881384762661,0.012927795506468859,171,161,0,45364,12,3,7,5,1,14,0,0,0,7,9,0,tcp,-,CON
1221,0.0,119,90,46,75437,25195.890942729526,29,90,5997632.711390766,3654209.9705370218,13,45,0.0,405.4191020148975,0.0,1563.2637503771564,255,1742144449,4123874693,199,0.0,0.02704483779831922,0.0,40,997,0,0,5,0,2,1,1,2,0,0,0,1,5,0,tcp,-,FIN
1222,1.5501023528138538,13,0,9223,39282,0.0,41,0,0.0,0.0,3,0,0.0,0.0,0.0,626.414202434902,56,154062787,0,1,0.0,0.0,0.0074592966494585015,120,0,0,0,3,1,3,1,1,2,0,0,0,1,4,0,udp,dns,CON
1223,3.3434640356457974,32,0,3167,0,0.0,209,153,72391979.66220044,876443.0849806403,1,0,1429.8160946069836,1099.63418432195,0.0,3256.795937122717,147,2839594667,2040188118,255,0.23574996904251097,0.08403330229818234,0.06908697209263318,68,215,0,47089,4,1,1,1,1,1,0,0,0,2,4,0,tcp,-,FIN
1224,1.8478818942918458,59,99,11651,26506,42203.58487690988,19,138,0.0,3217766.336637693,12,17,0.0,0.0,3653.7152930252446,788.3672263376558,255,1023090777,3453061732,255,0.009753174164293232,0.0,0.024739805393376713,28,780,0,0,7,0,1,2,1,1,0,0,0,3,2,0,tcp,-,FIN
1225,1.2125010208332994,62,20,5558,40106,0.0,0,45,0.0,11516818.725265022,4,26,4194.23305671025,0.0,18674.855424006957,0.0,244,1139811218,3207802924,255,0.028525789481663583,0.0,0.0,65,641,0,0,13,0,3,1,1,1,0,0,0,6,7,0,tcp,-,FIN
1226,2.475409182530777,142,79,8145,0,0.0,0,52,0.0,0.0,23,11,0.0,120.75698367589331,37465.63053980541,136.9683584427873,255,4029542096,1457079312,255,0.007671834023178878,0.0,0.0,121,24,0,0,3,0,1,1,1,4,0,0,0,3,4,0,tcp,-,FIN
1227,0.9861786758452347,6,21,71,40892,15721.505420673244,0,19,0.0,0.0,10,12,0.0,302.5041919256404,5281.254292745692,2104.372929590788,255,2148679425,93978603,255,0.003292784173088276,0.04748703318901819,0.0,134,296,0,3010,12,0,1,1,1,1,0,0,0,2,10,0,tcp,-,FIN
1228,1.7047977697061714,31,49,4006,0,56550.58210440843,0,52,0.0,4635912.35210448,0,45,2583.4776284885356,632.6942561579423,0.0,0.0,255,0,1942105549,215,0.12801195051900946,0.0,0.051168160862088335,115,191,0,962,16,0,6,7,1,9,0,0,0,9,21,0,tcp,-,FIN
1229,0.0,38,0,46,66579,37210.16165071466,10,0,0.0,255150.5562751696,5,10,0.0,0.0,14905.700904361223,7696.587241698389,255,16677067,1250580553,236,0.03462691377917827,0.0,0.0,28,383,0,0,13,0,4,1,1,3,0,0,0,5,10,0,tcp,-,FIN
1230,0.0,51,45,9755,34523,66319.84319103385,52,0,63438367.89780045,8652303.405460639,8,0,473.62331012754987,599.9384850720453,0.0,0.0,255,3880228384,4294881924,255,0.15623720522430207,0.00930365170624778,0.07486986685811456,345,858,0,0,4,1,3,1,1,2,0,0,0,4,1,0,tcp,-,FIN
1231,0.9432108794744022,53,163,46,151934,32564.279566612106,37,34,33511768.413058028,3714110.757023427,9,16,0.0,0.0,0.0,1653.0332838409397,180,2546178000,3934440813,255,0.046687680835980926,0.0,0.05958177992337619,95,467,0,1116,10,1,1,1,1,4,0,0,0,1,1,0,tcp,-,FIN
1232,0.050003123569765995,1,0,46,0,33936.646016291335,128,0,33197155.04386834,3720651.329496607,9,0,0.0,123.70852902500857,2951.8032688185763,3766.641436952239,145,1355336619,1273071036,255,0.0,0.0,0.0,164,113,0,27827,10,0,2,2,1,1,0,0,0,5,2,0,tcp,-,FIN
1233,4.986522064586565,4,46,13864,0,0.0,0,14,115175757.80751082,0.0,2,0,1767.020579338258,0.0,12701.842511172934,1672.1235052133568,48,484871664,0,0,0.0735663872268424,0.02419903034576843,0.028756212055166916,28,325,0,7005,1,0,3,2,1,1,0,0,0,1,6,0,udp,dns,CON
1234,0.0,15,0,46,25918,0.0,85,234,0.0,0.0,4,5,0.0,0.0,0.0,0.0,255,0,0,250,0.29309034525580285,0.2393044166202335,0.05148000546256469,185,0,0,0,1,3,1,2,1,6,0,0,0,5,9,0,tcp,-,CON
1235,0.0,100,154,6213,94465,64003.70469939906,31,14,0.0,2312130.3844310013,27,39,0.0,1819.4280994053229,13620.348815725163,1527.5778499289906,211,2864714197,1084845237,255,0.09091548898207301,0.012640586340771873,0.006231103357804892,82,0,0,0,5,0,1,2,1,1,0,0,0,2,9,0,tcp,-,FIN
1236,0.6438680517281716,11,62,46,113283,0.0,255,224,39738129.38690444,0.0,3,42,64.77303456024119,221.13053071523774,11857.639102233923,0.0,240,973100057,3795861505,255,0.08204206258387677,0.017485905493469386,0.020577590837218433,28,115,0,16178,6,1,2,1,1,1,0,0,0,1,2,0,tcp,-,FIN
1237,1.6502469002779814,18,38,4294,2805,70376.67844846728,255,0,769811455.7007412,0.0,0,0,0.0,0.0,13212.749370637497,0.0,0,0,164327108,0,0.0,0.05363936343543963,0.0,946,82,0,35313,1,2,2,2,1,1,0,0,0,2,1,0,udp,-,INT
1238,0.0,19,46,46,124621,3466.8533640949026,246,0,639243247.5608828,0.0,6,0,1939.1095673824177,313.3277423027635,19985.186704406067,0.0,0,0,0,0,0.006040527121373647,0.0,0.08320779727881543,944,0,0,0,1,2,1,1,1,1,0,0,0,1,1,0,udp,-,INT
1239,0.0,51,0,46,0,44523.610693122675,39,36,0.0,5262780.4324985035,0,29,1187.0306755481288,0.0,0.0,0.0,255,1544419929,2577129602,255,0.08748801811051074,0.05079691381774646,0.0,71,43,1,23500,3,1,1,1,1,7,0,0,1,4,5,0,tcp,http,FIN
1240,0.05347437703803515,57,81,7621,78821,0.0,0,14,43386912.320115395,4129029.204758451,5,36,0.0,0.0,0.0,0.0,255,2207216796,2173433094,255,0.0,0.0,0.024445550783111853,28,48,0,0,14,0,4,1,1,3,0,0,0,5,7,0,tcp,-,FIN
1241,0.0,1,0,46,0,0.0,61,0,22730862.76253589,1469539.5645982374,0,10,0.0,0.0,0.0,0.0,243,2679509498,821862977,255,0.034868691606427284,0.0,0.006505652325552732,100,173,0,0,6,0,10,6,1,9,0,0,0,9,13,0,tcp,-,FIN
1242,0.0,48,13,7335,28494,132376.43984055007,162,3,799958392.3976438,381279.85371342715,0,0,3052.1453004259542,0.0,0.0,0.0,144,0,0,25,0.0,0.053512475588382735,0.0,1161,9,0,0,1,3,3,1,1,1,0,0,0,2,3,0,udp,-,INT
1243,2.2027482023975398,33,63,8481,0,0.0,69,14,0.0,16167819.299592884,7,33,0.0,0.0,0.0,1408.143992521106,177,1330225087,2483532791,189,0.05655655096195268,0.0,0.03840119804297376,75,465,0,28043,12,0,4,2,1,2,0,0,0,4,11,0,tcp,-,FIN
1244,4.517466115137483,51,49,9006,0,51712.86241864268,30,6,0.0,926684.2551575245,4,1,4596.21413350495,0.0,0.0,0.0,255,2424110337,592555314,255,0.0,0.0,0.0,28,179,0,30548,14,0,5,3,1,4,0,0,0,5,5,0,tcp,-,FIN
1245,0.0,18,35,2484,33290,0.0,7,0,0.0,1251665.1893293993,9,0,0.0,562.6149851422796,11900.350079282582,0.0,198,448319507,2265722536,255,0.016446781769992976,0.0,0.001912554609167517,28,0,0,0,17,0,5,5,1,6,0,0,0,10,12,0,tcp,-,FIN
1246,0.0,55,25,25696,0,0.0,20,63,70025718.31066932,6485628.183803747,8,40,657.2716607786718,976.811605053012,10525.380830211585,0.0,246,4294813520,4051128186,240,0.0,0.010377248618090048,0.009972227289413525,28,1073,0,0,2,0,1,2,1,1,0,0,0,3,2,0,tcp,-,FIN
1247,0.0,1,0,8623,30596,0.0,23,0,83929889.05346477,0.0,2,25,1643.5155225914027,488.08770804307807,813.3333260842721,0.0,255,2233472887,836999052,255,0.0,0.050894074943664956,0.03858296945868719,28,231,0,0,12,0,9,6,1,7,0,0,0,11,14,0,tcp,-,FIN
1248,2.941366573772327,1,47,3168,61554,0.0,126,254,0.0,964216.7200033721,1,35,0.0,0.0,0.0,0.0,255,3540381679,2225931330,255,0.0159129918360586,0.05710803350145226,0.05398404310854269,195,24,0,16017,12,3,4,4,1,11,0,0,0,1,10,0,tcp,-,CON
1249,0.12960096697526935,1,15,46,0,0.0,255,211,121670098.53324021,272460.8199419301,7,0,872.5146662967029,156.21871053998876,22785.1141403491,3184.599940944106,241,2629251795,2256946253,255,0.06725833157118286,0.10575165146844334,0.14568791564987596,190,58,0,0,2,2,2,1,1,4,0,0,0,3,4,0,tcp,-,FIN
1250,1.5571135105488763,43,69,404,0,0.0,255,232,0.0,2851367.406824387,9,8,0.0,864.726675192742,20678.977458411628,227.82978618219934,235,2393425970,1159796569,255,0.14631416337117173,0.08036228810578416,0.04696333413836207,28,214,0,0,1,1,1,2,1,4,0,0,0,2,9,0,tcp,-,FIN
1251,0.0,58,16,11120,0,0.0,3,87,0.0,173277.34846484335,0,10,4880.114570793074,613.9716828607211,25341.925612894323,2.379730540070445,240,4192965743,1889462920,255,0.027115565271552598,0.0,0.0,104,64,0,4303,8,1,11,5,1,12,0,0,0,11,14,0,tcp,-,FIN
1252,4.640515368074295,1,0,13062,0,58477.005057993236,62,56,0.0,0.0,0,7,620.9563483097718,448.5548020317142,0.0,4779.798692416916,196,309750996,1965511102,173,0.11031185005062469,0.0281868787629593,0.039059102015150726,88,683,1,0,8,0,3,2,1,4,0,0,1,3,2,0,tcp,http,FIN
1253,0.26212463829983224,22,61,13225,0,0.0,255,254,0.0,0.0,6,7,0.0,0.0,85793.29879099684,0.0,255,4294813520,0,255,0.1256417467628083,0.1298184263202448,0.04663125709655878,171,288,0,11718,4,2,1,1,1,6,0,0,0,3,7,0,tcp,-,FIN
1254,1.0309593469120188,1,0,5808,7191,0.0,208,254,85307201.39786974,0.0,3,2,681.816703073104,878.7015845642162,7662.483159859057,0.0,255,2209415024,2268935153,255,0.08435452593410203,0.04654569078457179,0.07327405078604304,72,0,0,0,1,1,1,1,1,3,0,0,0,5,2,0,tcp,-,FIN
1255,0.0,1,19,46,0,0.0,0,254,102078749.61279011,0.0,0,6,2951.663475715007,1016.0735072116696,0.0,1366.3190501762197,255,3061511079,1699371348,255,0.05126315412349529,0.04193608860271231,0.03721722829059347,97,300,0,7085,11,3,4,5,1,9,0,0,0,4,15,0,tcp,-,CON
1256,0.0,43,0,5192,117853,16734.050537080933,28,0,86079215.18519762,2390353.5287873624,9,24,1017.7593509801331,627.9573733604861,54584.95856793046,2821.646469104444,251,2115269091,1767164774,255,0.051332907782794875,0.0,0.0,28,392,0,0,12,0,1,1,1,1,0,0,0,5,5,0,tcp,-,FIN
1257,0.15474277614457663,83,170,46,31098,0.0,71,13,40413561.511891864,3075895.0554161277,3,65,475.6245161625259,2224.808773789563,17080.77737480317,0.0,245,954432820,3543681104,246,0.0344509171315746,0.015175666537379087,0.0,28,968,0,0,8,0,4,1,1,1,0,0,0,3,6,0,tcp,-,FIN
1258,0.2209799163113883,64,0,46,95999,0.0,0,18,129278096.33930378,0.0,9,0,0.0,566.4104440119149,4666.775399340051,124.49720833708216,255,357875605,3310725891,224,0.027045104008573545,0.0,0.02498195758657968,103,22,0,20938,19,0,5,5,1,6,0,0,0,4,17,0,tcp,-,FIN
1259,1.7469060453966192,47,45,5220,0,78954.78117076942,0,90,0.0,14994394.175402854,9,20,2984.21219698767,867.0161713567476,7374.902120827755,0.0,255,2781899088,311654708,163,0.0211800766854081,0.01899705603380893,0.0,168,844,0,22089,7,0,2,1,1,1,0,0,0,2,10,0,tcp,-,FIN
1260,0.0,37,11,4048,5203,6916.648664849897,255,227,95321136.15043017,3780825.8352196217,0,0,971.493066085751,599.1651309593669,32389.462893576303,3482.645281120026,255,2732465491,3308251388,240,0.12206595663685683,0.07754796038305131,0.07708780026224436,125,7,0,0,5,1,1,2,1,3,0,0,0,2,2,0,tcp,-,FIN
1261,0.0,5,0,8106,80228,103189.89013961636,255,13,763712047.4073948,0.0,0,0,0.0,0.0,5729.035195370009,0.0,20,0,0,29,0.08034790254578342,0.012374077683836813,0.0,1170,0,0,5768,5,2,1,3,1,2,0,0,0,4,5,0,udp,-,INT
1262,0.0,32,25,4165,77959,0.0,132,254,16944365.208435565,0.0,0,0,931.8452998135833,0.0,0.0,0.0,255,224897753,606010568,255,0.06613512867293607,0.049836596164733744,0.07913492810117617,28,238,1,9427,1,0,3,1,1,3,0,0,1,3,1,0,tcp,http,FIN
1263,1.0123498340912311,110,208,11386,0,0.0,0,87,0.0,0.0,31,33,3598.4745586583917,0.0,15.237633982163516,1149.1263641098972,232,2595254754,1192766428,177,0.0,0.0,0.0,150,0,0,9889,7,0,4,1,1,1,0,0,0,1,6,0,tcp,-,FIN
1264,0.0,9,0,46,37908,0.0,255,245,27461546.272117894,0.0,1,12,1913.5514289172825,0.0,23694.24136724532,0.0,244,3256487979,2862803100,255,0.08402967123195498,0.08387388387502749,0.07642484018209823,28,0,0,36270,4,1,1,2,1,4,0,0,0,3,4,0,tcp,-,FIN
1265,0.0,45,70,2253,60929,17298.0150494153,0,71,94159986.3834275,15646831.99012359,2,14,5084.236114406462,0.0,0.0,0.0,255,1469803270,3085189866,201,0.0,0.03002559041156888,0.0,134,596,0,8761,17,0,5,1,1,1,0,0,0,5,14,0,tcp,-,FIN
1266,0.0,1,0,46,0,62845.62770505513,0,166,0.0,1120793.4596885883,0,1,2285.691958624692,0.0,0.0,0.0,255,4146070359,2158070007,248,0.08377116378149951,0.1489163192944481,0.03871009416688711,331,0,0,0,8,3,5,7,1,10,0,0,0,6,10,0,tcp,-,CON
1267,0.5573714703176098,34,8,46,42325,0.0,251,171,63998467.59942902,0.0,7,13,0.0,86.99226380320455,1967.7849950614232,1558.3371664088602,239,3361574004,1940989880,223,0.12555494080978316,0.04561406009181978,0.13456365313179336,117,159,0,8994,5,0,4,2,1,5,0,0,0,1,5,0,tcp,-,FIN
1268,0.0,34,2,6515,127943,0.0,0,0,0.0,0.0,5,38,3257.637392894334,900.918212154277,19705.047795561364,3146.3226244776383,198,4081229612,0,255,0.0,0.0,0.0,265,55,0,0,10,2,8,7,1,13,0,0,0,10,14,0,tcp,-,FIN
1269,0.0,64,8,46,64355,2737.324314513294,29,68,0.0,19301909.618672702,7,8,0.0,0.0,29004.295208890362,0.0,244,134412880,2970112650,255,0.0,0.0,0.013510716041213329,28,850,0,0,12,1,3,1,1,1,0,0,0,3,10,0,tcp,-,FIN
1270,1.395400117503005,58,65,6916,38962,36413.42082852141,250,254,0.0,0.0,6,0,3542.9554081584365,758.18143865756,0.0,0.0,218,2665756968,1154413118,255,0.06763724471281711,0.06472748797757483,0.11234261494447298,52,18,0,25637,3,2,1,1,1,1,0,0,0,2,2,0,tcp,-,FIN
1271,2.86103038435302,50,0,7978,45848,0.0,244,254,127309022.47284989,0.0,0,0,2352.7164527609475,317.7932927698839,0.0,1988.6059859179295,255,2621309083,2185983389,255,0.1653212897139346,0.09546867486220427,0.06823260646572685,28,0,0,11227,5,2,2,2,1,1,0,0,0,1,3,0,tcp,-,FIN
1272,2.264231038281027,1,0,46,0,10123.56895278419,213,218,0.0,68918.70365274983,3,46,4405.465696289427,399.6418924207212,1923.0535115005246,721.7922383667892,255,2495838037,2809039177,255,0.09314324822135334,0.09856440541899245,0.1363925151656575,57,0,0,0,3,1,1,1,1,2,0,0,0,1,1,0,tcp,-,FIN
1273,2.216828552763984,12,0,6003,31209,110286.16088837941,255,0,778891899.8739884,1668584.385960079,10,0,1143.7871820672929,0.0,0.0,439.5314153682978,0,782286787,0,0,0.09529795586452927,0.055127947302544035,0.015371970811850615,1046,6,0,0,9,2,2,1,1,6,0,0,0,1,5,0,udp,-,INT
1274,2.4689819143770473,1,0,46,0,83363.50329763468,15,23,0.0,383252.2178642744,9,19,740.3671977858713,1581.0604616986466,0.0,3139.5022173770476,198,3039778395,0,255,0.05658278908799847,0.013992534555220789,0.0,99,98,0,15925,8,1,11,6,1,11,0,0,0,12,17,0,tcp,-,FIN
1275,0.0,23,0,46,0,35183.294834277534,85,101,0.0,234440.37545524223,5,34,3208.351543164041,0.0,0.0,0.0,213,1120083152,931330373,255,0.004850006257929097,0.0,0.02083694792792998,39,296,0,0,12,1,5,2,1,1,0,0,0,5,3,0,tcp,-,FIN
1276,3.7889748316330185,50,117,4754,204079,0.0,22,114,0.0,8545349.156004993,5,0,0.0,0.0,17459.076213032567,0.0,225,4192551685,3098887726,255,0.034383177791960755,0.008953539527184773,0.0,28,855,0,0,5,0,1,1,1,1,0,0,0,6,1,0,tcp,-,FIN
1277,1.5103293937449067,53,0,46,0,0.0,0,69,132928147.13476701,7732033.531694006,0,12,104.61303749187081,89.29269645919976,0.0,0.0,246,938240644,3097806788,255,0.05144535549480307,0.0,0.0,167,409,1,56024,4,0,3,1,1,7,0,0,1,2,5,0,tcp,http,FIN
1278,0.0,26,0,46,0,8118.274596773404,0,46,0.0,0.0,8,18,0.0,299.5505224057806,0.0,0.0,255,1608526676,2833439840,166,0.0,0.0,0.03575667094770912,80,162,0,0,21,0,6,3,1,4,0,0,0,8,12,0,tcp,-,FIN
1279,0.0,1,0,14254,78245,0.0,54,254,0.0,0.0,5,0,0.0,169.8730210930004,0.0,0.0,203,4294813520,405205469,255,0.11759908842852,0.05229818480138512,0.08101955205088515,47,0,0,22757,12,3,6,5,1,11,0,0,0,5,11,0,tcp,-,CON
1280,1.0736923312312348,155,215,46,0,0.0,0,16,86693203.01402271,0.0,28,17,0.0,0.0,0.0,0.0,255,2786962051,578038498,240,0.06449968187788134,0.01676471207797132,0.03423890881227035,28,0,0,31538,4,1,1,2,1,1,0,0,0,4,7,0,tcp,-,FIN
1281,1.8924532409001762,1,41,3558,0,0.0,0,232,0.0,1318658.6121822407,0,0,435.81247837924013,397.5905491825121,3031.519306998166,1024.3399249103086,204,4294813520,2201341182,217,0.1972252075806299,0.08267097787947125,0.0,104,127,0,0,10,3,6,4,1,14,0,0,0,4,10,0,tcp,-,CON
1282,0.0,29,58,46,164582,0.0,57,23,9340072.525862217,8794739.506833745,2,28,1856.9996914206931,456.27877992462743,2577.5444698156393,0.0,179,0,2951936140,254,0.0,0.0,0.01341221837452053,28,770,0,5599,6,0,3,1,1,1,0,0,0,1,8,0,tcp,-,FIN
1283,0.0,70,117,9058,35268,0.0,0,0,36341554.86305659,14434599.018548682,9,11,3841.3939053770937,0.0,22962.288133252696,0.0,255,1039171978,3768361831,255,0.13651037605970323,0.0,0.047341551262882905,28,740,0,43274,17,0,1,1,1,3,0,0,0,5,8,0,tcp,-,FIN
1284,1.7741926808977706,24,0,3924,0,0.0,100,20,0.0,1241060.6621366448,6,0,0.0,1395.863970320786,0.0,273.8435900157865,255,1878047408,1844839107,220,0.0,0.0028687941352796707,0.0,44,320,0,9659,8,1,3,1,1,4,0,0,0,5,7,0,tcp,-,FIN
1285,0.0,15,62,3600,37713,0.0,39,0,0.0,0.0,5,0,0.0,333.9235110639811,2822.522751044938,0.0,245,1023782086,2630090317,255,0.0,0.017274058897558935,0.008165632290082409,117,226,1,49803,1,0,5,2,1,4,0,0,1,4,3,0,tcp,http,FIN
1286,1.6920765219064207,1,0,46,0,0.0,29,80,86489436.81677742,195956.89911473694,3,33,0.0,0.0,17171.536148520718,3062.5275919704545,255,423009059,1811029992,245,0.10253645359269513,0.02638207389749441,0.0,64,429,1,0,5,0,1,1,1,2,0,0,1,6,2,0,tcp,http,FIN
1287,0.8787440892196745,9,63,46,105660,20105.653876143755,11,254,9349376.480070854,0.0,6,0,3870.253855413346,1042.2128042880017,0.0,2874.1863305301868,255,794282342,0,255,0.1551743283988699,0.038540301532845295,0.08053517447228623,305,299,1,37990,1,1,1,2,1,1,0,0,1,5,3,0,tcp,http,FIN
1288,0.0,71,0,7768,0,2323.2123724869575,69,101,0.0,2886497.179732359,5,0,0.0,0.0,5038.175440592817,2609.743414175356,255,895576495,2839356599,255,0.011544568849978757,0.0,0.0,28,141,0,350,14,0,6,5,1,4,0,0,0,10,13,0,tcp,-,FIN
1289,3.5592900593205106,39,0,13434,72929,1963.2222466452429,31,0,63213088.854928955,0.0,7,33,1241.9257156705173,0.0,5895.848770866213,3166.7830559590057,185,3595083279,1857882510,255,0.048485478701472434,0.0,0.026440412213947214,219,0,0,0,13,0,10,5,1,8,0,0,0,10,13,0,tcp,-,FIN
1290,0.6769759146670413,15,0,3760,120681,0.0,220,254,161616008.72950634,0.0,0,0,822.462833582341,0.0,354.4254014543799,0.0,120,2998675751,3795679383,255,0.10398066880006704,0.031115957798592567,0.07165567202982362,36,20,0,13453,1,1,1,1,1,1,0,0,0,3,1,0,tcp,-,FIN
1291,0.0,54,82,46,0,0.0,41,0,96428057.69655226,7804296.648886336,2,18,2558.5759777361036,0.0,0.0,535.0980111180536,209,3610638743,3716567350,255,0.0,0.0,0.08254654156219934,28,919,0,0,3,1,1,1,1,1,0,0,0,5,1,0,tcp,-,FIN
1292,0.09673580259899908,1,0,4315,0,145354.67812497343,171,0,908468475.6065358,0.0,0,0,0.0,606.7122819061713,0.0,0.0,99,0,0,0,0.0,0.0,0.013842226516058759,1079,0,0,0,7,2,3,3,1,3,0,0,0,1,1,0,udp,-,INT
1293,0.0,1,90,19918,76389,81332.59266854062,0,0,0.0,12506516.882723644,11,29,1483.227917934115,581.4496127728992,0.0,0.0,255,3163276134,911909554,138,0.0,0.04558091284678324,0.07013037586036044,28,854,0,10198,6,0,3,1,1,1,0,0,0,2,8,0,tcp,-,FIN
1294,0.71940875075857,9,0,2726,0,137840.42545400464,199,66,761162301.458551,106610.02232224094,7,0,4205.658236730963,1231.915548914735,7386.822090611379,0.0,0,367203500,0,29,0.0,0.04978874643689902,0.02217993812943333,937,226,0,0,1,2,5,1,1,1,0,0,0,2,7,0,udp,-,INT
1295,2.802196509105202,35,50,11399,28497,0.0,48,40,28551779.105900317,0.0,2,17,699.2288794364614,0.0,26409.01858587387,8255.245559573623,203,319023296,2700531635,204,0.0,0.02046931105166276,0.0,314,716,1,0,7,1,1,1,1,1,0,0,1,4,3,0,tcp,http,FIN
1296,6.156014624631675,79,149,2844,0,0.0,31,17,0.0,0.0,28,9,0.0,434.7907605907895,0.0,2732.0116911785494,255,2781991170,1343170836,250,0.0,0.03593228267641095,0.004658783719183788,28,133,0,15189,8,0,1,2,1,5,0,0,0,5,9,0,tcp,-,FIN
1297,0.9877427969227977,1,5,543,0,26849.88071560317,114,212,0.0,3074548.2203812655,0,0,0.0,1069.6178134752302,34257.50396244828,3789.6306987609137,255,1019444876,1199384391,255,0.08415969745457405,0.08407043935187626,0.07108086271422188,58,192,1,21058,4,1,3,1,1,3,0,0,1,2,5,0,tcp,http,FIN
1298,0.0,34,45,8087,60793,0.0,0,0,0.0,4236405.788678369,10,0,3846.1987328905366,123.68411176356973,0.0,0.0,255,3652601095,4294881924,255,0.02320298592755041,0.006621697169797113,0.0,78,761,0,7508,3,0,1,1,1,1,0,0,0,6,1,0,tcp,-,FIN
1299,0.5737849203097514,57,94,7531,84715,0.0,59,86,136370685.6783987,2575239.9193331646,5,64,0.0,746.5024750140492,0.0,0.0,118,1731085937,4294881924,255,0.03364466011585172,0.0,0.03150941505402428,201,849,0,5798,6,0,5,1,1,4,0,0,0,2,1,0,tcp,-,FIN
1300,2.8706314209406814,3,30,46,11275,0.0,25,69,0.0,1767355.987598425,12,0,0.0,0.0,0.0,0.0,171,0,0,0,0.017716437595844608,0.07961033218187664,0.008251656317172217,28,0,0,8457,1,0,1,2,1,1,0,0,0,1,4,0,udp,dns,CON
1301,1.1599103062095528,27,191,46,39275,0.0,0,97,72925764.13727091,5480567.863548502,4,52,6531.929935857196,994.8556294993422,51514.74938833995,2786.47932187975,255,2076245443,3297041361,181,0.0,0.0,0.019379386208031608,328,968,0,20132,7,0,4,1,1,6,0,0,0,1,6,0,tcp,-,FIN
1302,1.6725782524062411,33,66,8178,0,0.0,50,49,1729199.6719981884,1023371.3319452348,12,15,2384.4148253779736,0.0,0.0,4491.530491355558,244,0,485568654,255,0.0,0.0,0.02146665047990151,173,198,0,0,19,0,7,4,1,6,0,0,0,9,18,0,tcp,-,FIN
1303,1.5422553168526856,81,112,11617,41994,0.0,28,0,0.0,13703314.776882924,10,37,2959.188909540205,0.0,48710.57995566674,3283.554911964693,216,2867047584,70900937,255,0.0,0.0519727299966382,0.0,28,796,0,0,10,1,2,2,1,3,0,0,0,4,4,0,tcp,-,FIN
1304,1.1469307559143977,1,160,11142,0,43682.926943415216,31,190,0.0,3207515.422322101,0,1,4267.149738988772,0.0,962.6856556611352,2985.654444513255,255,3647521395,1173548944,188,0.20041420645496116,0.07282955993028817,0.06826706271924188,28,0,0,0,15,3,4,5,1,14,0,0,0,8,15,0,tcp,-,CON
1305,0.0,1,44,13696,0,15816.650738464039,33,52,16018422.4437893,483072.81036206067,4,14,0.0,0.0,0.0,11467.933948972628,255,0,2658661993,254,0.0,0.08901539812954468,0.0036189947032816785,156,575,1,8039,5,0,1,1,1,7,0,0,1,3,3,0,tcp,http,FIN
1306,0.0,1,43,2484,32135,0.0,25,10,51550810.62498083,0.0,6,0,4062.2499647182926,394.35917074814995,53922.27451099322,7903.6433573924005,255,841160007,2122234438,255,0.0,0.0,0.0,28,775,1,0,1,0,2,1,1,2,0,0,1,5,1,0,tcp,http,FIN
1307,0.0,48,48,1206,0,32918.15433197231,246,224,76577202.93549341,238747.79602336138,3,0,4380.5828266304825,407.2014994960516,7603.789520411148,873.760837118078,255,2972029034,378943761,186,0.19713902218784674,0.13248615470700528,0.10587817948387429,291,197,0,0,5,2,1,1,1,8,0,0,0,1,2,0,tcp,-,FIN
1308,0.0,1,0,9220,0,7619.961013157841,11,0,0.0,405795.85590104933,3,0,0.0,0.0,0.0,2933.8584258488604,0,629661411,576853183,0,0.005397057113960471,0.0,0.057824414826467226,28,84,0,0,1,0,7,1,1,1,0,0,0,6,2,0,udp,dns,CON
1309,0.0,12,1,6709,0,44153.77742237196,0,77,0.0,0.0,9,0,1951.5591421717413,0.0,20105.343359468257,1947.6178648074588,255,1171286934,1381588291,219,0.1494489154800336,0.004131677300198478,0.0,28,500,0,21295,14,0,3,1,1,1,0,0,0,7,6,0,tcp,-,FIN
1310,3.766676975019517,34,42,46,0,29984.33891160724,35,52,0.0,4100250.7617695606,9,61,2499.643816465392,1229.3127080789204,28389.158102724807,2457.4459492626643,255,2661156252,3772183048,243,0.0,0.0,0.018217402410858546,28,1266,0,0,5,0,1,1,1,1,0,0,0,7,5,0,tcp,-,FIN
1311,0.0,36,45,46,111157,0.0,215,254,83593816.50030406,0.0,4,13,0.0,0.0,0.0,0.0,255,4294813520,1738622404,255,0.14349591350361415,0.07394091238108927,0.06174212271183961,322,0,0,0,5,1,1,2,1,7,0,0,0,2,1,0,tcp,-,FIN
1312,0.8425958167736411,1,0,3838,1547,25370.050699650885,204,220,0.0,1131921.9403760752,0,0,2428.6754636966307,0.0,23744.2657851623,4020.479285552488,255,2900886791,3044387476,237,0.08280049657794,0.1126021206447553,0.06946101458882437,28,7,0,11112,5,0,1,2,1,2,0,0,0,1,3,0,tcp,-,FIN
1313,0.3415403833335307,27,17,46,12543,26980.849930986857,242,254,0.0,1459544.7454663643,5,0,0.0,325.4145733017504,0.0,0.0,255,4047566478,1227461747,255,0.10155504361328571,0.08468473774901465,0.08631638102159848,172,164,0,0,1,0,2,2,1,9,0,0,0,1,4,0,tcp,-,FIN
1314,0.5848350241947268,38,80,1742,0,40223.84954839631,67,0,0.0,187446.12142904376,7,9,6703.560905195742,0.0,0.0,3600.5452912362616,168,1816937289,835609516,255,0.0,0.015478117632696416,0.0,196,37,0,18515,10,0,2,1,1,4,0,0,0,2,4,0,tcp,-,FIN
1315,0.14349781660859168,58,54,8256,0,42144.10659609476,40,22,0.0,1587075.054762595,0,0,418.0116857399853,0.0,0.0,0.0,212,1663132594,3305289161,202,0.0,0.0,0.013682039547299837,98,215,1,0,1,0,2,1,1,3,0,0,1,4,6,0,tcp,http,FIN
1316,0.0,54,54,8712,0,83074.95195201301,5,0,0.0,12979037.423652915,8,30,1465.004858800393,598.5312790620615,0.0,0.0,255,2609375641,460937504,219,0.011789299802209982,0.0,0.0,28,823,0,0,10,0,2,1,1,1,0,0,0,3,12,0,tcp,-,FIN
1317,1.724941553859014,20,0,9466,0,36125.39438649847,226,173,0.0,1879659.059167998,2,3,0.0,0.0,4643.051366777645,0.0,215,2978311917,2636628887,255,0.12575506947273038,0.02422256388953343,0.08570699733957442,109,103,0,29859,4,2,3,1,1,4,0,0,0,4,1,0,tcp,-,FIN
1318,0.0,1,68,46,0,0.0,62,13,102672627.89808206,0.0,0,0,1023.1971043601848,0.0,2093.4157029872326,0.0,234,859141307,3380832480,255,0.0,0.0,0.0,83,0,1,26089,2,0,2,1,1,1,0,0,1,3,5,0,tcp,http,FIN
1319,0.0,39,42,2700,0,6737.215590964168,0,254,0.0,0.0,1,0,3225.5164376566267,0.0,30290.589521165057,0.0,255,595389291,1435479125,255,0.3726487781893977,0.22635340463338335,0.03601922738017567,28,0,0,0,1,3,4,1,1,6,0,0,0,1,1,0,tcp,-,CON
1320,0.03307326071359484,1,0,5200,0,0.0,255,162,0.0,0.0,1,0,0.0,310.91187770739396,22986.52700106957,0.0,247,1551185287,3359282861,255,0.1771525760273923,0.07837675626062923,0.059396761254843375,247,0,0,8317,3,1,1,1,1,1,0,0,0,3,3,0,tcp,-,FIN
1321,1.673257656458074,51,52,46,0,47988.40756407723,0,0,70301179.60907069,7142544.0707099205,15,40,0.0,1039.1883147313201,0.0,1467.093221334524,156,3989125556,4294881924,255,0.050077963767403914,0.03645028581933896,0.012916340782919375,28,1077,0,0,4,0,1,2,1,4,0,0,0,5,1,0,tcp,-,FIN
1322,0.0,47,58,46,131639,0.0,0,40,90634497.09698293,17193863.920468874,8,9,0.0,257.51656103320244,0.0,0.0,232,2045260022,4294881924,145,0.010259223670135669,0.0522418443740177,0.0,28,794,0,13012,10,0,4,1,1,1,0,0,0,5,14,0,tcp,-,FIN
1323,1.0334880006529445,1,52,46,56989,84575.36466928273,229,254,93566507.59737855,0.0,8,33,0.0,456.36412308544595,0.0,3499.199628096267,255,4096984414,1769550243,255,0.17467473317018586,0.10289917662542909,0.03560351150289867,264,162,0,0,4,2,2,2,1,3,0,0,0,1,6,0,tcp,-,FIN
1324,1.6300355642864814,22,56,1202,90002,0.0,255,254,4754507.697261908,546153.0945713568,5,2,0.0,0.0,5285.967115308037,7087.357669608419,255,3005867505,1764925679,223,0.21765214036890287,0.036760892155198024,0.14533348911232105,59,110,0,18325,6,1,1,3,1,6,0,0,0,1,4,0,tcp,-,FIN
1325,0.512715045732743,29,17,11064,94266,1236.6455865267426,114,64,188032122.66154358,1211190.8376270316,0,32,2658.0997852976047,141.11085965435947,0.0,0.0,30,782243346,0,77,0.0,0.025634124317468126,0.0,216,0,0,25116,5,0,2,1,1,2,0,0,0,1,3,0,udp,dns,CON
1326,0.41622914521648274,24,48,15125,47280,0.0,66,12,60044017.48227566,0.0,7,31,0.0,0.0,1188.3890623634866,3334.9625742392022,255,0,961218273,255,0.0,0.00692947564885156,0.04021660393916558,57,0,0,0,14,0,6,4,1,4,0,0,0,8,14,0,tcp,-,FIN
1327,0.0,1,21,46,0,0.0,49,3,241108204.18150187,302020.11441729753,1,29,0.0,692.502630407878,33286.592407721415,0.0,247,1088205140,442921117,166,0.004899650244892639,0.016848952285732393,0.035063049827255645,58,51,0,1423,12,1,9,8,1,9,0,0,0,11,16,0,tcp,-,FIN
1328,0.2538277920826294,1,0,3683,0,0.0,0,33,109260679.8348248,0.0,0,0,0.0,85.77926070256143,34384.900328737465,1107.2543001448912,0,725496933,368815015,75,0.00245601973489848,0.04237799679468563,0.027886502270542523,107,0,0,25558,1,1,8,1,1,3,0,0,0,5,1,0,udp,dns,CON
1329,0.0,32,5,5333,87931,8805.636850133582,39,0,96411348.62062806,265905.22336359066,0,5,228.33911841707211,24.765638699482203,0.0,8682.541938355589,231,0,2391789465,255,0.0,0.0,0.024478221311299942,152,301,1,0,1,0,1,1,1,5,0,0,1,5,2,0,tcp,http,FIN
1330,0.0,1,19,4184,14546,695.3908653831443,4,65,0.0,0.0,3,34,1597.4942729209392,445.79580602741805,27208.13928824,16210.45524444411,221,1479406985,1019380037,237,0.04572545101750032,0.051699200313239435,0.0,155,412,1,0,1,0,1,3,1,2,0,0,1,2,2,0,tcp,http,FIN
1331,0.0,54,84,7542,249006,0.0,0,0,0.0,6816856.582420851,11,42,0.0,0.0,14940.804542545304,0.0,240,2573679516,3749230106,251,0.08578989838884278,0.0,0.0,86,937,0,13909,8,0,2,1,1,1,0,0,0,7,5,0,tcp,-,FIN
1332,0.0,40,0,3580,0,14033.865530012295,39,74,10138044.167496907,0.0,8,17,0.0,0.0,0.0,1280.6260349858146,255,0,2719510171,255,0.08123534582549657,0.02605261239542207,0.05828355278371021,113,99,0,0,17,0,5,6,1,2,0,0,0,8,16,0,tcp,-,FIN
1333,5.8986079167272365,9,0,11465,133947,0.0,8,31,0.0,293356.257948032,6,0,1396.9655057291545,0.0,32073.14508306511,0.0,22,327402407,0,0,0.0,0.0,0.032925978394130376,28,223,0,0,1,0,5,1,1,2,0,0,0,3,1,0,udp,dns,CON
1334,1.9632733431346727,27,21,8945,0,1604.8237947040764,74,18,0.0,0.0,11,50,2337.144237165242,1346.3146981328475,0.0,0.0,255,4294813520,552913851,255,0.05084284497949459,0.008341552415800002,0.016901008683651936,181,413,0,0,11,0,12,6,1,12,0,0,0,10,16,0,tcp,-,FIN
1335,1.5664693697006857,59,0,46,91424,71260.56577082319,0,0,0.0,4148004.214660441,0,0,3211.8818632491625,0.0,24463.572842889054,0.0,234,1307324896,3051837783,255,0.0,0.012087083664058156,0.0,95,189,1,36791,2,0,1,2,1,3,0,0,1,4,6,0,tcp,http,FIN
1336,0.0,29,5,6885,116699,0.0,35,0,0.0,0.0,0,0,1239.3026847810404,0.0,0.0,0.0,255,279019367,3055289396,250,0.004748331591919184,0.0,0.0,178,64,0,43359,17,1,4,5,1,3,0,0,0,10,12,0,tcp,-,FIN
1337,0.0,66,75,8952,0,0.0,0,89,0.0,12921765.377987517,0,10,0.0,524.2988116151402,0.0,0.0,255,3121645806,4294881924,255,0.06589413035996937,0.0,0.0,203,928,0,0,13,1,1,1,1,5,0,0,0,1,12,0,tcp,-,FIN
1338,5.141714666273116,91,0,3656,0,0.0,11,19,53488218.83610719,0.0,7,0,0.0,9.935881939115543,0.0,743.4190430599232,255,2663072032,166777422,255,0.07986689617179521,0.0,0.0,28,0,0,0,7,0,8,7,1,5,0,0,0,14,13,0,tcp,-,FIN
1339,0.0,1,0,9637,0,78088.12597121883,255,14,680630684.6679375,0.0,0,0,3238.4252774436154,0.0,42656.90976587166,0.0,33,414680504,130548592,0,0.0,0.0100832569756039,0.0,1263,0,0,0,7,2,1,1,1,4,0,0,0,1,1,0,udp,-,INT
1340,0.5078947175710301,1,0,3301,0,105103.2311586559,199,0,737620499.4635655,0.0,0,61,4573.149429267082,1527.7186688999789,57032.12301992103,0.0,0,0,152793740,0,0.0,0.02228815616783664,0.0072908246289391295,947,0,0,37873,7,2,2,4,1,3,0,0,0,1,1,0,udp,-,INT
1341,3.682054755032985,28,57,2886,46879,0.0,39,28,0.0,0.0,3,0,0.0,0.0,0.0,5319.237289599341,141,0,2722382346,255,0.08920021063606559,0.06442825834080122,0.03763497457244754,28,218,0,17700,21,0,7,6,1,6,0,0,0,7,10,0,tcp,-,FIN
1342,0.0,28,104,2354,0,0.0,21,0,8678185.501462989,705331.918977053,6,0,0.0,0.0,0.0,0.0,222,2374140663,816992806,219,0.0,0.0,0.06487648198121271,151,117,0,30773,9,0,13,6,1,8,0,0,0,10,13,0,tcp,-,FIN
1343,0.31682298170369705,2,58,46,5195,15491.943125158452,0,34,16820782.59460571,0.0,0,5,0.0,0.0,0.0,2455.8619513546705,255,2606642618,1447581097,170,0.0,0.0,0.04647010005526321,141,0,0,20991,8,0,9,6,1,10,0,0,0,10,14,0,tcp,-,FIN
1344,0.0,1,0,46,37897,20518.515675413826,8,48,0.0,1784957.4663252775,0,0,3668.0455533054155,0.0,0.0,0.0,4,234678088,0,7,0.026022542589039258,0.016601374338294957,0.0,80,0,0,0,1,0,6,3,1,2,0,0,0,1,5,0,udp,dns,CON
1345,0.0,73,0,46,0,23289.183764314355,246,254,5674257.37544838,82613.15201334115,2,22,0.0,0.0,40170.82579666185,2276.3071988261213,248,1667835446,2816955858,226,0.09674397022221609,0.0061420447074990725,0.057301913940400157,136,0,0,0,5,0,1,1,1,3,0,0,0,2,1,0,tcp,-,FIN
1346,1.7058916716596846,93,99,46,167140,0.0,0,0,0.0,7043568.808888829,12,15,5068.18277447314,89.70984502501507,0.0,0.0,209,2226506352,4294881924,188,0.0,0.05677812262164064,0.0,84,735,0,0,6,0,1,1,1,1,0,0,0,2,1,0,tcp,-,FIN
1347,0.0,1,11,9762,0,54835.82973333692,31,12,0.0,1531670.915833179,0,6,0.0,0.0,0.0,0.0,0,0,0,4,0.035083881711204835,0.02663474546914453,0.03462045105732544,275,323,0,0,1,0,2,2,1,5,0,0,0,1,3,0,udp,dns,CON
1348,1.5737474147734238,85,90,7001,86139,0.0,17,56,0.0,14773667.759983547,4,0,0.0,555.4225276674383,0.0,0.0,255,2899963524,0,255,0.0,0.0,0.025929511240466184,55,785,0,0,10,0,4,1,1,4,0,0,0,5,6,0,tcp,-,FIN
1349,0.917346600650416,63,21,3726,99566,0.0,1,18,36520269.89803704,11254375.768006288,0,89,0.0,721.5591239292463,0.0,0.0,244,4294813520,3811750257,255,0.045866078775270075,0.0,0.0,28,1121,0,0,2,2,1,1,1,1,0,0,0,8,6,0,tcp,-,FIN
1350,2.875605903775882,5,21,46,103124,38850.06704459748,109,15,2289872.5387210837,912815.1117204226,7,17,0.0,0.0,27053.972382500524,6869.406296415386,232,0,1856036960,195,0.0,0.0,0.000132599171925592,76,426,1,17386,1,0,1,1,1,3,0,0,1,1,3,0,tcp,http,FIN
1351,0.44053733031551623,31,31,3045,0,50628.36226557464,255,254,77036218.91289511,0.0,2,0,0.0,428.6270353407265,5649.383075601444,2016.9344267729316,219,3079710014,2714992547,255,0.1188478168272947,0.08514763664668978,0.10613353050476147,114,133,0,2854,5,0,1,1,1,9,0,0,0,5,1,0,tcp,-,FIN
1352,1.6265371774019097,1,54,9955,0,0.0,235,204,0.0,0.0,0,0,0.0,0.0,18521.4871653982,5120.823802018774,255,4294813520,807140164,255,0.17520598750629113,0.06903942863898793,0.07985837564815837,284,92,0,25638,4,1,2,1,1,3,0,0,0,2,4,0,tcp,-,FIN
1353,2.045485928992711,12,0,46,4036,0.0,38,83,0.0,3442958.013567721,0,0,13.036114064541234,0.0,24045.7857697309,0.0,48,622156080,0,124,0.0,0.02612123730083996,0.039761138675593985,86,218,0,5293,1,0,3,1,1,1,0,0,0,1,6,0,udp,dns,CON
1354,0.0,69,0,1508,15254,18554.261472908416,0,0,0.0,0.0,0,0,3579.6072606816124,266.76736260967056,0.0,0.0,202,2687586825,0,255,0.0,0.03341014716611642,0.009777050994563972,28,131,0,0,3,0,11,7,1,12,0,0,0,12,14,0,tcp,-,FIN
1355,0.0,15,0,5960,0,0.0,10,62,5366418.217625651,0.0,0,0,1598.1631542109435,654.3788662256774,0.0,47.09415322649809,63,1046601676,419598419,0,0.01981341102704777,0.0,0.0,178,235,0,3961,1,1,3,1,1,2,0,0,0,1,1,0,udp,dns,CON
1356,1.1774214207844715,6,0,46,11646,98481.87087816284,15,65,22278701.616976596,0.0,3,44,504.264499212491,251.16185259861837,11227.687990013268,137.39622416118797,247,2638611433,929772389,255,0.03188010769432562,0.03149669699184835,0.01577605695559916,293,178,0,0,10,0,11,5,1,8,0,0,0,13,16,0,tcp,-,FIN
1357,2.4670716223865443,2,0,669,0,0.0,193,226,0.0,0.0,0,0,3002.542629530843,0.0,0.0,265.66481312023785,222,3324400719,1369609424,255,0.15227148722719003,0.10893168677010426,0.09386100480272919,69,0,0,0,1,1,2,3,1,8,0,0,0,2,6,0,tcp,-,FIN
1358,0.4081352773163388,1,0,46,0,13546.813647445655,81,191,47746026.292181455,86669.00619776874,3,0,0.0,48.44449604544247,2844.330902138805,1558.9666787719086,239,3447375290,2379166058,191,0.16627751365264606,0.08709541698576402,0.07776270148102075,348,157,0,13519,8,2,4,5,1,13,0,0,0,6,12,0,tcp,-,CON
1359,1.8501447422631494,41,58,2059,77902,0.0,6,0,175298994.009215,14141154.895281678,6,0,1842.6521488455712,370.00454554442604,24065.23183657601,0.0,212,985608714,2964902937,255,0.23897639831995082,0.019739915649951298,0.0,150,631,0,21403,14,1,2,1,1,1,0,0,0,2,8,0,tcp,-,FIN
1360,0.0,1,0,46,0,0.0,14,0,14226500.613148458,1645073.2047904334,9,22,1793.2052638302866,0.0,2774.8904491569997,0.0,0,550033148,758192406,107,0.0,0.0,0.03842696537816821,290,0,0,1516,3,0,1,2,1,2,0,0,1,1,7,0,udp,dns,CON
1361,2.686473179620197,109,0,5786,52325,0.0,3,55,0.0,1787040.66896886,0,30,3874.985517533914,0.0,29068.04023169548,1189.5445433770465,255,2746151574,4294881924,255,0.0,0.07185178008798317,0.04107611760999292,106,1037,0,0,4,0,3,1,1,2,0,0,0,3,1,0,tcp,-,FIN
1362,0.38938029472798275,1,17,13454,0,42761.67532702494,255,198,0.0,0.0,3,0,0.0,41.527775853076015,0.0,0.0,243,2555105458,2268787457,198,0.18847399690515315,0.022145383064240298,0.06331231265947934,67,189,0,0,2,1,1,3,1,2,0,0,0,2,1,0,tcp,-,FIN
1363,0.0,36,0,46,93948,13943.38703120951,0,34,0.0,368329.3194153178,4,33,0.0,497.1321412403639,17243.745799926844,6064.0645968492245,255,1074855442,1369647663,255,0.0,0.0,0.06434672594003724,218,489,1,28451,2,0,1,2,1,4,0,0,1,4,1,0,tcp,http,FIN
1364,3.6893907367133867,4,37,5255,0,0.0,152,178,0.0,0.0,0,0,0.0,0.0,16538.00045761796,0.0,255,3528504286,1983621929,255,0.17824462020549206,0.1290483572214519,0.06989356930865637,191,2,0,10352,1,1,3,1,1,6,0,0,0,5,6,0,tcp,-,FIN
1365,2.4748101245185223,26,0,14454,5920,0.0,175,240,58140808.47860611,0.0,5,18,1289.034131678201,266.13941137026467,9986.50317770488,0.0,255,3209585462,2185175490,158,0.19869177860012333,0.05326877094206306,0.11220863448878532,107,0,0,6120,8,0,3,1,1,7,0,0,0,2,2,0,tcp,-,FIN
1366,0.0,53,88,1168,50002,0.0,68,0,0.0,934516.6584033361,10,20,580.4074883257796,0.0,0.0,0.0,144,824563046,3056011428,160,0.0,0.0,0.045686808288360706,193,647,0,0,6,0,1,1,1,1,0,0,0,3,3,0,tcp,-,FIN
1367,0.0,39,0,12334,31566,36197.27395803675,97,25,22463369.397685494,573236.8190084465,0,14,1466.2639216300615,204.29601795680168,0.0,0.0,0,0,0,9,0.016433760148499312,0.0,0.06257465215066495,156,51,0,0,1,0,8,1,1,1,0,0,0,3,2,0,udp,dns,CON
1368,1.7311871032105408,44,21,570,91767,34977.89456616037,220,227,103805102.20203972,0.0,8,0,0.0,0.0,28065.51594084734,0.0,255,1634130756,3580755161,255,0.22312961108347576,0.04015557106362508,0.10331848547527084,50,169,0,0,4,1,1,1,1,3,0,0,0,2,3,0,tcp,-,FIN
1369,0.0,38,24,13548,54101,20009.457911553338,94,0,98622390.17825966,0.0,0,0,3900.766568859221,297.8823343324632,0.0,11492.2733985224,186,1642469103,1549301207,152,0.0,0.08537339771257697,0.013324003087230547,152,475,1,9235,1,0,1,1,1,6,0,0,1,1,1,0,tcp,http,FIN
1370,1.4116564911565788,80,113,12855,61670,9935.041578025372,67,0,82484978.61449562,2513873.4220691,27,52,613.3599710268389,671.8692944394708,0.0,1504.584738689588,255,3585492884,903082327,255,0.07624989358280566,0.0,0.0,141,343,0,0,9,0,4,2,1,2,0,0,0,2,6,0,tcp,-,FIN
1371,0.0,25,0,4101,41109,114654.61435994395,245,0,687996074.986806,585790.5948008021,6,18,1427.0326294186518,0.0,13202.940492845164,0.0,0,0,0,61,0.0,0.0449424874392298,0.012810315593095829,1093,0,0,0,6,2,2,3,1,1,0,0,0,2,1,0,udp,-,INT
1372,0.4289345194872688,13,0,46,0,0.0,18,0,117782940.19764595,667955.6654337927,4,0,956.3731823078357,420.982238378578,0.0,4285.037302040079,1,1227333054,0,0,0.020757345862355683,0.0,0.021058167780071333,149,58,0,36107,1,0,7,1,1,1,0,0,0,1,6,0,udp,dns,CON
1373,0.0,1,0,46,0,10452.988005748593,40,83,29499684.28728895,2683681.320321661,5,0,0.0,249.15208132176016,12826.480746439169,6312.5243143946755,255,0,3161185581,255,0.029445625859169714,0.0,0.01586499208550474,166,520,1,2913,4,0,1,1,1,7,0,0,2,1,4,0,tcp,http,FIN
1374,0.0,121,126,8325,1191,40806.699391332426,74,11,114558499.09616452,2044895.3939353488,35,70,1344.257272485562,0.0,0.0,4810.830551226083,255,3174643734,2431568119,255,0.0,0.0,0.0,28,273,0,0,6,0,1,1,1,3,0,0,0,1,9,0,tcp,-,FIN
1375,1.1490294095883349,20,0,6561,0,8776.466844964843,255,142,86999905.05400515,0.0,0,15,263.74194638858927,0.0,9882.717147723306,0.0,155,4104997688,2179734576,255,0.20152714041000253,0.09274580244113517,0.05834810346768268,28,0,0,0,4,0,1,1,1,3,0,0,0,4,1,0,tcp,-,FIN
1376,3.183766936064589,27,50,1492,0,2033.7072475160935,0,0,25298587.36310644,1688383.0949130708,6,0,261.3181184485502,0.0,28557.22157744208,8436.470380043997,255,107554459,1557582257,162,0.003213224785701331,0.0,0.009466866431756874,179,545,1,0,1,0,1,1,1,6,0,0,1,3,1,0,tcp,http,FIN
1377,0.3823497000575495,15,0,46,0,0.0,245,254,0.0,3439450.6532721203,6,0,1340.5746072285992,3.0552907646493566,0.0,0.0,255,4294813520,2796228826,204,0.16380859373732864,0.12715925320359106,0.06092612272599608,137,0,0,0,2,0,4,1,1,2,0,0,0,1,3,0,tcp,-,FIN
1378,1.4531788885753931,24,0,46,0,0.0,128,0,191000814.04886684,4354895.2637736965,1,28,0.0,0.0,5789.177438094014,0.0,255,669174614,3420109191,233,0.0,0.017222249169607223,0.0,167,3,0,0,17,0,6,5,1,6,0,0,0,7,11,0,tcp,-,FIN
1379,0.0,43,0,8704,0,71079.75418528859,255,75,597929082.4172274,1893286.2258287214,10,3,0.0,0.0,20495.345894516337,3825.42434886798,26,930780716,0,0,0.0,0.0,0.0,950,5,0,9114,3,2,3,2,1,6,0,0,0,2,1,0,udp,-,INT
1380,0.0,44,18,8763,0,8478.895065331333,255,209,0.0,755417.0802526203,3,0,0.0,0.0,0.0,0.0,181,3489776786,4037274537,255,0.06150827237184318,0.028762185312140965,0.05496902804389674,38,27,0,0,6,1,1,1,1,4,0,0,0,4,3,0,tcp,-,FIN
1381,1.2012002842151324,1,23,46,0,0.0,255,254,0.0,565365.6014260682,0,4,4263.577624007356,1379.2600251791303,6549.564650431328,2759.291010542203,255,2680899848,1925242369,255,0.10788346744001479,0.048930360667488786,0.056440852300701484,28,209,0,0,8,0,1,1,1,7,0,0,0,1,1,0,tcp,-,FIN
1382,0.24995531576919622,1,98,46,5438,0.0,75,254,9427895.48136771,2825528.7239075615,4,9,0.0,1287.5073734901973,5514.193468716325,130.7933534588462,255,491797386,557403127,193,0.22185464664557633,0.27039576684991345,0.07634900661476267,28,41,0,3145,4,3,4,3,1,4,0,0,0,7,3,0,tcp,-,CON
1383,1.5377544983604692,11,0,4088,0,32023.040019359923,36,52,29319728.71686172,0.0,1,3,244.18245607309032,0.0,8177.310080934464,0.0,245,2496989286,0,243,0.11104162425904614,0.0,0.0,104,178,0,0,11,0,12,4,1,9,0,0,0,15,16,0,tcp,-,FIN
1384,0.02230049779025134,1,2,10794,74222,19816.63441494819,255,183,0.0,2460498.0648534615,7,30,2205.8484762306607,0.0,0.0,1846.777845162544,255,1834926318,3440841106,255,0.10380976977104323,0.05470785864169298,0.033826120072979936,191,72,0,0,1,1,1,1,1,5,0,0,1,4,2,0,tcp,-,FIN
1385,0.33510966577823037,19,32,8753,0,13492.430152330773,255,205,0.0,257631.16919434024,7,33,5527.318546158879,1183.4526781354493,0.0,0.0,209,3719644555,1440171653,219,0.16224304910502352,0.10615731863287992,0.13482320015206295,76,275,0,0,8,1,1,2,1,1,0,0,0,1,2,0,tcp,-,FIN
1386,1.8362825906437399,44,5,46,47487,0.0,255,254,0.0,0.0,0,14,0.0,0.0,0.0,0.0,255,2535208524,3865180402,255,0.05414338782938201,0.0,0.09434109931286334,247,0,0,0,2,1,1,1,1,2,0,0,0,4,3,0,tcp,-,FIN
1387,0.0,1,0,46,14048,0.0,220,212,36354916.508718535,0.0,8,34,0.0,891.586249157149,0.0,0.0,120,3883736709,3783183035,255,0.26506204406466877,0.04518370166669586,0.08749888492459092,36,0,0,7213,10,1,1,1,1,5,0,0,0,1,1,0,tcp,-,FIN
1388,0.0,19,0,46,0,19689.606459708604,255,254,0.0,0.0,6,1,1803.6934761245618,596.1971832943981,1720.1060241608604,1752.3219718759956,203,3102606814,2243690111,255,0.12907270059759327,0.014080042908299312,0.11930290039469346,56,161,0,4581,1,0,1,1,1,4,0,0,0,3,4,0,tcp,-,FIN
1389,1.7189033744904543,1,0,46,0,1023.0988954483338,59,230,33983714.09102128,1105150.7744179172,0,18,0.0,0.0,32569.68705719011,0.0,255,2015469214,0,255,0.077226844010271,0.010320816554754801,0.03723637470617641,28,106,1,23902,8,1,3,2,1,1,0,0,1,1,3,0,tcp,http,FIN
1390,0.0,1,0,10922,0,0.0,16,36,0.0,4393753.205831251,0,24,762.6750061639957,1052.1121888514983,0.0,1041.068154072683,0,0,0,70,0.0,0.0076086118975258405,0.022972685695116096,38,167,0,0,4,0,8,1,1,1,0,0,0,1,2,0,udp,dns,CON
1391,3.2003536444336445,47,0,46,0,49266.57136953125,194,182,19898453.28941091,0.0,4,25,1639.9329108187517,0.0,26166.28603982297,0.0,184,0,754938306,226,0.2851543168237132,0.25277645015863526,0.06345991356826547,45,408,0,5005,1,4,2,2,1,4,0,0,0,2,2,0,tcp,-,CON
1392,0.0,107,85,46,0,0.0,0,0,59567000.723481245,0.0,29,54,0.0,640.9808379086061,40587.37424520596,902.5948984247634,228,3019122912,1271521816,255,0.0,0.0,0.04477471934747636,28,0,0,51414,13,0,1,1,1,2,0,0,0,3,5,0,tcp,-,FIN
1393,0.0,23,0,46,26170,0.0,255,208,38494777.68415385,2345830.277496046,1,16,0.0,0.0,41437.22534393746,3824.557436567722,255,3602103761,3321306118,255,0.042419696757401024,0.003960075028117058,0.07335787980660988,28,284,0,0,1,1,1,1,1,3,0,0,0,1,9,0,tcp,-,FIN
1394,4.033497816854355,1,38,2756,0,3330.110103388695,20,254,16950775.092416756,230955.8585518011,2,49,2203.758084295314,0.0,45869.03677897879,0.0,250,253446429,2190243194,255,0.16295251849414877,0.025187065619160735,0.031965197010525054,92,78,1,171,1,1,3,1,1,2,0,0,1,1,1,0,tcp,http,FIN
1395,4.709518366756315,173,157,11985,16089,5241.977021590687,37,34,0.0,2586388.144220864,26,19,2828.171917871722,1549.104311931373,4799.958992428666,1868.6935241030424,255,2226217030,1224856176,235,0.0,0.014544594803361148,0.041025131372724025,28,329,0,0,4,0,1,1,1,3,0,0,0,1,2,0,tcp,-,FIN
1396,0.0,19,0,3068,38978,5098.231268237148,157,52,38884525.725170046,0.0,0,0,114.19681964174815,0.0,1640.158929716596,3111.2376884749574,40,0,0,28,0.04787603942256599,0.0,0.0,28,188,0,0,1,0,3,1,1,2,0,0,0,3,7,0,udp,dns,CON
1397,2.8430828306244216,5,0,8431,61814,15249.142167896036,207,227,0.0,1267741.3304531507,3,0,502.31191328136686,0.0,0.0,0.0,236,1826186043,1967463438,255,0.06545367242708938,0.02578800245812278,0.04364185080643741,95,139,0,0,2,1,3,1,1,3,0,0,0,4,4,0,tcp,-,FIN
1398,2.394890926994379,30,0,46,0,0.0,218,205,0.0,3524367.6300774086,0,0,0.0,680.8822877185167,0.0,0.0,255,2687934290,0,203,0.16663347950926705,0.07892417329625016,0.10576222507887192,78,33,0,11212,7,1,1,2,1,6,0,0,0,3,6,0,tcp,-,FIN
1399,0.0,1,0,8516,1472,38906.23763955626,253,254,27883281.65020492,0.0,0,0,371.82297528733966,1052.0267998321021,28987.944062358612,1187.7719307147631,201,4104394731,2753876502,201,0.08355376410733356,0.09466329488219627,0.09652556111945261,61,6,0,13645,8,2,1,2,1,1,0,0,0,1,1,0,tcp,-,FIN
1400,0.9481360685809159,81,70,862,44855,0.0,0,0,124980574.44219391,14027434.595124286,0,51,0.0,0.0,0.0,3479.073277077473,255,811836684,3386682937,244,0.0,0.007638535427357454,0.0,148,534,0,6858,13,0,7,1,1,3,0,0,0,1,11,0,tcp,-,FIN
1401,0.0,51,104,8527,154949,3509.6145493627964,74,83,0.0,13363521.816624466,0,0,203.6041995688522,1088.6763527048727,0.0,6342.331894879122,255,2589508808,0,255,0.02924647059923448,0.0,0.0,155,808,0,16901,2,0,4,2,1,1,0,0,0,9,4,0,tcp,-,FIN
1402,0.0,1,0,46,0,0.0,5,23,0.0,2120169.323672223,2,4,3662.609869437743,0.0,2488.74093505195,0.0,0,0,0,0,0.0698506630558172,0.008973055673028335,0.0,125,60,0,0,3,0,7,3,1,2,0,0,0,3,3,0,udp,dns,CON
1403,1.2039678593601562,8,78,1953,0,38375.02189891852,63,13,23014050.189887628,2609507.274335618,5,0,0.0,0.0,0.0,2314.7163775691324,239,919789151,997164870,235,0.10852700529401306,0.0,0.0,82,210,0,10276,11,0,5,1,1,2,0,0,0,1,6,0,tcp,-,FIN
1404,2.2086064172969215,1,0,3167,200343,0.0,0,52,97104139.96674305,0.0,2,20,3134.150232707978,0.0,50981.03614678872,6370.687656448008,255,0,1917177594,255,0.02272016609825769,0.0,0.0,69,345,1,4205,8,0,1,2,1,2,0,0,1,7,3,0,tcp,http,FIN
1405,0.0,33,0,11059,0,2717.6148927400236,165,248,65322286.87150404,4848042.613368726,0,0,568.3842827432652,53.932456041136255,16667.01108634283,0.0,255,3459821336,0,186,0.1560644832334911,0.10070838726599601,0.05839656445371121,227,61,0,2625,5,0,2,2,1,7,0,0,0,1,3,0,tcp,-,FIN
1406,0.359277754034967,17,42,46,0,3249.4097843890786,243,169,1763736.4557119894,112264.25821543469,0,0,0.0,0.0,11057.177572503922,0.0,255,2920117662,2807763186,255,0.08716447972067864,0.028675067526833194,0.10649533600292513,221,242,0,0,1,1,1,1,1,7,0,0,0,2,5,0,tcp,-,FIN
1407,0.0,24,87,1205,0,7438.972348256243,0,199,98599733.25530304,0.0,3,6,0.0,307.06817007400565,22724.66433963688,0.0,182,1850876322,381865435,192,0.19179778367750117,0.21449129147950494,0.09294237978222569,194,190,0,0,1,4,2,4,1,2,0,0,0,1,6,0,tcp,-,CON
1408,0.0,48,75,46,0,0.0,106,82,0.0,17416570.102732938,7,1,722.2548699719646,154.5781706866998,0.0,258.9211293164436,255,1737712773,2792462768,204,0.03740200620533508,0.037370133943391046,0.0,51,651,0,0,16,0,3,3,1,3,0,0,0,7,8,0,tcp,-,FIN
1409,0.0,62,48,6353,48705,19456.474585636424,0,33,82691764.43977322,14920695.50428001,10,4,5608.282270593616,0.0,6380.362162438043,1178.5472997747129,140,193567913,2600161984,247,0.0,0.08735817900122175,0.025357992621310835,119,1047,0,6740,13,0,2,1,1,4,0,0,0,1,9,0,tcp,-,FIN
1410,2.326646148436204,2,0,8516,55591,1113.5831747701502,203,168,0.0,0.0,8,8,0.0,221.90273364666047,0.0,737.5578045258278,245,4294813520,448171580,255,0.15692244473706737,0.035865492207870886,0.104702726904011,240,0,0,10464,9,2,2,1,1,5,0,0,0,1,3,0,tcp,-,FIN
1411,0.0,83,0,10565,0,13238.365296672997,51,47,50745798.01926907,0.0,5,25,0.0,0.0,0.0,3885.1041739922694,255,1437901095,1756152776,219,0.0,0.0,0.0,110,166,0,0,11,0,2,1,1,3,0,0,0,6,5,0,tcp,-,FIN
1412,0.0,1,7,46,0,150569.03607481823,225,0,822166424.7650121,4074890.0545172803,0,0,0.0,0.0,0.0,5198.053272587475,0,0,146805372,0,0.0,0.03971606828675983,0.022348140196556197,994,0,0,0,7,1,3,1,1,1,0,0,0,1,4,0,udp,-,INT
1413,3.4462357051512895,95,44,9842,112671,8718.149636313407,0,0,16596474.680070635,12137883.485463157,4,0,844.9915472693197,315.8763854112786,35962.547765724594,68.50021787514851,168,2595883687,148366843,177,0.040816199869622455,0.0,0.0015249198986751493,28,744,0,0,5,0,3,3,1,5,0,0,0,4,2,0,tcp,-,FIN
1414,1.8134476877699504,54,0,10197,0,0.0,255,195,5651255.307959957,2187135.0060496647,5,4,2480.4638526324634,0.0,40831.740246467154,0.0,255,4174548505,1742069860,255,0.263623194751615,0.061993839695409336,0.08929497308950828,167,335,0,10574,1,2,1,3,1,1,0,0,0,4,1,0,tcp,-,FIN
1415,1.8467085294718446,43,71,46,0,76470.54533755881,0,79,0.0,5785817.592447386,4,40,1168.5342287685808,0.0,0.0,0.0,255,3869479158,4294881924,179,0.0,0.06367455701716875,0.001545890232728769,28,788,0,1274,6,0,2,1,1,4,0,0,0,5,1,0,tcp,-,FIN
1416,1.8553404559395568,71,12,4647,0,37124.86875173507,244,153,136059438.47223017,0.0,0,36,0.0,688.3980707479305,0.0,0.0,255,3022044543,2868386710,255,0.033299499141042785,0.04168296462372147,0.10148169739212594,102,0,0,0,1,0,2,1,1,1,0,0,0,1,5,0,tcp,-,FIN
1417,2.013012259714616,33,50,7424,0,24834.073749281277,52,210,27754846.57451826,0.0,2,0,1618.769760224731,0.0,0.0,0.0,152,3546268190,2135148038,255,0.11573562042865053,0.05838465678886974,0.02658553561387139,116,179,0,18204,11,3,8,5,1,12,0,0,0,4,13,0,tcp,-,CON
1418,1.0690501501646916,49,31,182,0,0.0,66,35,17957430.744354524,1068056.19610514,16,0,0.0,802.8001336968973,24676.57994120941,0.0,164,2519402805,1552999574,253,0.0,0.0,0.0011004859400445721,28,241,0,13557,9,0,3,1,1,1,0,0,0,3,9,0,tcp,-,FIN
1419,1.7541155047137158,17,73,46,0,28059.9194535574,255,254,121419510.01622939,0.0,3,31,2340.4486381891033,0.0,12404.61404808648,0.0,255,2391587557,1410646650,255,0.23279219533343423,0.09060007967599636,0.08657119390820923,28,186,0,0,2,0,2,3,1,9,0,0,0,3,5,0,tcp,-,FIN
1420,0.8973106822696104,4,6,6867,14801,0.0,213,254,0.0,0.0,2,48,0.0,776.6940677449711,0.0,2042.1414418810987,191,3091613223,2650746109,210,0.17407455768379024,0.0044019880983797305,0.07843403277774302,49,0,0,1033,4,2,2,1,1,2,0,0,0,2,1,0,tcp,-,FIN
1421,0.0,60,62,46,47354,60753.06723777732,15,0,0.0,9353849.010794107,2,3,0.0,1086.8749009052447,0.0,2133.0738357669425,255,4097348427,3507710848,255,0.11278324147413299,0.0,0.0,69,688,0,0,4,0,3,2,1,1,0,0,0,5,1,0,tcp,-,FIN
1422,1.7801457938808678,27,72,342,38886,36384.861831947135,20,106,76248015.67222828,2897037.237875561,9,0,0.0,0.0,0.0,901.8545888219887,255,567494632,1159465397,188,0.0643285593108869,0.0,0.0,171,62,0,2933,14,0,6,5,1,8,0,0,0,9,11,0,tcp,-,FIN
1423,0.0,41,0,46,13751,0.0,68,0,143220702.53588495,63923.10179681366,3,9,1268.1330038189071,658.6711823917641,2940.465605419229,0.0,0,0,243564299,75,0.006198480373154286,0.0,0.05588091995176275,147,168,0,0,3,0,2,1,1,3,0,0,0,1,2,0,udp,dns,CON
1424,0.24819984980088317,21,162,6346,15660,35422.715061145216,0,42,4429078.478610066,0.0,7,0,989.8835420893407,476.8448635408016,0.0,0.0,255,942574667,2507335874,198,0.009307304844845996,0.06565784239188323,0.0,28,80,0,4144,20,0,5,5,1,4,0,0,0,9,7,0,tcp,-,FIN
1425,1.2713738838352617,1,25,46,0,23477.870895599288,255,254,31101579.140606757,421137.1264716118,7,0,94.72968276716503,233.54781243773175,14888.122512074806,0.0,255,2461387130,3228742787,255,0.14517257219658314,0.07021017252126063,0.08294293997920082,91,106,0,14965,3,1,2,1,1,1,0,0,0,3,1,0,tcp,-,FIN
1426,1.7330327727253243,39,29,46,33959,0.0,217,208,0.0,1620553.612680691,3,9,0.0,539.7568873839853,16125.083075646973,0.0,255,2921200322,2258794634,197,0.10894922402125119,0.07487195034306465,0.11408933952494982,140,0,0,0,8,2,2,2,1,2,0,0,0,3,3,0,tcp,-,FIN
1427,0.0,35,33,1198,0,6803.2832943033945,254,254,103139002.28516173,354705.053726458,1,38,0.0,0.0,0.0,0.0,255,1899446682,2007321115,225,0.16988354897414032,0.07764875886450305,0.08010066079245048,75,111,0,0,1,1,1,2,1,6,0,0,0,2,2,0,tcp,-,FIN
1428,0.41924186102016253,34,114,8300,0,16004.702852242282,0,3,0.0,3399500.304116687,11,0,3827.9108572090345,1241.1843967901968,1172.2226353509618,0.0,247,2668149606,0,234,0.08163942582531233,0.0,0.00915716756577347,147,91,0,41120,12,1,9,6,1,11,0,0,0,9,14,0,tcp,-,FIN
1429,0.0,142,166,23180,86177,0.0,0,64,0.0,0.0,33,68,6597.469408460455,69.83271830081688,0.0,1020.9605794286417,244,2134491662,632824947,255,0.0,0.04571132127762705,0.019602428245422045,28,10,0,24297,7,0,1,2,1,1,0,0,0,2,8,0,tcp,-,FIN
1430,0.35686483588946105,1,0,46,0,0.0,0,0,15701305.48370373,0.0,0,0,1099.0850622908813,0.0,21382.433997426167,0.0,0,1283285857,0,0,0.0,0.027189038277524724,0.0,28,111,0,0,1,0,7,1,1,2,0,0,0,5,1,0,udp,dns,CON
1431,1.927755556273628,1,74,3116,91712,34170.23190694026,14,254,0.0,0.0,4,9,2722.3887370116045,0.0,79093.21044381334,112.04117060906967,255,1587367735,782445641,209,0.33647685714898834,0.1842424723213108,0.05795751133085963,305,0,0,0,9,3,6,2,1,1,0,0,0,4,1,0,tcp,-,CON
1432,3.7851747801957147,1,7,46,102264,6894.846139590648,11,8,0.0,168858.399711896,4,44,0.0,678.9412669023047,0.0,0.0,220,2401097340,565056489,230,0.08938334768565163,0.034858037885608505,0.0,59,276,0,0,13,0,3,1,1,1,0,0,0,4,7,0,tcp,-,FIN
1433,1.1682538098698332,3,55,9801,83416,76756.79947439264,0,87,0.0,13285647.172266273,11,26,3495.252395425476,0.0,33586.86020365452,1645.8699310901702,255,2289361961,3911890824,171,0.0,0.008846923251970692,0.015013577133383218,288,783,0,9950,12,0,3,1,1,1,0,0,0,1,9,0,tcp,-,FIN
1434,1.7222883691795847,9,0,46,0,0.0,65,27,8421167.627919562,0.0,2,0,0.0,1428.9638964431595,23346.467410549478,1188.0207626083966,0,0,684721209,0,0.014463523145810321,0.015984818090878036,0.01596307707592745,28,159,0,0,1,0,1,1,1,3,0,0,0,2,6,0,udp,dns,CON
1435,0.0,14,37,46,0,15545.934003979368,215,254,120360969.21879958,1869018.9910261363,0,20,0.0,1070.6312284786106,1031.657991637524,0.0,255,3147056083,865767344,255,0.16092886024044784,0.0,0.06670407970225754,225,0,1,14006,3,1,3,3,1,2,0,0,0,1,5,0,tcp,-,FIN
1436,1.234156645124749,72,53,904,153040,0.0,0,54,114115380.9131261,2325325.0047415127,8,32,2977.768064300907,0.0,12184.4999979473,3899.3703155165217,243,0,3378745943,255,0.0,0.000522572509109121,0.0,28,778,0,21564,3,0,2,1,1,4,0,0,0,2,4,0,tcp,-,FIN
1437,0.0,1,23,1068,17721,25699.043970800536,12,23,30737974.82831523,0.0,4,17,330.26216513520535,647.9570321368274,0.0,7476.050050949687,231,0,2740535039,255,0.0,0.0,0.0,220,466,1,2447,2,1,1,2,1,7,0,0,1,2,3,0,tcp,http,FIN
1438,2.4236231649459796,26,47,5785,0,0.0,80,69,13620947.697211891,15634450.829713244,8,19,3599.9693736830286,0.0,3154.6909948760217,401.39795213147823,255,3724541258,1012945171,204,0.0,0.0,0.0,30,683,0,0,8,0,1,1,1,1,0,0,0,4,6,0,tcp,-,FIN
1439,0.0,39,108,4301,80405,15268.90466183156,42,69,66042186.06778872,2769177.728268877,4,22,2134.6373096931898,0.0,0.0,0.0,231,4544483,1315346541,244,0.0,0.038241411021840026,0.0,144,0,1,26336,1,0,1,3,1,3,0,0,1,2,3,0,tcp,http,FIN
1440,0.0,42,163,3575,0,49059.138589736016,26,53,107643282.30077502,12053960.630009457,13,0,0.0,0.0,30907.265339720278,0.0,238,2316478188,516938058,255,0.0,0.0,0.0,120,951,0,46,12,0,2,1,1,3,0,0,0,2,5,0,tcp,-,FIN
1441,1.5036597174399458,12,2,46,0,92878.64929346867,184,0,750506485.7676584,1371278.9893391095,2,0,476.7639385192999,0.0,0.0,0.0,0,0,0,0,0.0,0.10636444190598521,0.0,957,109,0,1959,1,2,2,2,1,4,0,0,0,1,2,0,udp,-,INT
1442,3.3745981955453956,22,65,8502,85630,0.0,0,0,13194401.72904821,11872881.271471828,7,0,0.0,548.3576390263873,0.0,2189.963628619737,255,2733369122,0,255,0.0,0.0,0.003847549018312974,141,741,0,0,7,0,3,1,1,1,0,0,0,3,8,0,tcp,-,FIN
1443,2.1211857619150574,56,0,1184,0,38232.23570459114,0,98,17219279.076499786,0.0,9,3,3264.680326913737,192.31145236485165,0.0,2668.426012334754,250,1025884734,3038018008,255,0.0,0.016975204991607155,0.02880388459339184,69,183,0,4058,14,0,4,3,1,6,0,0,0,8,12,0,tcp,-,FIN
1444,0.0,2,59,8789,0,13699.866833473297,126,189,81253747.15568948,0.0,11,0,250.25921245868278,319.2171834355123,21272.965613136632,0.0,194,3064273468,4088551911,255,0.23998057976584175,0.07474795282952772,0.054693032342557166,182,94,0,0,9,3,7,4,1,11,0,0,0,4,15,0,tcp,-,CON
1445,0.0,24,1,46,75500,0.0,57,73,0.0,22493.87874106213,8,0,0.0,3.048285800607451,0.0,472.82668837847217,232,0,2091370477,247,0.0,0.04150693212967871,0.02825772843592131,28,86,0,0,20,0,7,6,1,4,0,0,0,7,17,0,tcp,-,FIN
1446,0.0,112,28,46,46684,0.0,0,64,2655982.38285413,15742556.890333928,8,0,0.0,0.0,0.0,2390.853002193083,255,2122009034,2326327258,255,0.0,0.059303517356977226,0.02384627335498861,28,826,0,28165,15,0,3,1,1,6,0,0,0,3,8,0,tcp,-,FIN
1447,1.0432544082587074,52,58,597,85830,0.0,34,216,32229241.266729597,534042.7525894872,4,37,3099.8404874344283,0.0,28241.90245334446,0.0,255,854029395,768505637,241,0.09869905726631001,0.040317232610045266,0.03236082200611432,211,52,1,37191,4,1,1,1,1,1,0,0,1,3,5,0,tcp,http,FIN
1448,0.0,1,0,10742,76871,176229.93685176107,213,0,588808464.1162667,0.0,1,0,0.0,835.0491614264678,0.0,0.0,1,0,46938548,0,0.0,0.0061783927691730365,0.0,1090,8,0,21401,6,1,2,3,1,3,0,0,0,3,2,0,udp,-,INT
1449,0.0,1,0,3119,525,69189.05717874847,210,0,814859696.7913764,367228.5142690069,0,0,0.0,0.0,0.0,1967.3944083716651,3,1216699742,0,81,0.0,0.0,0.0,1109,0,0,18262,2,2,2,2,1,2,0,0,1,1,3,0,udp,-,INT
1450,2.6239785516272502,57,0,2585,0,0.0,54,133,87063790.11065447,8099727.792824455,16,33,1250.4059431468904,1055.0237547367583,0.0,1233.6583054083158,235,2863037267,3198052613,193,0.10767704131928267,0.0,0.008218754325229923,64,688,0,37100,8,0,1,2,1,2,0,0,0,6,2,0,tcp,-,FIN
1451,2.7677285187745437,98,122,46,4898,12967.100406109039,17,0,0.0,5751982.517484788,4,76,0.0,0.0,0.0,904.0332695054069,228,2419329421,3649606060,160,0.0,0.001694766676027437,0.016174755624767462,228,716,0,0,4,1,1,1,1,2,0,0,0,4,7,0,tcp,-,FIN
1452,3.89354413585049,3,101,12792,51849,0.0,164,212,0.0,698898.4268137004,7,0,0.0,34.734772288085416,0.0,2655.747064417376,205,4112688876,2231324764,207,0.02824180653139731,0.06626206739922294,0.06339124166770786,193,0,0,0,9,2,3,5,1,14,0,0,0,6,13,0,tcp,-,CON
1453,0.0,49,99,46,0,23197.639383403373,93,0,0.0,15494368.69439394,6,23,498.9463988421638,234.12615182031576,18502.253340744668,2909.128982163555,170,2898402258,196472925,255,0.04508858779112778,0.0010355450593885515,0.0,28,820,0,0,10,0,3,1,1,1,0,0,0,1,6,0,tcp,-,FIN
1454,0.0,56,93,46,0,52990.16092791581,95,90,0.0,800943.5636495588,0,35,0.0,893.7979517775076,14880.42467095909,1721.1478323918227,217,877857975,0,255,0.0,0.0,0.0,183,44,0,6260,10,0,10,7,1,10,0,0,0,11,13,0,tcp,-,FIN
1455,0.5036721271484222,5,0,4881,23777,0.0,64,17,0.0,0.0,1,23,0.0,732.5001292167684,1254.9107582669972,0.0,255,408770913,2269153508,218,0.04627022631844192,0.012490199213807262,0.02132999670953502,226,40,1,0,2,1,2,1,1,3,0,0,1,6,2,0,tcp,http,FIN
1456,0.14780553636801025,69,14,46,99740,0.0,41,221,0.0,316153.84747985064,0,11,0.0,232.167542207987,10135.340795238804,0.0,232,4294813520,1656269193,255,0.18056935493929283,0.09468736269075916,0.08061770906636863,228,0,0,0,15,4,5,5,1,8,0,0,0,4,11,0,tcp,-,CON
1457,0.0,24,0,10481,0,16551.94924855715,60,100,49133525.74917366,2522202.6003507115,8,0,0.0,65.04041878058442,0.0,1492.46843080396,236,1053901455,389330204,255,0.0,0.0,0.016044944502176365,46,457,0,119,12,1,3,2,1,1,0,0,0,9,8,0,tcp,-,FIN
1458,0.0,63,0,7488,0,0.0,237,254,100364304.72868295,2463390.46607212,4,15,0.0,0.0,15264.059680431219,274.65830977505414,235,4294813520,38134086,249,0.1588441073082845,0.11774566424761988,0.07039771349729539,264,0,0,0,6,1,2,1,1,7,0,0,0,1,8,0,tcp,-,FIN
1459,0.0,20,47,6866,0,0.0,142,206,44392464.04703603,0.0,0,0,348.9299102089666,0.0,14591.060688416954,618.0102441127551,255,1202370771,1590575763,208,0.10908761668980678,0.11047669411549702,0.09072146606152015,224,0,1,17900,6,1,1,1,1,1,0,0,1,1,1,0,tcp,http,FIN
1460,4.0377556994723465,28,7,3895,23974,0.0,51,0,0.0,1886403.0046047543,6,0,2831.7762728692064,1708.9609799915875,10047.495907323659,4679.621168367129,0,0,0,109,0.0,0.0,0.0,121,0,0,936,2,0,8,3,1,7,0,0,0,4,1,0,udp,dns,CON
1461,0.0,64,14,3780,69422,75342.98407758705,44,87,63862886.62770338,2941957.9479800253,11,70,2527.6017883865984,0.0,10066.229585272473,2637.9310529010786,255,2342909243,2707110120,247,0.0,0.005932981563153939,0.0,28,918,0,0,7,0,1,2,1,3,0,0,0,2,6,0,tcp,-,FIN
1462,0.0,61,19,46,151035,0.0,37,30,48819039.042413816,4676492.618025981,13,67,66.13729464190713,0.0,22682.501100397243,0.0,251,1048113178,4294881924,181,0.0,0.01646466829727939,0.0,28,1009,0,8102,2,0,1,1,1,2,0,0,0,2,5,0,tcp,-,FIN
1463,0.0,19,0,57,0,0.0,148,174,0.0,0.0,3,11,3754.3468350402995,0.0,1710.679875563047,0.0,255,878262292,838345520,255,0.270012028058786,0.25748939608060933,0.056604571875999536,97,140,0,33247,14,3,1,1,1,8,0,0,0,1,1,0,tcp,-,CON
1464,1.2335659311086156,41,37,46,8826,93989.12371345462,183,163,99758881.81890485,0.0,4,0,0.0,0.0,4838.435794026458,1878.722230766573,255,4148868252,0,255,0.19043584185542803,0.12757104806998182,0.10373023334570712,158,205,0,608,1,2,1,1,1,7,0,0,0,1,12,0,tcp,-,FIN
1465,0.2834818216152185,17,115,4321,30747,30161.20954219459,255,196,10749778.124560615,0.0,8,0,2168.7417539796907,0.0,0.0,1391.8903622785706,255,3171322280,1263326071,255,0.1538888394807084,0.10880518976576897,0.07488917395963021,28,39,0,20745,4,1,1,3,1,5,0,0,0,3,5,0,tcp,-,FIN
1466,0.885631095963991,31,138,9345,30334,0.0,22,0,14229169.831272718,6520447.801850291,5,11,0.0,0.0,15632.881480471324,0.0,255,4294813520,3292345651,255,0.027357069513744624,0.0053038827161509036,0.0,251,783,0,0,2,0,1,2,1,1,0,0,0,1,6,0,tcp,-,FIN
1467,0.0,1,0,10975,57498,0.0,185,149,0.0,1182569.5885359459,6,0,0.0,328.3761078041428,0.0,0.0,253,3406473340,2003806810,255,0.13984435837363837,0.03144094760026559,0.04733531694447993,28,311,0,11891,11,1,3,2,1,7,0,0,0,4,5,0,tcp,-,FIN
1468,0.20347460636714546,21,135,6111,60137,26487.476920648758,0,0,130828574.85618152,14927095.498769365,6,0,2091.364843858581,552.1329145000603,0.0,0.0,255,2052212318,52791206,255,0.03865565135009857,0.0,0.01932655000400141,28,372,0,0,7,0,5,1,1,5,0,0,0,3,4,0,tcp,-,FIN
1469,0.18250701984053866,1,66,7750,55137,57239.547865324006,0,0,27950280.106314383,5070663.897319984,0,0,1118.1795719917106,267.1346481138068,0.0,2346.458612695223,255,612901340,2209339393,255,0.052858177843005755,0.0511721977662862,0.0,28,101,0,0,18,0,6,5,1,4,0,0,0,9,13,0,tcp,-,FIN
1470,3.155817664212993,19,0,46,14807,54574.26061009617,63,6,62972986.20197064,0.0,5,46,1627.0714360715897,0.0,0.0,0.0,163,1983439576,300788884,255,0.0,0.0,0.04108881325977435,184,158,0,0,9,0,10,6,1,6,0,0,0,13,10,0,tcp,-,FIN
1471,4.18794926606544,41,0,46,25793,21246.450728012303,203,254,0.0,0.0,0,11,0.0,0.0,841.4316588867373,1752.4838964886715,255,2047677943,1468430213,253,0.1665080848862361,0.0854934286965516,0.11803339780321392,44,338,0,10019,1,2,1,1,1,1,0,0,0,8,2,0,tcp,-,FIN
1472,0.0,2,58,3311,0,30068.02440492376,39,16,41666997.47499967,3313144.3933096724,0,5,2657.456038522908,0.0,18721.07945679321,1227.8859239269111,21,742069637,998449635,0,0.0,0.02969723633876925,0.0,29,0,0,0,3,1,2,3,1,5,0,0,0,4,1,0,udp,dns,CON
1473,1.902600980781165,1,52,46,0,0.0,87,21,42840735.56376116,0.0,7,0,1758.2768030907625,0.0,0.0,0.0,255,1176411812,1569908438,255,0.0,0.022112445963354436,0.0,57,114,0,0,10,1,1,2,1,1,0,0,0,2,4,0,tcp,-,FIN
1474,0.4854437188250532,79,19,6670,162910,0.0,0,55,0.0,4274434.698255127,12,0,0.0,0.0,0.0,2588.963073257309,241,719216168,3421886177,233,0.019162931731353708,0.03315431719670873,0.037421615653449924,118,717,0,9881,7,0,2,2,1,4,0,0,0,6,5,0,tcp,-,FIN
1475,2.3862067413400134,10,43,46,43773,0.0,241,240,0.0,980613.5427661182,1,0,1570.9775625758643,0.0,18545.36189953404,0.0,140,4291068489,676824549,255,0.1636296078962185,0.09495368803740235,0.03915339312973748,186,0,0,9091,7,1,1,1,1,5,0,0,0,1,6,0,tcp,-,FIN
1476,0.7706615723685033,66,0,46,0,43397.10851922692,0,49,0.0,0.0,1,0,2831.46162513261,198.450239044356,0.0,0.0,149,304784212,3437245021,255,0.0,0.0,0.02901622102969718,28,50,1,2447,7,0,1,1,1,2,0,0,1,2,1,0,tcp,http,FIN
1477,2.293627579506323,1,0,5324,12821,14301.714941698923,235,254,0.0,0.0,2,5,0.0,0.0,44913.265381123645,0.0,255,2766680246,1562506571,255,0.2018925794606616,0.1302943676512266,0.024061267812542836,28,186,0,19608,2,1,4,1,1,10,0,0,0,2,3,0,tcp,-,FIN
1478,1.8615285172320346,73,144,10818,0,5071.938588885042,158,35,0.0,1253556.0229481682,4,45,0.0,1198.5732057505145,0.0,3689.625940401402,223,0,4294881924,255,0.011252889748927384,0.06980475975568849,0.0,28,1117,0,0,6,1,1,1,1,1,0,0,0,1,1,0,tcp,-,FIN
1479,0.9074407810393605,113,69,46,18554,60650.44895010213,69,168,93808257.94503742,8974082.555825826,5,4,0.0,1743.1152992440266,0.0,0.0,255,4294813520,4294881924,255,0.0,0.05135195346522242,0.0,87,762,0,5914,4,0,1,1,1,1,0,0,0,6,4,0,tcp,-,FIN
1480,0.2764122017167102,20,0,5556,65993,24740.992296680633,18,75,8861776.036328396,272801.0539015359,1,6,0.0,0.0,1884.7013809209222,0.0,168,0,2655590778,255,0.06565145863889581,0.019831338761327293,0.031335264650758775,226,186,1,0,2,0,2,1,1,4,0,0,1,3,6,0,tcp,http,FIN
1481,2.9282368624385313,29,57,46,0,43156.41254548482,224,198,0.0,0.0,6,39,917.9365068639437,0.0,0.0,485.55217040355546,198,2794688634,126665745,243,0.21934944101886264,0.07582891576998754,0.04949536834719533,384,26,0,0,12,2,1,2,1,4,0,0,0,4,2,0,tcp,-,FIN
1482,0.0,19,68,1651,9640,30454.107289122705,29,48,0.0,0.0,5,51,2353.4712149096117,0.0,0.0,0.0,255,3034993351,0,255,0.0013592009843670615,0.005248803437600307,0.02420946533591037,28,178,0,7151,10,1,12,4,1,12,0,0,0,10,18,0,tcp,-,FIN
1483,0.0,25,85,11057,0,34775.429642071795,37,0,0.0,0.0,0,22,1473.1075716317423,0.0,0.0,5724.623218300508,249,683562447,688428552,255,0.0,0.0,0.01559432319086293,159,271,0,47641,10,1,4,5,1,6,0,0,0,8,14,0,tcp,-,FIN
1484,0.0,27,47,6410,0,0.0,41,254,0.0,0.0,7,0,1265.3185034043686,518.0964984385685,27433.40051499113,0.0,255,3600327821,2837023010,202,0.08400668013802902,0.10589494422285647,0.04064300417512757,102,13,0,15602,11,3,6,6,1,13,0,0,0,8,12,0,tcp,-,CON
1485,1.0092821237944103,62,141,10208,102821,37960.61568661362,57,0,0.0,3477108.8515232303,11,54,2645.1493200169475,0.0,61060.404852380285,2293.6137317209405,254,2406091891,3701721235,255,0.09959731956597231,0.014214257408044885,0.02626495638421632,355,1097,0,11531,6,0,2,2,1,1,0,0,0,4,3,0,tcp,-,FIN
1486,2.15233807385044,146,163,20637,46644,18248.507763561527,0,0,87351019.66687427,0.0,26,64,0.0,0.0,16846.218336974653,4965.378459746164,244,4294813520,1749971646,212,0.0,0.021109865667137857,0.016218052803627443,204,0,0,16257,6,0,1,1,1,1,0,0,0,2,5,0,tcp,-,FIN
1487,0.0,1,32,46,75427,0.0,0,46,83430663.39764677,2920518.2684467263,8,0,0.0,261.7989606254167,14096.328917211154,9680.599821597518,218,1170033058,3125602405,255,0.009264232448098436,0.0,0.0,305,668,1,0,1,0,1,1,1,1,0,0,1,4,1,0,tcp,http,FIN
1488,0.0,17,15,46,0,30285.064460869275,49,79,0.0,2858909.9068558756,3,37,334.77333844586724,0.0,0.0,0.0,190,1443493194,1977228226,255,0.025641027903806273,0.0,0.015601954028554505,213,243,1,6792,1,0,1,1,1,1,0,0,1,6,8,0,tcp,http,FIN
1489,1.497294757362203,7,0,46,0,51536.69500365038,0,54,32385364.056025106,0.0,0,0,3360.9218226639805,0.0,24105.459271638247,950.2983425755488,76,223891208,0,0,0.0,0.04611513046666018,0.0,112,234,0,19137,7,1,5,1,1,2,0,0,0,1,4,0,udp,dns,CON
1490,0.08796221013985234,1,0,46,0,0.0,98,254,0.0,1973291.7098999403,3,0,1007.7437629179163,0.0,0.0,3750.7886535935,255,523509487,1781786428,182,0.2434615659865353,0.22769973545684744,0.08148997519401958,125,0,0,1775,5,4,2,3,1,2,0,0,0,1,1,0,tcp,-,CON
1491,1.1967199546762501,11,0,46,0,0.0,30,48,25607817.86415866,1776629.0067133065,3,0,0.0,0.0,16799.787538113495,3551.081735889519,199,170385333,2311070655,255,0.13087018741623022,0.03455015110415302,0.007753764045111277,71,533,1,3016,2,0,1,2,1,1,0,0,1,2,5,0,tcp,http,FIN
1492,1.8366483726045448,1,4,147,0,0.0,0,38,63474305.97166245,807388.7228181046,6,12,2026.3191863345521,151.4849988179396,0.0,3039.685732383386,195,2893400296,0,183,0.0,0.0,0.02984314430515107,28,138,0,0,16,0,12,7,1,7,0,0,0,11,14,0,tcp,-,FIN
1493,0.5773613382246476,1,20,46,0,0.0,67,227,0.0,1921693.4708850088,3,0,1085.2664425310795,0.0,0.0,1588.735218352783,236,0,390778109,174,0.023565946104182,0.11260996157592335,0.0843620696465015,146,224,1,0,1,1,2,1,1,3,0,0,1,3,1,0,tcp,http,FIN
1494,0.7667097124390237,1,76,5410,0,0.0,0,70,1755358.0454794932,2998312.813789994,0,0,0.0,12.36627542698927,0.0,5230.631153730787,18,0,0,65,0.0,0.0,0.0,231,107,0,0,3,0,5,1,1,3,0,0,0,2,8,0,udp,dns,CON
1495,0.0,54,84,7229,182188,23408.741173003527,65,80,10501233.150414806,2958282.0504906704,0,49,309.4653725774082,521.2186612351865,0.0,1283.9991564173322,245,738010561,4294881924,255,0.0,0.0,0.0,28,1152,0,21008,3,0,3,1,1,1,0,0,0,1,1,0,tcp,-,FIN
1496,1.5278337789964813,25,61,46,0,65726.65783189722,242,249,232392480.6249343,0.0,7,8,0.0,422.27206370659934,36310.8616428905,533.264627227472,255,3934284720,2009868478,218,0.11836721725630818,0.06704581143524907,0.08919774696370715,28,0,0,31563,7,1,2,2,1,4,0,0,0,1,3,0,tcp,-,FIN
1497,0.0,1,73,5503,16554,0.0,122,23,208211929.70094132,1770214.2046225385,3,13,1589.0453045636848,1592.6343641731553,0.0,1894.484440467192,252,2638463325,564331404,255,0.0,0.0,0.031460658266608814,28,53,0,40672,7,0,10,7,1,11,0,0,0,9,14,0,tcp,-,FIN
1498,0.0,36,6,6398,0,16032.833902416147,84,109,26740223.792652726,0.0,7,0,0.0,0.0,0.0,0.0,249,0,3389589278,255,0.0,0.014877265766248792,0.0,121,0,0,0,18,0,5,5,1,5,0,0,0,7,14,0,tcp,-,FIN
1499,0.0,1,32,46,0,908.9109401203077,10,251,0.0,514831.19271832093,4,18,879.7505179158313,0.0,0.0,0.0,255,4294813520,2941905346,250,0.1507575831185442,0.09629015265661679,0.07201660693364974,289,140,0,0,17,3,6,6,1,15,0,0,0,1,10,0,tcp,-,CON
1500,1.0934390539210255,1,0,46,63479,90583.13586613332,155,4,760753531.5532992,0.0,0,25,2244.9302706651238,961.8689621169524,0.0,191.93433546375863,0,0,237373779,75,0.023694744927352664,0.014748380253675671,0.026593438164045576,1149,87,0,0,3,2,2,1,1,2,0,0,0,1,1,0,udp,-,INT
1501,0.2665158937608618,67,154,46,0,0.0,0,53,90826990.07842511,5788006.450359843,11,60,616.3892856023233,42.71238177914726,15645.433726840225,0.0,255,1263949607,4294881924,246,0.0,0.08192774540509953,0.0017450479102226956,198,1452,0,0,1,0,5,1,1,1,0,0,0,1,4,0,tcp,-,FIN
1502,0.0,42,34,46,0,0.0,2,247,0.0,0.0,3,11,671.3815247057073,1137.0421536413694,0.0,0.0,255,4294813520,1774511553,255,0.1871573858458553,0.03590475807508084,0.11307701895423863,206,203,0,0,12,3,7,6,1,15,0,0,0,5,9,0,tcp,-,CON
1503,2.5212725049793274,131,65,2829,11388,69082.53072507701,121,0,0.0,0.0,31,54,187.25572488925312,623.1168026483904,53649.33459226507,6058.447857378777,255,3934391066,1908167271,185,0.00919050946596898,0.0,0.0,73,172,0,0,8,0,1,2,1,1,0,0,0,5,6,0,tcp,-,FIN
1504,1.169108826863229,4,14,1032,15898,38272.69921766908,253,254,0.0,0.0,1,22,1431.7254916175043,204.1268344205228,26456.34596252378,5084.8310837596855,150,1971205977,3153945074,187,0.18538241432412836,0.014787056172174608,0.08125057959553914,183,85,0,18380,5,0,1,1,1,1,0,0,0,1,1,0,tcp,-,FIN
1505,2.14361758382239,80,152,46,8211,12879.009613643662,77,27,61820732.249366775,4613801.340901582,14,91,0.0,0.0,1649.164981541605,0.0,255,4001327990,4294881924,255,0.017711930723126556,0.00348266400861925,0.011799355776499132,28,796,0,0,8,0,1,1,1,3,0,0,0,7,1,0,tcp,-,FIN
1506,0.0,1,9,46,0,19921.316147801786,17,121,66853969.92476065,3003573.4056223403,1,33,0.0,0.0,8396.834879340211,112.37464200670108,227,0,2084576292,255,0.0,0.042582154234572234,0.003940277378417038,51,111,0,22134,21,0,4,6,1,8,0,0,0,11,12,0,tcp,-,FIN
1507,3.3915856974293224,9,29,46,0,28199.60335376413,245,254,35582549.71665865,2494403.858546644,1,0,0.0,69.26524875638336,618.7287887042596,0.0,255,2397697839,3760920077,247,0.10801862145750009,0.0627777099196175,0.0033200991811649302,227,88,0,28742,3,1,1,2,1,2,0,0,0,5,1,0,tcp,-,FIN
1508,3.3136081392659706,139,114,6011,29107,0.0,29,0,89579434.58198151,3621906.0608660877,2,14,0.0,0.0,0.0,3282.850753954027,197,1858137946,4294881924,255,0.021485980609134616,0.0,0.0,28,622,0,5992,4,0,3,2,1,1,0,0,0,3,2,0,tcp,-,FIN
1509,1.8777961074019258,70,15,6785,5049,0.0,85,66,0.0,5886777.747085797,10,21,0.0,512.542280981007,0.0,673.7597917181092,255,4235336112,4294881924,255,0.0753320325246613,0.05313330171626171,0.0,56,876,0,25835,1,0,1,1,1,5,0,0,0,7,4,0,tcp,-,FIN
1510,0.9719916337961038,4,26,4741,65781,67572.31259003884,255,15,719297256.7351741,0.0,0,0,73.69829517581714,1445.8046336455454,0.0,4054.7613710793225,53,226335816,338766994,25,0.00740101250465794,0.0,0.0,1083,16,0,0,2,2,3,1,1,3,0,0,0,3,1,0,udp,-,INT
1511,0.9929554625669006,23,0,1135,0,10747.674065722118,0,95,32859245.203208055,537296.8740393423,0,14,1591.3760719750674,0.0,30410.609910396524,0.0,255,789276342,2194812860,174,0.013028469823253707,0.0,0.0,140,356,1,0,3,0,3,1,1,4,0,0,1,5,4,0,tcp,http,FIN
1512,0.8581052952211807,47,0,46,24722,0.0,111,3,137718520.5188786,121814.36318019539,4,0,0.0,898.9809706630812,6388.50338336015,0.0,234,330354351,1233087879,249,0.03415446460571534,0.03569789801250817,0.06727368358309531,204,159,0,3981,8,1,4,2,1,1,0,0,0,4,5,0,tcp,-,FIN
1513,0.0,1,73,46,12378,0.0,17,38,33697828.45533988,71107.46352461551,4,32,2380.265072498703,183.90173108147397,12275.784428563782,0.0,197,2856006615,0,208,0.0,0.023116748948410554,0.022157517906926993,251,0,0,4692,8,0,11,5,1,13,0,0,0,9,10,0,tcp,-,FIN
1514,0.0,1,20,46,65216,19226.9221091001,40,247,0.0,0.0,0,0,3476.2988999329677,788.8212268274843,19716.632618848147,0.0,255,4294813520,2580434321,255,0.04503034124310955,0.07556466999164638,0.03242396174216573,213,85,0,30041,13,2,6,5,1,9,0,0,0,7,9,0,tcp,-,CON
1515,0.0,22,2,46,0,0.0,0,32,33029274.385127988,2868426.857539969,0,0,0.0,0.0,0.0,0.0,255,3070296389,1047512504,203,0.013455530433323376,0.05742802536402955,0.005970616949222781,237,103,0,0,8,0,13,7,1,7,0,0,0,16,14,0,tcp,-,FIN
1516,0.0,1,33,1556,54472,0.0,62,0,116331022.00475547,1103162.5034854324,4,0,0.0,0.0,0.0,3285.602210367917,255,81755540,2617572498,188,0.0,0.0,0.012429527960180915,38,62,1,0,3,0,2,1,1,7,0,0,1,2,5,0,tcp,http,FIN
1517,2.92023484568184,102,65,13501,45795,0.0,36,58,0.0,11103359.254938517,0,7,2819.6994656309776,956.7353115519463,45934.499471486444,1351.2218651298076,255,4294813520,4294881924,129,0.0,0.010362063418729507,0.0030736060362425125,43,645,0,0,2,0,1,1,1,1,0,0,0,5,1,0,tcp,-,FIN
1518,1.1588066981811833,75,87,10317,109339,21714.014771546947,36,50,0.0,4102024.007685465,10,6,2298.3939080610953,0.0,12156.505324634974,0.0,242,816778806,4294881924,255,0.0,0.0,0.0006921942909283991,302,905,0,0,7,1,5,1,1,3,0,0,0,2,4,0,tcp,-,FIN
1519,3.6125210861955424,13,102,46,0,6556.354385354049,11,93,0.0,6574410.450992781,13,12,1160.37044028743,624.0140973896157,0.0,207.044435346654,228,3528883108,3961399260,127,0.14336682735583356,0.0,0.0,256,755,0,0,2,0,1,2,1,4,0,0,0,2,3,0,tcp,-,FIN
1520,1.773512137594855,1,0,6477,0,0.0,3,28,65648794.65457582,0.0,5,0,0.0,0.0,0.0,0.0,255,902666762,1501124395,237,0.0,0.0,0.010643100846621371,28,146,0,0,7,1,1,1,1,1,0,0,0,2,7,0,tcp,-,FIN
1521,0.0,1,20,5841,27246,41537.25036439369,13,8,0.0,199171.24679808994,9,4,976.9276203003618,0.0,17097.168599427572,0.0,249,0,1842976941,255,0.0,0.024808853832935792,0.007740043720856838,95,205,0,0,20,0,6,4,1,3,0,0,1,9,15,0,tcp,-,FIN
1522,2.742049751235144,1,0,46,29325,0.0,85,254,51578464.41082336,0.0,2,0,0.0,384.6760586846244,0.0,3351.71527131881,255,3954124377,1756922926,215,0.14169391708531434,0.04345859039948877,0.08221778882191011,178,0,0,30425,10,3,6,4,1,13,0,0,0,5,15,0,tcp,-,CON
1523,0.0,3,0,6753,33069,17195.70504954145,62,0,0.0,1952337.5832547443,8,0,0.0,306.00575379059376,0.0,0.0,255,752441117,1979332916,194,0.06084883393708033,0.0,0.024591861491955594,174,47,1,0,1,0,1,1,1,6,0,0,1,3,5,0,tcp,http,FIN
1524,2.7465507977538657,48,15,2537,14439,43909.14609268905,20,83,0.0,11889625.088833552,5,24,928.0179585296978,624.9715326166881,0.0,3994.0006111553002,255,1164802496,0,251,0.032282869021339644,0.0,0.02365775611830678,189,892,0,17134,7,0,1,1,1,3,0,0,0,3,3,0,tcp,-,FIN
1525,3.005584107112428,32,82,46,101183,0.0,78,83,0.0,0.0,0,24,0.0,0.0,0.0,0.0,30,0,0,0,0.02748613973499021,0.0,0.0031244637711197666,252,39,0,26739,2,0,2,1,1,1,0,0,0,1,3,0,udp,dns,CON
1526,2.6940314507394043,35,22,3203,0,0.0,27,92,144352674.26037917,2179570.4917016854,0,35,1952.0857542943452,0.0,20720.721918731168,371.6715257200117,0,0,0,10,0.0,0.0,0.0,77,496,0,0,2,0,7,1,1,2,0,0,0,2,1,0,udp,dns,CON
1527,2.911589188185482,117,58,9273,43632,66842.38694069043,6,48,78124845.90577345,1148695.4381118657,37,36,733.5857446610055,738.1504214560089,0.0,2717.130896160234,205,4294813520,1537875633,197,0.0,0.0,0.021742957569835703,178,159,0,5463,8,0,1,1,1,1,0,0,0,3,9,0,tcp,-,FIN
1528,1.690876010440678,1,0,46,40879,0.0,255,228,0.0,0.0,7,8,0.0,1174.109966737678,0.0,2734.5374138069274,253,3918108882,2249066722,249,0.11256006019999806,0.025985566906828593,0.07234500839647864,132,0,0,12105,4,1,2,1,1,3,0,0,0,3,9,0,tcp,-,FIN
1529,0.5134973337555161,27,0,282,116819,0.0,187,254,0.0,1016314.9680974188,0,0,0.0,0.0,0.0,0.0,254,2628031965,3427520502,236,0.07855636680869582,0.05525042915024297,0.0,51,0,0,8639,3,0,1,1,1,1,0,0,0,1,2,0,tcp,-,FIN
1530,4.606302731715437,29,92,46,0,49126.91694832591,255,254,0.0,1634841.1409026717,5,15,0.0,963.8350806361901,4198.460233514478,290.6452512990951,227,3846629004,0,254,0.14406103691979222,0.09507845374395996,0.00968737593433918,63,0,0,1727,6,1,2,3,1,5,0,0,0,3,8,0,tcp,-,FIN
1531,1.1863074592839724,19,0,4632,0,0.0,178,224,0.0,492104.5437066182,6,10,0.0,0.0,0.0,99.49004437508009,255,3110621476,2340240793,255,0.19856248048324485,0.06981128397134936,0.022263956440402605,156,0,0,0,6,2,2,2,1,1,0,0,0,1,5,0,tcp,-,FIN
1532,0.0,43,85,1248,0,0.0,0,96,130806030.66365732,0.0,4,36,4476.020035310322,157.7080976745551,0.0,1048.5576516027356,255,806411983,1271123196,255,0.17097321207690622,0.020112635489869527,0.01651021121229863,157,175,0,13924,18,0,2,5,1,6,0,0,0,9,14,0,tcp,-,FIN
1533,1.414486705091568,1,24,1652,105537,0.0,155,254,0.0,0.0,12,0,0.0,308.6094863056166,11599.193552649573,654.5774116946124,255,1423947334,3000047839,255,0.13069809113976194,0.12021739587401431,0.06924874519613332,93,0,0,0,1,1,1,2,1,3,0,0,0,3,3,0,tcp,-,FIN
1534,2.288821383532894,57,24,4437,28577,84063.47276979081,245,0,879505472.5804224,0.0,0,0,0.0,0.0,0.0,0.0,77,933811049,1031513607,0,0.03196831643383641,0.0,0.022945745442496113,919,0,0,602,4,3,1,2,1,1,0,0,0,3,4,0,udp,-,INT
1535,2.2154629418862513,1,0,46,30723,58310.44478553456,255,94,749076520.9480511,3648722.48226682,4,8,2372.1370316827915,0.0,3959.725140145694,413.6675210016854,0,887944830,0,12,0.0,0.0,0.01508115174783788,1218,178,0,3695,3,2,4,1,1,1,0,0,0,2,1,0,udp,-,INT
1536,0.0,87,116,46,268823,0.0,25,34,0.0,6315477.568098557,10,26,0.0,0.0,0.0,0.0,192,3788655183,3275107751,240,0.0,0.0,0.030377535942102258,74,764,0,17992,1,0,5,1,1,1,0,0,0,5,3,0,tcp,-,FIN
1537,2.3142486787588616,38,69,46,101924,41768.723002111496,63,0,8087136.347205732,5073592.618859939,4,14,1491.071120421881,549.2914453024094,28398.652608724453,106.94955317161465,239,1670997583,4294881924,255,0.09124621611902942,0.01144777830827895,0.03309011357976612,28,1034,0,40523,1,0,2,1,1,5,0,0,1,3,5,0,tcp,-,FIN
1538,1.3744299525411412,1,46,3939,0,0.0,147,0,97870811.43308803,0.0,0,0,3807.155950948275,0.0,16184.453585409776,327.68464771263916,4,0,0,36,0.005536345785586187,0.024875994559347657,0.027545494354977183,28,0,0,0,1,0,7,1,1,2,0,0,0,5,1,0,udp,dns,CON
1539,0.1623571276751843,56,0,46,0,19070.05971261528,255,254,0.0,3300993.3981478363,8,23,0.0,34.94094852588482,0.0,0.0,242,2794584296,0,227,0.15018136130996518,0.05343603628446799,0.08848352533655084,304,0,0,1105,5,2,1,1,1,5,0,0,0,2,10,0,tcp,-,FIN
1540,0.0,3,15,1424,0,0.0,216,254,40881743.02698226,83187.60969363009,3,0,3056.8258322798565,0.0,10171.289115980957,0.0,225,3049560397,3963879581,233,0.3157218820733867,0.07844041719806177,0.12461836609693823,125,0,0,0,1,1,2,1,1,2,0,0,0,1,5,0,tcp,-,FIN
1541,3.641932337623026,33,26,3318,0,52482.87917746661,31,254,0.0,0.0,3,0,1983.2557108487072,652.9475772899368,42350.87934062301,0.0,238,1187269643,1402132546,228,0.18244518303208068,0.08601637926447708,0.11713638045631958,36,202,1,31355,4,1,2,1,1,3,0,0,1,1,5,0,tcp,http,FIN
1542,3.0469559506787256,9,0,4192,0,38341.885451415146,31,95,32985842.261726424,0.0,0,20,4063.0825046779496,139.95426315351395,26690.843513597927,0.0,26,519468484,663765793,0,0.0456390688290243,0.014933752400380413,0.00217773092252568,120,0,0,922,1,1,7,1,1,1,0,0,0,1,4,0,udp,dns,CON
1543,3.128479081465519,1,23,46,0,0.0,0,90,0.0,0.0,3,11,1502.6528365991003,0.0,34281.56835455717,2096.7848366432886,0,0,351433148,10,0.0,0.0,0.044778636662489005,133,404,0,0,1,0,1,2,1,3,0,0,0,1,2,0,udp,dns,CON
1544,0.0,47,0,96,0,24330.651088553223,227,254,0.0,228866.56438222915,3,0,0.0,10.556273782542121,16408.49592367941,1399.548152383467,255,3910988134,3548021870,235,0.13811696564891507,0.08039773990186842,0.04839510834134125,67,0,0,1098,1,2,4,1,1,1,0,0,0,1,1,0,tcp,-,FIN
1545,0.4330159734133603,7,0,14515,108668,57698.63377886504,255,254,42276169.18084206,0.0,4,0,0.0,0.0,0.0,2754.3451649120475,255,4294813520,1438532009,255,0.28283863920385177,0.08710785668154764,0.04493011564944363,164,234,0,2160,3,1,4,1,1,5,0,0,0,1,5,0,tcp,-,FIN
1546,0.48768668118943886,1,84,12512,20351,0.0,112,254,0.0,0.0,3,0,0.0,15.3726093793577,17710.574139817643,5751.67924682338,255,559069171,1895925514,255,0.4296708275339025,0.2617818866244359,0.11598808503410696,264,180,0,0,4,3,2,1,1,3,0,0,0,1,6,0,tcp,-,CON
1547,2.994411868987207,1,56,6761,0,0.0,0,66,112621847.30187315,4399374.296871323,0,29,0.0,515.679400895281,38596.74709886466,3036.9885031585104,0,1555269332,0,0,0.0,0.01238961870655817,0.002967249454635276,150,129,0,24970,1,1,3,2,1,2,0,0,0,1,5,0,udp,dns,CON
1548,1.6225886126486238,31,0,3807,53021,16589.802063529256,0,0,9530170.089552786,0.0,2,0,2564.4909131095965,146.29357030649314,13817.95824760054,0.0,255,0,2235949617,255,0.0,0.0,0.0,154,100,0,13552,11,0,5,6,1,1,0,0,0,7,17,0,tcp,-,FIN
1549,0.0,17,31,46,32030,0.0,39,254,0.0,344526.8395806626,1,0,3163.269148407466,328.0561885077343,0.0,0.0,255,3112290791,1919600738,255,0.1325551770565814,0.023014643521707255,0.02749669076741848,79,333,0,16482,5,3,6,6,1,11,0,0,0,6,11,0,tcp,-,CON
1550,0.3842970851617842,23,30,8753,76169,0.0,60,102,30149902.316097192,6829958.203192858,5,12,0.0,799.3208816688175,1562.7450046862195,3772.05925664343,255,3535805749,3550108619,240,0.04583332073177105,0.0011302519277948827,0.0,28,1231,0,0,4,0,1,1,1,2,0,0,1,6,1,0,tcp,-,FIN
1551,1.584047837425073,64,25,3801,126333,0.0,87,19,0.0,3804594.207663588,16,35,3160.1956471051008,0.0,17371.26232896015,0.0,244,1214909478,4294881924,199,0.10748403312501544,0.0,0.0,66,897,0,0,3,0,1,1,1,3,0,0,0,2,4,0,tcp,-,FIN
1552,2.26267461070068,106,179,11581,24174,5944.793636916534,164,13,6421802.784902131,1447552.9602239039,34,20,0.0,0.0,4330.512550289527,0.0,255,3012290418,1310587202,255,0.0,0.0,0.01574685781632073,158,145,0,0,2,1,1,1,1,1,0,0,0,4,4,0,tcp,-,FIN
1553,3.351995358750364,1,0,46,46273,0.0,8,53,8722933.168454804,0.0,0,17,0.0,0.0,17370.688262175536,925.3667980911457,174,1163411803,4113125619,255,0.0,0.0,0.0,238,0,1,16897,4,0,1,1,1,1,0,0,1,9,9,0,tcp,http,FIN
1554,3.6946013690389408,1,55,46,52310,0.0,42,219,101205307.970133,302309.9036680932,10,28,0.0,0.0,0.0,0.0,255,307327598,1914984265,255,0.17784661023822662,0.052935227351334706,0.048318753636289444,142,0,1,10762,6,2,1,1,1,4,0,0,1,2,1,0,tcp,http,FIN
1555,2.5018478124305927,31,37,4061,43402,0.0,60,0,23766224.133588176,13920042.081859559,5,25,872.6395349671557,0.0,0.0,4750.494905370256,255,1056527657,4181867429,255,0.0,0.0,0.0,28,719,0,0,14,0,4,2,1,5,0,0,0,5,11,0,tcp,-,FIN
1556,0.0,1,0,2188,0,16620.33839508922,220,254,0.0,343588.61461566,2,14,0.0,589.4347149685491,10414.33805518105,0.0,200,2580268326,2581211364,255,0.10798404661143667,0.05083863049455695,0.025598454487365946,28,84,0,14035,4,1,1,1,1,1,0,0,0,4,4,0,tcp,-,FIN
1557,0.0,23,21,5354,103779,110040.86952694725,247,0,787838799.4036437,0.0,4,6,3390.9418385542053,348.4394949073346,8826.335820418837,6674.739046803754,106,0,0,0,0.00032492932714410044,0.0,0.0,1017,0,0,0,4,3,2,2,1,1,0,0,0,3,1,0,udp,-,INT
1558,0.0,32,38,46,0,0.0,42,253,58001235.52769346,0.0,0,2,0.0,1236.63120390643,0.0,0.0,255,0,619171663,200,0.1078354121296481,0.03453090167701228,0.08302533629404298,82,226,1,0,1,0,1,1,1,4,0,0,1,1,3,0,tcp,http,FIN
1559,1.670498819722111,12,0,46,27092,44806.72272325183,125,221,0.0,577739.7741276495,4,0,1945.0461850563972,0.0,0.0,0.0,142,3492033391,2462902432,227,0.23844301733126086,0.05746544461223383,0.10582155414592254,178,100,0,3315,7,1,1,1,1,7,0,0,0,1,5,0,tcp,-,FIN
1560,0.0,1,45,11739,29308,30165.59365668757,68,254,0.0,0.0,0,0,0.0,402.61799680982614,0.0,0.0,255,0,446190303,255,0.1437484642128372,0.07825932476690944,0.0,34,61,1,0,5,1,1,1,1,5,0,0,1,1,4,0,tcp,http,FIN
1561,1.979555931243965,14,14,17545,0,0.0,53,254,161665332.4656622,3823932.6208650437,3,0,2752.963645599367,662.2141121961797,4133.685481077364,0.0,255,166342729,466964944,255,0.0801140590229438,0.04198586627695975,0.03796723232096084,43,51,1,0,7,1,1,2,1,4,0,0,1,1,2,0,tcp,http,FIN
1562,1.4754120589890531,1,0,3135,0,0.0,94,17,0.0,0.0,1,0,302.4791719142314,1730.550564623079,4157.869595610069,2002.1812383013096,24,1000773176,0,0,0.0,0.020431393569484996,0.02601461366368909,274,147,0,32623,1,0,2,1,1,1,0,0,0,3,1,0,udp,dns,CON
1563,1.1346359884444603,1,0,46,0,33507.33487747743,254,193,0.0,2792407.544884068,2,7,823.477572594264,444.2334256550284,0.0,0.0,255,2626694862,4294881924,255,0.30962275130418354,0.06445996941577543,0.09334064667477854,211,296,0,28717,1,2,2,1,1,2,0,0,0,1,1,0,tcp,-,FIN
1564,2.5998928825066834,1,79,46,0,25969.55927795334,0,235,0.0,0.0,2,0,0.0,66.7873522693551,5994.520342674458,0.0,255,0,1032263775,246,0.026686107197345293,0.09139556687324824,0.11839295178994638,28,217,1,48344,6,2,3,1,1,3,0,0,1,1,1,0,tcp,http,FIN
1565,0.0,1,92,3954,0,0.0,241,254,0.0,0.0,6,3,0.0,210.1566742715341,39627.809204917605,1587.9110063577941,255,2114486760,2896430605,255,0.033033861703242184,0.09578335630654118,0.0693703827663619,202,167,0,9470,3,2,1,1,1,3,0,0,0,2,7,0,tcp,-,FIN
1566,0.0,1,47,10060,0,0.0,0,38,0.0,2120540.9367016843,3,0,1283.4476325111636,351.8033753976398,0.0,0.0,255,1813773078,1934852549,255,0.0,0.0,0.011078175309392441,28,0,1,13635,4,0,5,1,1,4,0,0,1,4,9,0,tcp,http,FIN
1567,0.0,26,0,46,22365,35438.910506595865,0,34,0.0,0.0,6,0,4680.0278995855615,1045.904177129388,8840.469215663257,0.0,255,2191303180,1780858206,255,0.01871463306399373,0.0,0.0,43,115,0,0,10,0,4,1,1,1,0,0,0,2,1,0,tcp,-,FIN
1568,2.556557387118852,36,35,221,86402,2559.7217272580515,255,254,0.0,0.0,6,0,0.0,0.0,41042.12097320118,0.0,236,4191362132,262822233,255,0.23002766757425147,0.08352789336229988,0.05122864357548798,33,151,0,0,6,1,3,2,1,4,0,0,0,3,2,0,tcp,-,FIN
1569,3.728078051466293,1,45,1462,37772,615.8072245505368,19,67,0.0,122853.73531713278,7,0,0.0,0.0,0.0,1129.343272476512,0,0,0,3,0.0,0.0,0.01062139495560834,65,0,0,18326,1,0,9,1,1,1,0,0,0,5,1,0,udp,dns,CON
1570,3.2088998055572477,23,61,7727,0,0.0,76,27,0.0,1902243.6632549171,7,20,0.0,1988.8725624150259,40760.71795816944,0.0,255,1317710190,579765417,245,0.0,0.0,0.0,150,212,0,28627,12,0,4,1,1,1,0,0,0,8,6,0,tcp,-,FIN
1571,0.0,60,108,1618,100962,22350.47972016986,0,52,0.0,7517951.801524926,5,23,0.0,0.0,22116.556416426003,1263.423800665733,212,4109417643,4010579426,254,0.0,0.026372304682855664,0.0778039298851658,70,922,0,16534,3,0,1,1,1,1,0,0,0,5,1,0,tcp,-,FIN
1572,1.9810709262459578,11,19,46,0,88596.21678385182,242,0,696567827.3826435,3672750.5005797623,0,19,0.0,646.2308334327923,0.0,0.0,0,18203432,0,0,0.0,0.0,0.0,1081,0,0,0,9,2,4,2,1,2,0,0,0,5,1,0,udp,-,INT
1573,0.0,84,82,9034,110606,0.0,8,157,89941723.4417202,4994503.617824331,1,25,0.0,316.2700950250668,0.0,4288.214611352271,242,1349352289,4294881924,179,0.09524900958679151,0.0,0.0,28,979,0,8231,7,0,1,1,1,1,0,0,0,1,1,0,tcp,-,FIN
1574,3.9840051417263687,1,0,8611,0,0.0,255,238,0.0,0.0,3,0,0.0,327.7282093566958,34380.39222872707,2633.247226871846,255,3508198407,1880415814,255,0.15080296420444506,0.06379988358253974,0.0986573633509126,104,65,0,0,1,1,2,1,1,6,0,0,0,6,6,0,tcp,-,FIN
1575,1.1397967806350826,13,0,2403,19302,9799.902469793898,64,39,0.0,9427000.71727781,7,63,3657.4806484668475,0.0,40231.133594434774,0.0,244,606493069,2722406398,225,0.013873775791503716,0.033471342402549425,0.027538944504624553,70,550,0,0,14,0,3,2,1,1,0,0,0,2,6,0,tcp,-,FIN
1576,1.792066539986418,7,19,3708,0,17783.507586593074,94,254,116181537.96990274,0.0,0,0,2582.576798643754,2046.0677915613498,0.0,0.0,184,3345188946,2659037919,225,0.18007951026509897,0.04649495520365268,0.08735869380955202,28,0,0,34391,13,3,7,6,1,16,0,0,0,6,18,0,tcp,-,CON
1577,0.0,44,28,46,123,0.0,107,8,0.0,396676.9871735162,5,35,0.0,134.05245301360083,41698.88690150127,0.0,255,1082834606,1981635393,250,0.08260579139613453,0.0,0.0,145,77,0,0,16,0,6,4,1,8,0,0,0,9,17,0,tcp,-,FIN
1578,1.5398483966277738,1,34,46,91434,21222.29786674258,236,252,245901603.69473293,0.0,0,40,2046.9939095163954,0.0,0.0,2692.7946724946705,233,3167205888,3013675780,255,0.10866958695653824,0.07416694348809633,0.10347531676788782,63,249,0,45583,1,0,1,2,1,1,0,0,0,6,8,0,tcp,-,FIN
1579,4.612232457090547,24,0,10190,0,0.0,255,252,71772344.21379596,0.0,0,22,0.0,0.0,10033.524355442949,0.0,255,3478142336,1176941425,255,0.10243577036277704,0.08008020381296971,0.05555780229105151,163,217,0,11550,7,1,5,1,1,5,0,0,0,4,7,0,tcp,-,FIN
1580,0.6975455367220209,49,51,4143,75256,0.0,0,0,6842376.710466933,1108201.9744788408,6,0,0.0,0.0,0.0,0.0,255,2830278027,0,255,0.0,0.0,0.0,53,37,0,0,7,1,12,6,1,13,0,0,0,9,18,0,tcp,-,FIN
1581,0.0,1,107,3440,63915,28816.96120994964,0,51,0.0,100046.89577863459,5,34,836.19127782054,531.8252941881216,0.0,0.0,69,277753946,522043427,37,0.0,0.03145061370860583,7.690510473906425e-05,32,32,0,1434,3,0,6,1,1,1,0,0,0,2,5,0,udp,dns,CON
1582,0.0,17,6,10219,45395,0.0,68,0,108451955.88167243,100797.39323954599,0,0,5449.191749514688,0.0,0.0,0.0,34,1669858008,0,118,0.0,0.023805927509022533,0.0,40,12,0,0,1,0,1,1,1,1,0,0,0,5,1,0,udp,dns,CON
1583,0.0,1,0,46,0,67867.2812861151,0,117,0.0,4461946.903082928,1,0,694.2183581427375,0.0,0.0,0.0,71,621911317,0,0,0.0,0.00794975759458877,0.03447959793375978,252,20,0,0,1,1,8,2,1,4,0,0,0,3,2,0,udp,dns,CON
1584,0.27670294443112103,1,18,46,75883,13395.637499182543,59,69,0.0,754142.1516492093,0,0,0.0,0.0,0.0,1030.673810549948,31,594970556,1391138779,44,0.023013269666422947,0.0,0.01005089404403317,277,126,0,1541,4,0,1,1,1,3,0,0,0,2,5,0,udp,dns,CON
1585,0.0,1,128,2981,0,0.0,36,61,129352536.80591847,0.0,0,0,1931.3948320308082,414.8291234523526,15884.892041135505,0.0,255,1126109640,721967886,234,0.07911653331422536,0.021127833452326786,0.031476460946849104,28,345,0,0,13,1,4,1,1,4,0,0,0,2,8,0,tcp,-,FIN
1586,0.9965708209203882,1,0,46,48697,0.0,84,0,0.0,0.0,0,0,2936.8590393545815,294.2117673329176,0.0,2412.585487481134,59,0,679119979,0,0.10361102995667916,0.0,0.03479034708786382,115,434,0,0,1,2,4,2,1,2,0,0,0,1,4,0,udp,dns,CON
1587,2.31024850195343,28,10,7298,0,120632.67515660141,251,0,703553472.8124273,0.0,5,26,2294.834496906271,568.0107371110566,0.0,2052.5769840963258,135,985507700,198386622,120,0.0,0.01720480849580374,0.0,1116,0,0,0,3,2,1,2,1,1,0,0,0,1,3,0,udp,-,INT
1588,0.0,1,0,46,0,0.0,65,254,0.0,0.0,0,0,0.0,596.833075202404,34702.544541647425,0.0,240,4294813520,2222382995,212,0.2336541014208834,0.01391626860409826,0.0696956003284497,142,145,0,0,12,4,4,4,1,9,0,0,0,7,11,0,tcp,-,CON
1589,1.3978749582528258,1,0,46,134290,34767.40630992189,255,254,0.0,3495778.4940581764,0,0,372.18533661684177,0.0,0.0,0.0,255,1947104265,3255150339,130,0.05693156181156889,0.089594887690881,0.0985070670138386,147,130,0,0,1,0,1,1,1,2,0,0,0,4,1,0,tcp,-,FIN
1590,0.5063588042580306,1,3,976,0,0.0,221,254,81633810.54026031,1107007.8192090688,2,0,4.819270250933094,0.0,0.0,0.0,255,2861836014,3218084379,215,0.13085496196991148,0.027112235635875878,0.07186737408541105,221,0,0,0,1,0,1,2,1,5,0,0,0,5,1,0,tcp,-,FIN
1591,0.8864115434544981,1,69,3182,77719,100078.51281905058,219,52,737633167.1943396,2753275.052028509,0,1,4569.867719342327,0.0,0.0,0.0,27,596835408,1085544052,0,0.06184174516098168,0.015145919469789831,0.0,880,0,0,35129,5,2,2,3,1,5,0,0,0,1,3,0,udp,-,INT
1592,1.9172125156495161,3,102,7330,8854,0.0,54,55,87920730.37689233,1922261.2462711618,0,0,1593.2716648068094,391.104984536378,2507.60267303235,4082.161152615468,255,0,3406228742,202,0.03334722309168569,0.03332540719255199,0.04222281111371998,146,125,1,8609,6,0,3,1,1,6,0,0,1,4,4,0,tcp,http,FIN
1593,1.0876684284630787,64,109,7503,51393,10724.39433352184,30,0,0.0,6314917.921492251,15,8,4435.442802839229,83.66895846505273,0.0,628.8577338493603,138,1098201333,3597864039,207,0.08416399195633413,0.014226348840754573,0.0008894370517363536,257,1260,0,12524,8,0,3,1,1,3,0,0,0,2,1,0,tcp,-,FIN
1594,2.0131023390419713,32,5,5017,1272,27863.402164705025,11,79,0.0,0.0,5,3,0.0,0.0,20090.38233779242,0.0,244,1357594833,356330449,255,0.0,0.014173156372345052,0.0,28,222,0,237,13,0,2,2,1,6,0,0,0,1,3,0,tcp,-,FIN
1595,1.9898024037075275,26,139,5447,0,754.3753687780999,250,197,0.0,489685.6527683671,4,29,0.0,109.97724350741353,12498.92157668503,0.0,255,2309588569,125284656,140,0.14558669405678876,0.09916988700825198,0.11613687634198915,223,0,0,10641,2,0,3,1,1,1,0,0,0,3,6,0,tcp,-,FIN
1596,1.823375727780847,17,0,46,0,29395.514972568024,109,0,56898854.43946669,0.0,0,12,0.0,0.0,0.0,0.0,213,0,3442486189,255,0.0,0.0,0.0,86,57,1,24798,4,0,1,1,1,4,0,0,1,5,7,0,tcp,http,FIN
1597,1.502836016593351,129,97,3005,0,0.0,9,0,0.0,0.0,32,44,2533.988582712866,22.896182845451996,16244.520451202916,1590.5827178612567,255,3079622520,1965473689,150,0.06811205028280025,0.04717074952567137,0.0,171,0,0,8572,8,0,2,1,1,1,0,0,0,5,7,0,tcp,-,FIN
1598,0.7876878744091741,103,0,5554,23220,20070.456319839996,8,78,31942310.120752238,14145119.238001946,12,21,2943.509624519225,728.92451384708,10556.053038617269,5013.256546244477,255,2816437893,711081934,248,0.0,0.039137930773912824,0.0,181,810,0,34478,11,0,1,1,1,6,0,0,0,3,10,0,tcp,-,FIN
1599,1.4787732036449368,1,73,46,62924,3683.6676874729196,0,26,3613525.502304997,0.0,7,0,1009.2665934916087,0.0,9843.141344316078,2178.8832321330683,0,383297935,0,0,0.013824577771212737,0.0,0.025571410289347517,89,196,0,0,4,0,9,1,1,1,0,0,0,5,7,0,udp,dns,CON
1600,0.0,14,67,12890,18881,0.0,29,34,0.0,0.0,1,23,245.95887892457094,1139.3915687607494,0.0,0.0,255,3707101285,970714965,255,0.0,0.0,0.0,99,0,0,12588,14,0,10,7,1,12,0,0,0,12,13,0,tcp,-,FIN
1601,0.9969830342970591,33,126,9145,0,0.0,63,28,0.0,2533449.84028509,4,0,1079.0432200221476,0.0,6482.569175676508,0.0,37,58632454,926114082,20,0.021408173864768974,0.03537379884472656,0.0,28,0,0,14797,1,0,3,1,1,1,0,0,0,1,6,0,udp,dns,CON
1602,0.0,83,0,7209,90109,0.0,72,0,2147412.6056496324,11391536.360716011,9,38,0.0,752.5147935079519,2498.6933847038654,3952.401643468116,255,796837872,3335629757,255,0.0,0.0,0.030537874866836758,206,690,0,0,11,0,4,2,1,2,0,0,0,1,8,0,tcp,-,FIN
1603,0.0,27,142,6468,56993,10775.640042870104,36,0,0.0,10635111.607223317,11,56,0.0,636.1278003898126,0.0,0.0,255,2904140267,4294881924,235,0.0,0.01922539079015347,0.022912654267671733,28,767,0,898,4,0,1,1,1,1,0,0,0,5,1,0,tcp,-,FIN
1604,1.1333870194108924,5,16,2705,0,13425.096623977694,255,221,152472225.92541054,0.0,4,0,0.0,0.0,14292.792732902115,0.0,255,3407083835,0,229,0.12689167779593855,0.0704670228416924,0.051936045806878064,221,0,0,0,3,1,3,1,1,5,0,0,0,2,3,0,tcp,-,FIN
1605,0.0,39,41,46,50633,106420.856062826,255,0,759993723.4556141,1098113.9681593378,0,0,0.0,343.2332045294559,12644.586736254558,989.8237388734141,0,504281776,486514646,23,0.0,0.016875110706497727,0.00679877176464166,1118,0,0,0,1,2,1,2,1,3,0,0,0,2,1,0,udp,-,INT
1606,4.081954576240703,20,0,46,0,0.0,117,227,0.0,1214122.4397340268,6,0,0.0,0.0,14491.865276515942,0.0,234,4294813520,1225484807,255,0.1176378546491007,0.03182038674600566,0.02956923259430795,184,106,0,0,15,3,5,5,1,14,0,0,0,4,11,0,tcp,-,CON
1607,0.0,11,77,1667,0,0.0,110,198,0.0,0.0,6,0,0.0,0.0,15852.185227766342,1825.704494125396,157,4294813520,2702321356,255,0.1758709111931553,0.06741146817745317,0.055743721363585116,266,0,0,0,9,3,4,5,1,12,0,0,0,5,17,0,tcp,-,CON
1608,2.260237414849944,4,46,2075,125571,0.0,255,254,0.0,894653.9516078217,8,0,0.0,974.5619316582936,0.0,0.0,255,3069706356,2955377827,255,0.06502954162058874,0.007303231741464904,0.07483883872342693,114,190,0,0,2,2,3,1,1,5,0,0,0,1,1,0,tcp,-,FIN
1609,0.0,1,4,3688,0,0.0,246,254,0.0,335503.15208505315,3,32,1182.7514678191208,0.0,23802.163251691443,0.0,255,3589482530,3799732172,255,0.11966217433867982,0.06779699506283161,0.039150764897974456,74,194,0,10761,1,0,1,1,1,5,0,0,0,4,1,0,tcp,-,FIN
1610,0.41676032057940227,14,35,7186,0,4740.895736148884,0,187,0.0,1224555.7248211862,2,0,0.0,1360.0624339050764,0.0,0.0,255,893412500,897304062,253,0.42600379952051703,0.22980874235667736,0.01948643744597852,198,1,0,0,4,3,3,2,1,3,0,0,0,1,4,0,tcp,-,CON
1611,0.0,1,0,46,0,72231.49156931216,95,237,48166474.5236778,2345545.224063913,0,33,2655.9999103648174,666.9152078964659,29788.028492853206,2982.0867112138226,255,1814301211,255269067,255,0.1914762088610682,0.2551932140304764,0.0560520181345131,52,0,0,39094,7,2,1,2,1,8,0,0,0,3,1,0,tcp,-,CON
1612,0.0,65,38,46,137489,0.0,69,122,124369992.50131808,8936310.624154592,1,17,837.5200156478444,0.0,0.0,0.0,255,3318035284,3506208418,255,0.0,0.0,0.030887817796646948,44,865,0,11928,7,0,3,3,1,3,0,0,0,5,2,0,tcp,-,FIN
1613,0.685104693848227,62,38,13359,14443,0.0,108,0,0.0,12381183.39310603,5,74,2289.72613319519,444.97032411743356,35958.859649728955,0.0,169,2413859305,139091893,241,0.01866753349291349,0.010587086197319653,0.017057470946623726,170,784,0,0,12,0,7,1,1,1,0,0,0,3,9,0,tcp,-,FIN
1614,0.0,1,0,5712,0,994.0303148653752,255,254,34542784.716848016,0.0,0,0,0.0,513.9556721312935,0.0,678.138964403006,249,2337050451,2157138188,235,0.04927474002660884,0.053326539352462524,0.05941311423763124,28,0,0,13604,2,1,1,3,1,4,0,0,0,1,6,0,tcp,-,FIN
1615,2.100542290399627,25,50,46,0,0.0,255,254,0.0,0.0,5,0,4864.417429275154,1396.4531707109868,10006.605441821699,0.0,178,3103338547,4294881924,230,0.11427809697628714,0.07258245664202963,0.14097984672032726,28,344,0,20910,6,1,1,1,1,4,0,0,0,1,5,0,tcp,-,FIN
1616,2.9472224326587044,86,63,278,90057,0.0,92,254,8364367.060260369,0.0,0,0,5807.323166089428,0.0,0.0,6354.916802835644,236,116703705,1448555538,255,0.39659022611054495,0.24370713500968114,0.03643124960242163,77,155,0,7758,5,3,1,3,1,5,0,0,0,3,5,0,tcp,-,CON
1617,0.0,1,0,296,56514,9681.784084601028,73,254,0.0,948333.9444996723,0,0,105.23065861562466,0.0,12363.142038913804,0.0,255,3931990735,887069500,136,0.0926152072175561,0.0981254099182722,0.07843781713020796,180,0,0,0,11,4,7,6,1,12,0,0,0,5,11,0,tcp,-,CON
1618,2.1770755513047715,11,18,2250,0,86793.64311377026,186,0,672441146.6058196,1172894.0939629383,0,32,1016.0407859128618,327.24638717157075,39192.83033018199,0.0,59,0,27252580,0,0.0,0.0,0.0,1161,0,0,47025,4,2,2,1,1,1,0,0,0,3,2,0,udp,-,INT
1619,0.0,1,0,3321,93301,0.0,46,32,0.0,1795498.5573547091,5,11,0.0,13.725628783799447,5374.9051583917835,2175.770465754571,36,423633374,44396472,49,0.0,0.0,0.035368391215696425,129,61,0,13441,3,0,8,2,1,1,0,0,0,1,4,0,udp,dns,CON
1620,0.0,18,17,19064,50719,166252.42702999304,227,4,729409838.8726095,557874.5962971855,0,24,2601.472576399683,0.0,21341.892583890043,0.0,0,888632608,0,0,0.0,0.009972055456310693,0.0,798,0,0,0,1,2,1,2,1,4,0,0,0,5,2,0,udp,-,INT
1621,0.0,7,0,2273,0,0.0,72,247,0.0,855030.0553951727,4,0,2121.934442382218,766.4720257450135,39202.9583512636,0.0,201,1488858087,853641416,255,0.283416697215866,0.2938927487394409,0.060707919090679005,232,34,0,4395,1,3,5,2,1,2,0,0,0,3,4,0,tcp,-,CON
1622,0.0,33,0,6030,0,69090.97427451359,34,0,0.0,0.0,4,21,0.0,1270.9380905757887,0.0,14853.314712548316,255,789406494,3398694589,255,0.12691360676632546,0.07020048447699982,0.028206623343911667,87,227,1,0,3,0,1,1,1,4,0,0,1,1,1,0,tcp,http,FIN
1623,0.0,34,56,46,22494,0.0,54,91,0.0,3245722.4176484067,4,0,0.0,115.80951388573187,8222.895085116694,182.22404206348475,60,598271078,633576763,19,0.0,0.0,0.0,117,7,0,135,1,0,3,1,1,3,0,0,0,1,6,0,udp,dns,CON
1624,0.0,21,15,46,0,0.0,26,82,0.0,1970255.123546874,7,0,1015.5046475577841,0.0,31148.887975979414,3878.4861106099293,255,3077964930,1392211414,130,0.0,0.0,0.021648334491942697,81,27,0,0,7,1,11,6,1,10,0,0,0,10,15,0,tcp,-,FIN
1625,0.13931001191791445,79,153,11211,32673,0.0,77,0,0.0,14608438.78036965,7,24,1998.5248023468666,0.0,8033.321611910919,1817.7073965832617,169,1500343087,2701899959,176,0.0,0.0,0.0,28,617,0,1142,13,0,3,1,1,1,0,0,0,1,8,0,tcp,-,FIN
1626,0.0,1,4,3700,21007,44478.284092198046,0,237,0.0,2184051.2580236294,0,6,460.57688690469007,0.0,0.0,2041.0125022005263,255,1323649752,568227679,241,0.24601308797553414,0.3071364233009215,0.0,159,6,0,0,7,3,2,1,1,2,0,0,0,5,8,0,tcp,-,CON
1627,0.0,60,0,46,0,0.0,40,18,21900848.911491886,0.0,3,5,0.0,0.0,11773.537301060363,0.0,151,2111939372,0,210,0.0,0.011608384635217673,0.06294892482432034,51,99,0,0,13,0,11,5,1,12,0,0,0,13,15,0,tcp,-,FIN
1628,0.0,94,149,9389,67044,0.0,90,0,0.0,4131729.546471806,7,53,1439.340879495128,141.95555759480374,2708.3940413657733,0.0,255,1612934702,4122958069,255,0.08600222512138732,0.020898281778017756,0.015258643986593828,89,1167,0,8144,7,1,2,2,1,4,0,0,0,3,1,0,tcp,-,FIN
1629,0.8129330178156152,40,40,13710,0,12915.664666320816,154,158,0.0,1745595.222670708,3,23,4800.834676413206,598.5677639494588,16764.343716417774,3239.7266782752886,217,381610987,1367366111,239,0.14777322989711789,0.04449822538238211,0.04746742821809771,28,75,1,0,2,2,2,1,1,1,0,0,1,1,4,0,tcp,http,FIN
1630,1.771296185184952,1,61,46,74027,0.0,67,0,171933226.71570396,0.0,3,41,0.0,1069.907571359152,0.0,2063.314548610815,189,859769979,1781269981,255,0.06640585214301431,0.0004687792696588903,0.03987934988087086,28,38,0,0,18,0,6,1,1,1,0,0,0,5,3,0,tcp,-,FIN
1631,0.6318363459220031,1,63,11191,0,21818.910213241074,145,234,0.0,4310901.919772064,7,0,2453.402138934103,473.6389258268654,7338.609996254347,1482.4384764413069,255,3044959015,2883447992,194,0.1435189713384349,0.10689796954508672,0.034241480951382394,238,0,0,17240,11,3,1,4,1,9,0,0,0,2,11,0,tcp,-,CON
1632,3.7350540143269417,20,0,46,0,0.0,39,0,0.0,0.0,4,40,4732.354610036692,0.0,0.0,0.0,255,0,2750517406,243,0.06911848386638274,0.0,0.0,209,11,0,0,18,1,8,3,1,5,0,0,0,8,13,0,tcp,-,FIN
1633,0.0,8,3,7352,0,0.0,31,38,32486119.587177433,640999.6737781345,0,47,2437.2776488850627,515.3614183408928,0.0,0.0,255,758495954,2134093636,255,0.0,0.0,0.0,191,0,1,0,1,0,6,2,1,3,0,0,1,5,7,0,tcp,http,FIN
1634,1.7150798822995141,20,9,1522,75272,62906.49810130906,57,87,0.0,109683.4862344221,1,0,0.0,0.0,39313.80569249644,11360.289781809304,255,855796659,1400210173,255,0.0036517705890832556,0.0,0.0,66,715,1,0,1,0,1,2,1,9,0,0,1,5,2,0,tcp,http,FIN
1635,0.0,90,0,46,47083,0.0,31,71,0.0,15498891.531623807,15,0,2316.7025244458823,0.0,0.0,929.9231896416617,255,2472754805,686270833,255,0.03131465989270897,0.0009934576655731533,0.0,28,792,0,0,12,0,3,1,1,1,0,0,0,1,9,0,tcp,-,FIN
1636,0.0,1,0,3983,121882,0.0,24,246,0.0,1622213.088934905,5,0,0.0,0.0,0.0,0.0,220,4294813520,3016321053,120,0.2076182359334121,0.08673258226439924,0.05395497375577067,95,190,0,2714,11,3,7,6,1,14,0,0,0,5,8,0,tcp,-,CON
1637,0.0,35,78,8782,45730,21842.290767567123,6,0,17495642.783412315,4424097.483720011,6,0,1400.325297591427,102.39066502982926,0.0,0.0,255,0,2727579561,255,0.02528355989739797,0.0012249255127365541,0.0,222,311,1,13524,4,1,3,3,1,5,0,0,0,1,2,0,tcp,http,FIN
1638,1.6705613772807173,2,12,4482,0,0.0,199,36,666250533.1272261,0.0,0,48,215.20127623850422,764.7846467058177,0.0,0.0,0,317126387,0,0,0.024663343518323125,0.0,0.0,935,0,0,0,2,2,5,1,1,2,0,0,0,2,2,0,udp,-,INT
1639,1.7620109810113662,10,0,5468,17896,30187.83050462508,57,36,45740805.910243206,1550852.8699575192,1,4,288.31762027011234,376.00857046103596,0.0,0.0,255,1029532466,3742134474,255,0.013950999913021315,0.0,0.013389625759423297,186,37,0,12817,20,0,6,4,1,5,0,0,0,7,11,0,tcp,-,FIN
1640,1.0865791308352502,1,0,46,0,67790.0425955373,63,254,124420667.61966665,0.0,0,0,0.0,0.0,20748.356299646715,0.0,255,1599310230,889983659,255,0.2101966827944637,0.23618250759481454,0.10746277495789411,231,251,0,2211,1,4,1,1,1,4,0,0,0,1,3,0,tcp,-,CON
1641,3.153376908079208,16,87,46,58439,35688.626029776366,13,126,0.0,0.0,1,0,0.0,0.0,0.0,7184.7454688723465,21,466889889,121585776,13,0.0,0.023212377547772178,0.0013007770007288266,191,111,0,0,4,0,4,2,1,1,0,0,0,2,6,0,udp,dns,CON
1642,0.9394500172625655,1,57,8261,0,0.0,3,0,32507943.966935508,13887414.143028028,6,0,4196.362775695651,491.52866834531596,0.0,0.0,177,3228905276,0,255,0.0,0.035761350889467455,0.0,168,888,0,3669,11,0,4,1,1,1,0,0,0,2,5,0,tcp,-,FIN
1643,1.47843627323096,34,0,12808,0,0.0,255,108,0.0,698518.6963832454,3,24,0.0,491.40719827988846,0.0,0.0,255,3806140251,1534426580,255,0.2120591727020083,0.05683606078526484,0.11465337915027721,121,217,0,25104,1,1,4,2,1,4,0,0,0,1,3,0,tcp,-,FIN
1644,3.020825893222,19,48,11201,80937,6759.305481934585,69,0,0.0,13974951.512374146,6,22,0.0,952.9382468616685,10385.418302913811,0.0,252,3651292563,804817784,255,0.03118323812670766,0.0,0.034460639216592405,28,947,0,0,8,0,1,1,1,1,0,0,0,4,7,0,tcp,-,FIN
1645,0.0,17,0,46,83677,13867.336008238473,198,254,26252902.17316076,1021049.2151933104,2,53,9132.753930785566,10.180387018898926,26293.79370019972,0.0,199,4294813520,1880271961,255,0.25186286957315623,0.0349262694358312,0.12901254821519023,128,120,0,42147,8,0,1,2,1,4,0,0,0,1,1,0,tcp,-,FIN
1646,3.007016646668531,81,159,46,0,62202.324438371106,0,30,111177079.23999165,3789910.787572095,6,51,0.0,213.37101480484685,21747.75691452949,0.0,243,1148206331,3469838370,255,0.029518002547394197,0.04149536661736104,0.015057856415658936,70,1147,0,0,10,0,2,1,1,1,0,0,0,1,7,0,tcp,-,FIN
1647,0.0,48,0,46,93761,59481.30028425034,255,191,20690185.03202271,0.0,9,23,0.0,445.1356080755699,0.0,0.0,255,3995851813,1482364468,220,0.1501692819407809,0.05115487967101277,0.07433176577023337,28,45,0,0,7,1,4,2,1,5,0,0,0,1,5,0,tcp,-,FIN
1648,0.0,55,132,46,40533,0.0,0,0,78165580.13256526,18717026.863465495,1,18,0.0,0.0,2981.248190698277,4774.710999479576,255,1363282113,0,189,0.07665197578234813,0.0,0.0,198,888,0,2909,8,0,5,1,1,3,0,0,0,1,7,0,tcp,-,FIN
1649,0.0,1,5,443,0,0.0,58,11,0.0,157114.3211864669,1,0,41.14652080779458,0.0,0.0,2507.2438009405832,0,1084634144,1182286934,0,0.0,0.005874259537105914,0.0070694156724059225,58,61,0,17468,1,0,6,1,1,1,0,0,0,5,2,0,udp,dns,CON
1650,0.6998683423803096,8,97,4562,0,0.0,111,0,29438180.908504564,2128389.979712787,11,0,0.0,564.4301498535306,37297.91674782329,0.0,240,1258857069,1735116939,234,0.0,0.057328865658344684,0.0,33,339,0,0,14,0,2,1,1,1,0,0,0,3,7,0,tcp,-,FIN
1651,2.6583220697132055,83,63,46,0,30020.8675486408,111,55,0.0,12118203.664522413,6,0,3846.9104750487218,279.2053051148918,26297.303707575204,4652.107247923606,230,2023760344,2839819790,117,0.0,0.0,0.0009310101104211658,176,538,0,6549,13,0,7,1,1,2,0,0,0,2,10,0,tcp,-,FIN
1652,0.0,21,46,6218,0,40939.98787394726,98,231,3065853.730624684,239871.26427149415,0,23,0.0,1017.1376928648086,24878.34064699589,0.0,255,761820474,0,219,0.23134083354501428,0.2507399837385528,0.11792410021102849,125,0,0,44554,3,3,1,3,1,6,0,0,0,5,7,0,tcp,-,CON
1653,0.0,1,39,5035,0,2605.9135125473167,97,221,0.0,0.0,6,0,0.0,1392.5121719517047,0.0,0.0,255,0,739662040,255,0.23335837176230612,0.21397692469754312,0.04902506014323292,107,145,0,4323,3,3,3,3,1,3,0,0,0,6,1,0,tcp,-,CON
1654,0.0,1,34,46,43024,4.508895601136331,173,214,8639274.692697307,3840517.7831889605,0,24,0.0,0.0,0.0,0.0,233,4294813520,1600173676,252,0.0905091291950304,0.07111956264527927,0.00952689208255457,50,0,0,62688,14,3,4,4,1,10,0,0,0,5,12,0,tcp,-,CON
1655,0.0,1,36,381,0,81865.12702751621,0,42,0.0,0.0,4,7,2828.7702814059467,0.0,0.0,0.0,231,2672699343,138018384,212,0.011830985344542752,0.028951726542337467,0.0,28,0,0,26581,15,0,12,7,1,9,0,0,0,13,14,0,tcp,-,FIN
1656,0.0,21,0,46,0,25790.567469492777,231,254,0.0,0.0,0,0,0.0,0.0,41882.04590080995,0.0,255,1966872788,1713475455,255,0.12340279233036405,0.10998914258984963,0.05643311141881904,28,243,0,1083,5,0,1,1,1,3,0,0,0,1,3,0,tcp,-,FIN
1657,0.07473112835532923,1,98,46,0,13117.573568964057,255,10,836655493.5550269,0.0,0,0,970.2598099989493,391.28684082017077,22714.233612985772,1825.958183905799,52,816626300,0,7,0.015362189031586862,0.0,0.03210681971785104,1082,151,0,6128,3,2,1,2,1,5,0,0,0,2,6,0,udp,-,INT
1658,3.6619814780884434,31,0,584,2547,0.0,237,254,112137648.83486022,0.0,1,8,0.0,0.0,0.0,1037.8544812985667,255,3989378130,3548712958,255,0.1351114315292967,0.08301273227022878,0.14212876650677686,28,0,0,0,1,0,1,1,1,4,0,0,0,3,1,0,tcp,-,FIN
1659,0.0,88,86,5995,95531,8677.832994926506,92,25,0.0,3752284.5656593647,2,31,244.19050118718,0.0,13377.815939812885,0.0,255,1611334801,3763256252,219,0.0,0.008839812094129148,0.004692164220100839,28,453,0,5246,8,0,1,3,1,1,0,0,1,3,1,0,tcp,-,FIN
1660,1.2514425762165338,76,9,3371,0,0.0,60,200,0.0,713728.641023231,2,23,17.634903229939113,336.1906421615956,0.0,1522.9396429443,255,260812408,2906934659,255,0.12122141976059705,0.06976115690912656,0.03162139281069469,114,238,1,12020,6,0,1,3,1,7,0,0,1,3,1,0,tcp,http,FIN
1661,0.4611012315641382,1,39,3180,62773,49606.033568484,37,0,0.0,2725405.906434054,8,0,2379.4153360341597,0.0,0.0,1406.0464090621945,255,2748931962,857381566,194,0.0,0.04386778058393369,0.0,32,194,0,0,13,0,12,8,1,10,0,0,0,8,9,0,tcp,-,FIN
1662,0.0,7,0,46,0,0.0,240,232,20384695.692378905,0.0,9,16,478.63089006815676,59.790709011733234,1101.384231045525,0.0,255,1746519849,2614935267,227,0.024874727649883882,0.031675928710023754,0.09543248040721702,51,126,0,0,4,1,4,1,1,5,0,0,0,1,8,0,tcp,-,FIN
1663,0.5823859685166375,109,78,5536,0,0.0,5,133,0.0,12909550.285626315,7,63,0.0,0.0,0.0,0.0,255,1973832770,0,255,0.014188669061250266,0.02787144698976956,0.021233669174065876,190,881,0,27771,8,0,2,1,1,5,0,0,1,2,9,0,tcp,-,FIN
1664,0.014324481322298577,155,117,14546,0,0.0,4,0,54794425.04816821,2645997.3728666827,34,38,6210.81029856078,0.0,0.0,2609.3016407182777,192,4294813520,1410960796,198,0.004498056431442056,0.006109139072602059,0.034275612092620276,71,92,0,20461,8,0,1,2,1,4,0,0,0,1,8,0,tcp,-,FIN
1665,0.8493655162719317,29,0,2317,105255,31158.593754285306,44,8,0.0,17738786.52414845,9,37,1122.6446149300218,0.0,776.5929602508654,1258.9710979421536,255,968212745,2930377993,218,0.00941697650986899,0.0421781472529694,0.0,215,583,0,0,17,0,3,1,1,2,0,0,0,3,12,0,tcp,-,FIN
1666,0.0,12,2,3119,0,0.0,24,254,28195335.813901387,0.0,0,15,0.0,528.7522029722365,0.0,4815.490964729067,255,3564367441,2896223902,185,0.17064911978731268,0.08162537481774454,0.10995766425103892,157,0,0,3594,13,3,4,5,1,12,0,0,0,5,15,0,tcp,-,CON
1667,0.0,66,12,2676,10378,0.0,78,14,0.0,8261778.895383683,0,72,489.3357800036757,0.0,0.0,1264.490482229532,255,3513756177,4055331675,209,0.0,0.0,0.005214283540692156,161,736,0,21588,4,1,1,1,1,1,0,0,0,5,1,0,tcp,-,FIN
1668,0.0,74,0,46,120275,34263.60391552541,63,83,0.0,10595357.808095638,13,36,1010.930893556924,257.39148746030014,0.0,0.0,213,4294813520,2446622630,255,0.0,0.031140794477849246,0.0,28,895,0,19416,2,0,3,3,1,3,0,0,0,4,1,0,tcp,-,FIN
1669,0.0,1,17,4568,145859,0.0,255,237,35538518.0924515,5139295.1929845065,1,20,1304.292980159195,40.35544782624929,11396.123132396171,0.0,255,2358365384,798666142,255,0.160360500841844,0.04653238396329473,0.03647664639083864,77,109,0,0,12,1,2,3,1,3,0,0,0,4,6,0,tcp,-,FIN
1670,0.2695012320118988,10,43,46,24387,0.0,0,17,0.0,882618.2874409899,9,4,1036.965782659045,6.23759237482119,4435.610437417381,7097.474817552888,255,391715557,1881100364,254,0.0,0.0,0.0,37,688,1,24567,1,1,1,1,1,2,0,0,1,3,1,0,tcp,http,FIN
1671,2.7416108533366055,1,45,4174,93837,0.0,0,70,0.0,1530923.9322839463,5,0,732.3779451710577,187.3713139091691,12744.07822922168,9938.800626151675,255,1965129867,2674888456,237,0.16026172640732733,0.0,0.0,49,345,1,4241,1,0,1,2,1,7,0,0,1,3,1,0,tcp,http,FIN
1672,0.0,6,31,336,70436,0.0,31,120,108034317.51384138,924867.9500922946,0,0,2369.988514801214,0.0,0.0,888.0864570482495,0,1447611931,0,0,0.0,0.0,0.0,50,0,0,8169,1,1,6,1,1,2,0,0,0,3,2,0,udp,dns,CON
1673,0.15173599256754383,22,0,46,0,0.0,255,254,5708623.938204805,0.0,3,31,1946.6365211155214,0.0,42557.836741471474,0.0,213,3088300109,2628544698,214,0.14226806024629352,0.0,0.08991301188929558,28,0,0,0,1,1,1,1,1,5,0,0,0,2,3,0,tcp,-,FIN
1674,0.0,1,0,46,1968,0.0,93,22,156944207.82796162,1298375.2902454515,8,0,1927.7781511869382,0.0,30191.923739827624,0.0,0,938276350,0,0,0.0,0.0,0.0,81,0,0,0,4,0,2,1,1,1,0,0,0,1,6,0,udp,dns,CON
1675,0.0,40,187,1449,0,0.0,4,27,0.0,6557838.203460172,13,54,0.0,1876.8462584869562,2739.4080207643715,4163.559051147839,255,2687042270,3957251742,255,0.0,0.0,0.0,28,958,0,0,9,0,2,1,1,1,0,0,0,1,1,0,tcp,-,FIN
1676,4.449789601293073,93,14,46,43577,0.0,52,31,0.0,5899173.304315263,5,37,0.0,761.4512224952829,0.0,3990.5904510816777,255,3746243534,4117965589,255,0.0,0.02724424771272438,0.0,83,640,0,11278,1,0,1,1,1,2,0,0,0,8,2,0,tcp,-,FIN
1677,0.0,32,55,4492,0,37349.013747247925,67,36,0.0,0.0,3,28,0.0,1134.747426162887,0.0,0.0,253,1758173250,2137678052,253,0.0,0.0,0.0,28,364,0,0,10,0,2,1,1,1,0,0,0,5,5,0,tcp,-,FIN
1678,0.0,1,0,2607,0,17001.355494372692,0,0,0.0,2663436.9783090167,2,0,0.0,958.836287196227,0.0,1839.579651754554,255,1869371572,2919659303,255,0.0,0.0,0.0,203,0,1,13749,1,0,1,1,1,1,0,0,1,1,1,0,tcp,http,FIN
1679,0.0,8,14,6763,0,80910.49271620139,255,254,0.0,0.0,4,0,0.0,0.0,0.0,818.4854620176661,255,2865929548,942664778,255,0.22350271197910415,0.06028978929053696,0.08040582911288809,238,305,0,23250,7,1,2,1,1,7,0,0,0,1,6,0,tcp,-,FIN
1680,0.3482602811886435,1,0,46,0,0.0,23,39,74280024.21198633,0.0,11,15,0.0,0.0,15721.03488500782,2415.919954130228,249,1510039172,2160053196,255,0.0,0.027501812880060462,0.0,238,262,0,0,13,0,4,1,1,4,0,0,0,5,5,0,tcp,-,FIN
1681,0.0,1,31,12876,36270,0.0,27,27,0.0,0.0,3,0,616.9089253623968,2.1755455201086416,0.0,4200.9507848013245,20,257636650,0,78,0.0,0.0063234151979391804,0.011132784573827851,266,0,0,0,1,0,6,2,1,1,0,0,0,5,1,0,udp,dns,CON
1682,0.5832861347448859,1,25,46,0,8262.035943406814,32,0,0.0,0.0,0,0,0.0,0.0,0.0,3945.823874249586,255,182774645,2810613244,198,0.009739555654283128,0.013613830190284568,0.04473602717360395,100,418,0,0,18,0,4,6,1,7,0,0,0,9,12,0,tcp,-,FIN
1683,0.0,50,0,46,0,0.0,255,254,53073553.507177204,2054435.653434256,7,49,0.0,747.5995740178461,29629.34241000895,1513.4374131075895,209,3777088379,1087480263,236,0.151331357957538,0.09748193546512968,0.12573634427445107,30,97,0,0,2,0,1,2,1,10,0,0,0,3,6,0,tcp,-,FIN
1684,0.0,1,0,46,0,786.2332953753216,0,0,0.0,943410.88488393,3,0,0.0,0.0,12635.635299687307,0.0,250,2744387369,499692671,229,0.051804403503197635,0.018119758469608595,0.0,146,117,0,0,8,1,10,5,1,14,0,0,0,12,17,0,tcp,-,FIN
1685,0.0,30,32,46,0,0.0,0,0,134496949.01138282,4057356.882535936,3,0,0.0,0.0,11126.443760165723,6871.279953284333,255,435137088,1791594958,255,0.08003237318406539,0.0,0.026159073625461226,108,555,1,15624,1,1,1,1,1,2,0,0,1,3,3,0,tcp,http,FIN
1686,0.9045501874793379,1,0,11874,26718,0.0,47,1,0.0,1494800.4348371362,4,0,0.0,0.0,6969.228834607771,7094.533380416063,255,1007495001,2589794098,175,0.0,0.06063308292579604,0.03167292671891961,28,638,1,0,3,0,1,1,1,1,0,0,1,1,7,0,tcp,http,FIN
1687,2.214377316971343,17,30,10035,35371,33281.475118091184,0,254,0.0,4006811.482115929,7,32,2408.9988506198233,0.0,697.4334964541004,7784.764483947239,255,671175337,1704382633,255,0.048749589823721254,0.0,0.07854365748223573,166,237,1,0,2,1,1,2,1,3,0,0,1,1,5,0,tcp,http,FIN
1688,2.16612509288946,6,140,4569,17665,72164.84621863875,239,254,154794262.33459878,0.0,6,0,1173.3254495054166,0.0,23814.378346104728,245.10171377010772,255,2411569781,3081620386,255,0.1075033410374017,0.08821012394547681,0.0522256651465927,29,0,0,0,1,1,3,1,1,8,0,0,0,4,3,0,tcp,-,FIN
1689,2.942385824517928,30,71,46,0,54950.29140548034,120,254,0.0,704999.5548680378,0,29,0.0,0.0,8603.733240395726,2157.98588476194,255,3562682191,1558832797,255,0.1361861001281696,0.08267770801606908,0.10509045471928088,28,10,0,0,13,2,5,4,1,15,0,0,0,6,10,0,tcp,-,CON
1690,0.0,45,99,15780,66776,9091.124652060524,59,102,35089901.34245134,11594629.83298002,7,2,3751.8240778292297,63.708855802766735,0.0,1177.1154457796054,255,2129369586,570325740,253,0.0,0.04436406073434131,0.0,28,825,0,19410,12,0,1,2,1,2,0,0,0,3,10,0,tcp,-,FIN
1691,0.0,1,2,46,0,18257.16917633422,255,254,0.0,0.0,0,7,0.0,0.0,0.0,0.0,223,2865900262,1933852634,224,0.12090138922361357,0.0590680534050822,0.10796618812179731,32,136,0,1962,1,1,1,1,1,7,0,0,0,1,1,0,tcp,-,FIN
1692,0.0,46,0,3055,2697,13567.274860252019,62,85,130989.36037660328,6680731.863158174,0,20,180.56435982954778,562.5144322269224,11063.384798885047,1420.6939392330326,220,1252377623,2874449479,255,0.0,0.0,0.030358765125055864,59,1023,0,20836,5,0,5,1,1,4,0,0,0,2,6,0,tcp,-,FIN
1693,0.8439743080344633,1,0,12949,50989,0.0,255,254,0.0,0.0,4,51,378.51382225602975,0.0,11187.962188861711,0.0,248,4294813520,791443027,255,0.17508998426453176,0.05734662850918927,0.07487234830319237,237,83,0,0,6,2,4,1,1,1,0,0,0,1,1,0,tcp,-,FIN
1694,0.0,14,116,7384,87840,0.0,2,0,37789782.18480615,14194004.168875307,14,21,0.0,0.0,0.0,0.0,186,1368956946,3135815866,215,0.0,0.0,0.0,201,561,0,11197,14,0,3,1,1,4,0,0,0,3,9,0,tcp,-,FIN
1695,0.0,27,0,16324,65990,11201.9691230149,51,0,107390232.04941557,632364.6780155012,0,0,1456.2654081374044,0.0,0.0,1646.6170820379475,255,3394301214,343653301,143,0.0,0.0,0.006011964610582296,28,0,0,0,6,0,13,6,1,10,0,0,0,11,10,0,tcp,-,FIN
1696,1.425200083920937,53,32,5597,16221,0.0,9,63,0.0,7637343.206328159,7,20,0.0,0.0,7666.633899238545,0.0,255,3380633210,4225273592,153,0.0,0.0,0.024394786171349343,44,659,0,0,3,0,2,1,1,1,0,0,0,4,1,0,tcp,-,FIN
1697,2.9049811374747776,187,118,5149,95066,32123.066808279218,78,29,0.0,435677.5689996591,30,34,3467.32292421541,656.113452673069,0.0,2847.080479879091,216,2680058364,1597507392,255,0.0,0.0,0.0015395963346634084,28,213,0,28435,6,1,1,1,1,1,0,0,0,3,3,0,tcp,-,FIN
1698,1.3980237372699431,1,0,46,0,0.0,28,40,0.0,17233182.68503871,8,22,484.66402227465784,0.0,41227.54976761956,1597.7850240335497,255,1872150215,3097946065,255,0.0,0.0,0.0,190,551,0,0,14,1,1,1,1,2,0,0,0,3,10,0,tcp,-,FIN
1699,0.6558934812002868,54,0,46,76683,0.0,116,17,0.0,13251533.533784317,3,28,938.435431642842,0.0,34706.87105031087,3520.4361326717026,221,1155063958,2414739009,182,0.0,0.03691025485846633,0.0,28,617,0,10339,14,0,6,1,1,1,0,0,0,4,11,0,tcp,-,FIN
1700,0.0,1,0,46,0,45872.29783620721,36,222,51740358.50762191,0.0,0,1,1387.6501007967584,368.2177791357368,0.0,1328.3368223659193,200,4016983353,1496613256,240,0.2117630231653111,0.041825112643825935,0.04705401964481484,129,80,0,0,16,3,4,3,1,12,0,0,0,5,10,0,tcp,-,CON
1701,0.043402534607465314,1,0,7818,0,24742.91508658252,100,110,0.0,816530.9927857358,0,0,0.0,353.70920320504166,0.0,0.0,112,497960652,415581767,0,0.07318318909385696,0.014115598077735988,0.0,172,82,0,759,1,1,1,2,1,1,0,0,0,4,3,0,udp,dns,CON
1702,3.0653927580194797,14,0,4848,0,0.0,91,197,6519290.153006822,0.0,7,0,3370.9032071720467,0.0,27202.57119139239,3313.1953662657515,201,802984910,1230216917,255,0.17614916987572746,0.05117430857697524,0.09138468773538641,218,154,1,0,1,1,1,1,1,4,0,0,1,2,3,0,tcp,http,FIN
1703,2.404660006078913,1,0,1716,0,0.0,29,63,119945486.64953776,0.0,0,19,0.0,192.92396448346452,7668.498643194442,10926.39307186671,186,0,1970276702,255,0.003958325279123011,0.012725661013218462,0.0,282,424,1,2719,3,0,1,1,1,2,0,0,1,4,2,0,tcp,http,FIN
1704,1.7663870105954196,15,37,46,7001,2599.300942537098,58,55,0.0,3003782.694911116,0,0,0.0,1083.866731285415,16770.004431517522,2473.333199128885,255,1581470397,2187933177,255,0.01535451959713808,0.0,0.011570353572548965,28,124,1,8184,7,0,3,2,1,1,0,0,1,4,8,0,tcp,http,FIN
1705,2.428043092490599,62,0,2058,0,29781.42735490355,255,173,25504656.000501234,0.0,10,17,435.9270124552141,0.0,0.0,2148.843643003616,255,2245836975,3872071606,255,0.10622723326729824,0.08387333423840163,0.0,102,0,0,23254,3,1,2,2,1,1,0,0,0,7,1,0,tcp,-,FIN
1706,0.19722301372927709,2,3,10099,119768,19593.471046004237,255,210,0.0,5382486.760468257,1,5,0.0,791.9885189897273,0.0,0.0,255,4294813520,383047436,255,0.18279378835928617,0.11762795592847852,0.045006679750303646,262,44,0,0,4,1,1,1,1,3,0,0,1,2,6,0,tcp,-,FIN
1707,1.4007664514074394,13,32,3879,0,4426.002682750212,52,219,0.0,3174879.89989263,3,0,0.0,955.830141846767,17583.34604589801,2368.924721096897,255,3210856230,2485050955,183,0.22116101851972542,0.10971211992911084,0.0832112412694472,159,224,0,0,11,3,5,3,1,9,0,0,0,5,13,0,tcp,-,CON
1708,0.03617626489774051,38,1,1946,0,24351.00128412494,27,254,0.0,353882.3578834763,6,30,761.5435658582043,235.87784532099522,0.0,0.0,213,557767755,1758026324,255,0.0488396627781265,0.03238627578238823,0.08576775692330602,90,234,1,0,4,1,2,1,1,5,0,0,1,1,1,0,tcp,http,FIN
1709,1.1896581326172557,3,0,46,0,14103.883302025275,15,11,0.0,2633942.576749807,6,0,1898.8097534772485,0.0,58595.187613601636,0.0,224,462284688,2522938834,198,0.021407946627131073,0.0,0.0,263,0,1,0,1,0,1,1,1,5,0,0,1,1,5,0,tcp,http,FIN
1710,3.294618627759535,1,36,9120,0,22740.763941220903,171,248,0.0,1499448.8834428536,0,0,0.0,1053.62586635552,24763.88472605174,0.0,255,2273400546,1215185715,245,0.049784752994201986,0.08240620041564796,0.06856767428512575,340,34,0,0,1,1,4,1,1,3,0,0,0,2,5,0,tcp,-,FIN
1711,4.182326154965176,1,52,46,80110,35548.51761258361,72,0,0.0,1156255.509089265,0,34,0.0,755.704259016541,0.0,3358.8024647847205,255,679346024,2459179563,255,0.0,0.004518677820353782,0.022815267265453573,223,815,1,0,1,0,1,2,1,1,0,0,1,5,1,0,tcp,http,FIN
1712,1.3467817345047297,102,78,7433,180110,0.0,0,146,56308936.691138506,4084934.6644775807,8,80,0.0,416.07486831846495,15396.90670042603,589.3394010292907,255,384360189,4143083532,255,0.0,0.019012323479497613,0.0,79,881,0,0,6,1,4,3,1,1,0,0,0,3,9,0,tcp,-,FIN
1713,1.8714325567867156,9,22,18844,0,0.0,20,33,0.0,5404870.616647433,11,59,0.0,24.321585106804086,7959.248263509437,7613.941084120014,223,2335807,805872860,255,0.014149788255072293,0.0,0.0,363,571,1,2895,4,0,1,2,1,1,0,0,1,6,5,0,tcp,http,FIN
1714,2.9029650542030145,1,0,46,0,27671.428021354557,94,254,0.0,0.0,0,2,0.0,874.1336528171806,13777.465683786733,3675.8930834355056,255,4294813520,1260509541,255,0.16435950460072837,0.07424057207937408,0.022951498749646852,123,147,0,0,10,3,6,5,1,11,0,0,1,6,10,0,tcp,-,CON
1715,0.0,15,0,46,0,0.0,72,2,0.0,0.0,1,16,0.0,0.0,0.0,11035.684268146339,255,0,1709591407,157,0.07282732777370325,0.0,0.0,28,599,1,15529,2,0,1,2,1,3,0,0,1,4,4,0,tcp,http,FIN
1716,2.8941654649538067,1,57,1487,90225,0.0,0,0,12214952.485826327,1051890.7608411114,6,23,0.0,648.1289552497475,7150.158726942963,490.9827853112428,255,0,2034655422,133,0.0,0.0,0.02058866488260944,69,33,0,17702,17,0,4,4,1,6,0,0,0,10,15,0,tcp,-,FIN
1717,0.2740464918390183,1,41,46,77661,56508.57484413555,26,125,61691203.11469463,2161365.5481863227,6,34,0.0,0.0,24121.112404092986,2182.554217551744,223,679688636,2342280007,255,0.04673037946421479,0.00014773692906129424,0.00284190822213357,102,0,0,0,15,0,6,3,1,6,0,0,0,9,13,0,tcp,-,FIN
1718,0.41313288769867385,23,25,7947,0,9677.395889175796,85,156,0.0,3902116.170313834,5,8,0.0,0.0,20517.530026865912,0.0,255,3983484093,2060586895,255,0.2310471947138506,0.11995768906579783,0.049598717237674575,296,41,0,0,12,3,5,4,1,10,0,0,0,4,9,0,tcp,-,CON
1719,0.0,47,100,8035,0,8979.262601189643,34,43,0.0,3896754.6508393846,4,58,2794.384692734183,0.0,24959.384014180727,0.0,255,1466919101,4155863430,255,0.0,0.02827537017990002,0.0,28,1032,0,8475,7,0,6,1,1,1,0,0,0,2,2,0,tcp,-,FIN
1720,0.0,113,88,5885,0,0.0,97,0,152140855.61672127,5021374.926982689,5,47,1850.5094148178598,306.971175328814,70870.17239088089,446.0689019098098,196,2664353162,3466245346,255,0.0,0.03735825735181144,0.031939292680509136,108,1135,0,0,3,0,3,1,1,4,0,0,0,1,5,0,tcp,-,FIN
1721,2.932883686458824,1,38,5501,11749,34536.20197161743,0,9,103291679.5865229,1414728.45353481,1,12,0.0,167.82377953316072,0.0,0.0,0,0,491171895,50,0.007085707429315211,0.012735610893940518,0.0,28,0,0,0,2,0,6,1,1,1,0,0,0,6,4,0,udp,dns,CON
1722,0.9430740514672545,1,50,1099,37338,0.0,0,220,107326309.80506982,0.0,7,0,1708.2596381576695,334.7808860475541,42846.13040078589,586.8898412760518,221,3833745904,3235681715,255,0.12069874539006531,0.12910045684116606,0.071348541137389,274,318,0,25652,9,3,6,4,1,13,0,0,0,5,11,0,tcp,-,CON
1723,0.0,61,57,22410,0,4482.286636400994,71,0,29972393.33416946,3925147.9867686946,1,0,109.95758871712498,0.0,6747.778295829292,1836.740715175736,233,1212131825,2494176574,238,0.0,0.031801413014846625,0.0,139,37,1,9553,1,0,2,1,1,1,0,0,1,1,8,0,tcp,http,FIN
1724,0.6973226076467718,33,0,3055,0,101605.56592456554,228,2,797828220.8479809,830437.9904139579,0,0,0.0,159.37949076790267,0.0,0.0,0,0,0,53,0.08487221012874686,0.0,0.0,991,144,0,2583,1,3,3,1,1,5,0,0,0,1,6,0,udp,-,INT
1725,0.0,69,139,5238,167213,23039.912358906447,0,0,0.0,9275442.035791125,3,0,0.0,473.31863016497,0.0,0.0,255,4294813520,3368197201,236,0.14124841550629222,0.02609362175731067,0.029277242920994952,275,730,0,3445,8,0,1,1,1,3,0,0,0,8,6,0,tcp,-,FIN
1726,0.0,1,22,46,0,0.0,246,236,0.0,0.0,12,0,0.0,1866.9269238099648,23300.90092577795,2259.3343837610496,255,3612103632,1583625689,255,0.14353283229530187,0.07837688486216755,0.09833244192365381,175,0,0,17860,1,1,3,1,1,7,0,0,0,2,9,0,tcp,-,FIN
1727,0.0,1,34,46,101177,25404.366489404823,92,24,0.0,0.0,1,0,1914.1473831874957,0.0,0.0,0.0,3,623307354,0,11,0.13676031463740074,0.021862604892943574,0.004569491242420456,28,0,0,0,1,1,2,2,1,1,0,0,0,1,4,0,udp,dns,CON
1728,0.0,14,32,9286,54181,0.0,0,0,266857.11566191376,0.0,7,0,1633.1362574451005,837.8345982169308,0.0,6224.290291974379,255,832033513,1131553243,207,0.0,0.0,0.009202374777466224,121,513,1,0,3,0,1,1,1,4,0,0,1,7,1,0,tcp,http,FIN
1729,0.47775689009065886,9,23,46,0,0.0,146,105,76286054.56375077,2097657.355062047,2,4,0.0,488.7224354922049,19106.656607198227,2810.945902553498,255,486042522,1710257920,213,0.04542149028198181,0.0,0.028531560294875757,410,164,1,0,5,0,4,2,1,4,0,0,1,5,4,0,tcp,http,FIN
1730,3.952356202706434,8,0,46,0,0.0,21,222,0.0,2177466.3200662984,2,15,1274.193791292877,195.70930614779883,10363.264144074521,0.0,164,0,1858094881,255,0.05020629634789816,0.05226797067624621,0.09001910007903732,284,160,1,0,7,1,1,1,1,1,0,0,1,1,2,0,tcp,http,FIN
1731,0.0,15,54,1757,0,86394.02599403592,35,17,49612740.52831168,4739544.332582561,0,8,0.0,0.0,0.0,1201.675055493372,255,2548645385,1345837906,205,0.0,0.0,0.0,190,52,0,0,9,1,11,8,1,10,0,0,0,8,12,0,tcp,-,FIN
1732,1.576822197974317,1,147,9353,0,0.0,0,0,0.0,1006485.1572106539,0,0,0.0,1049.7304442149555,0.0,414.6109266281179,0,507955888,1136625538,21,0.0,0.024713478542738646,0.0,28,264,0,2038,2,0,6,1,1,2,0,0,0,4,2,0,udp,dns,CON
1733,0.0,1,0,1865,0,9335.75255879076,33,25,24492783.66290012,3682474.050670151,8,0,2579.3975779161815,251.82694165618562,18803.558346467897,10156.373557053848,231,0,2521623462,255,0.049825662947867284,0.005726234625219402,0.0,267,565,1,2478,3,0,1,1,1,1,0,0,1,2,1,0,tcp,http,FIN
1734,1.0459586612466634,1,22,46,112344,0.0,24,95,62012664.37051312,1284548.4878864966,3,26,500.9884851999418,0.0,38886.558873905,7517.029208135222,255,0,1656868843,252,0.012938419536678437,0.06897327556704339,0.004925452966435275,68,609,1,0,3,0,1,3,1,4,0,0,1,4,4,0,tcp,http,FIN
1735,0.0,35,0,46,0,0.0,0,254,107052751.5331951,0.0,3,0,1407.3532916049553,0.0,0.0,0.0,251,1389391131,822126824,255,0.014792696328386243,0.0687688779488008,0.04474641599528306,217,641,1,34961,3,1,1,1,1,2,0,0,1,1,6,0,tcp,http,FIN
1736,1.2475108411189626,1,0,4578,74775,33288.97171850225,170,66,23798475.32031173,1141530.150877416,0,0,0.0,197.9009976259613,6466.380745884278,0.0,255,0,1201499067,255,0.0,0.02483613138587194,0.0,28,90,0,19771,13,0,5,5,1,8,0,0,0,9,19,0,tcp,-,FIN
1737,3.056778249420025,1,81,5440,0,0.0,38,254,156008957.19897863,1492061.6934286167,0,0,0.0,0.0,54622.5822940969,4582.647675394418,255,1092131943,0,206,0.1954066283541267,0.250308380519981,0.060762366749971056,216,0,0,0,4,3,3,1,1,3,0,0,0,5,5,0,tcp,-,CON
1738,0.444969218207733,43,34,46,55735,51557.75076339381,7,115,0.0,9000159.271762218,11,10,2119.0071845421116,0.0,21609.2346336598,0.0,239,3691824550,4036433170,255,0.019421805178644523,0.0032856438043016834,0.0,28,920,0,1955,5,1,2,1,1,1,0,0,0,2,2,0,tcp,-,FIN
1739,1.2051200697787734,9,0,8606,38186,68279.00685631056,110,254,106517759.93959913,0.0,9,0,0.0,0.0,1945.2005666153084,0.0,255,4048808108,2333226214,225,0.1383276023872967,0.07134913606526416,0.13558217288272445,127,158,0,28929,10,3,4,3,1,13,0,0,0,5,12,0,tcp,-,CON
1740,1.0805530925050364,37,0,8101,0,0.0,120,108,48190866.04108636,13958984.385623133,5,5,0.0,35.2113082767956,0.0,0.0,255,2081931649,4294881924,255,0.008271055447746756,0.0,0.0,125,694,0,0,15,0,5,2,1,1,0,0,0,3,13,0,tcp,-,FIN
1741,0.0,49,0,8657,39335,0.0,86,69,0.0,868473.9670440964,5,0,0.0,453.90387208579466,0.0,0.0,255,533880478,2686159703,255,0.007601775578560476,0.0,0.0,28,107,1,0,1,0,1,1,1,2,0,0,1,4,8,0,tcp,http,FIN
1742,2.604703385423885,16,0,5957,0,0.0,195,7,854794609.2923869,0.0,1,16,508.4244841019701,0.0,1873.963115099298,0.0,38,0,0,0,0.0,0.039433114911739585,0.0,1260,231,0,4769,3,3,1,2,1,2,0,0,0,3,1,0,udp,-,INT
1743,0.0,1,44,7687,30495,0.0,255,254,0.0,597780.8950834105,4,14,0.0,0.0,0.0,1656.572525928286,217,3488985767,453901052,255,0.16634543339885216,0.13585218624255066,0.06478333079395758,131,269,0,8700,9,1,1,2,1,1,0,0,0,2,8,0,tcp,-,FIN
1744,0.0,34,153,4553,0,23974.683164213387,161,161,0.0,3664654.02944189,12,40,998.7188781307914,166.31860032576486,0.0,393.3236917660562,255,3407825634,1322235617,203,0.24752058577378216,0.0968378004159632,0.054707911948516215,28,38,0,10268,4,1,2,2,1,7,0,0,0,1,5,0,tcp,-,FIN
1745,0.0,1,0,7871,0,138447.01902131646,255,15,811321256.5935804,0.0,0,29,0.0,0.0,0.0,0.0,0,0,0,14,0.033602171477344865,0.0031192096036886273,0.0,1082,0,0,17399,1,2,1,2,1,2,0,0,0,1,1,0,udp,-,INT
1746,1.4260547965004733,6,0,46,62240,0.0,0,0,0.0,0.0,11,53,0.0,0.0,0.0,2522.0630848971264,255,743065319,1343576119,242,0.0,0.0,0.0,218,247,0,0,8,0,5,2,1,1,0,0,0,1,5,0,tcp,-,FIN
1747,0.0,93,132,46,122081,0.0,0,0,0.0,597058.513953899,9,49,4069.514739119275,0.0,0.0,878.0452863322989,239,2941049938,3090047525,209,0.0,0.0,0.0312125063926129,28,828,0,0,7,0,2,2,1,3,0,0,0,2,8,0,tcp,-,FIN
1748,1.0355336883113684,1,0,46,0,0.0,254,254,52890601.38405493,1589155.2892203564,4,17,1010.0758497668426,284.0900788578257,65489.94104496853,3766.218310572851,237,4188325742,633387901,208,0.11918244988916854,0.052071938481951574,0.016671860270887934,126,195,0,0,7,1,1,1,1,4,0,0,0,3,7,0,tcp,-,FIN
1749,0.0,27,66,1166,0,48082.262534910995,255,0,674957282.972545,0.0,5,0,0.0,1215.061399519748,0.0,875.594326364133,0,0,462896598,136,0.052108362486288355,0.0,0.0,925,66,0,12230,3,1,1,2,1,2,0,0,0,1,1,0,udp,-,INT
1750,0.498556130736031,1,0,3593,0,50397.515712413435,49,252,0.0,525112.8830285657,3,21,2240.4211148855775,0.0,37632.89637704112,0.0,213,4294813520,2958929339,255,0.06705421273844922,0.0743578543403583,0.02872527626600077,59,460,0,0,11,3,6,5,1,14,0,0,0,7,14,0,tcp,-,CON
1751,2.1793454853060514,1,0,2327,12806,14559.952450451812,106,36,0.0,0.0,0,0,0.0,180.62737318522943,24934.04497012336,0.0,65,0,220503414,0,0.01069378573517287,0.0131230759430957,0.010576458054814601,104,319,0,0,1,0,8,1,1,1,0,0,0,3,5,0,udp,dns,CON
1752,3.0432241317875524,1,1,8555,0,0.0,67,38,79419217.09728466,1230831.039967299,7,0,0.0,0.0,15873.58800099849,402.3677008550073,190,1575079454,3486267181,221,0.0,0.0,0.005817832363898335,125,0,1,3115,2,1,1,1,1,1,0,0,1,3,4,0,tcp,http,FIN
1753,0.0,1,45,8248,0,21489.620932759954,255,207,126151505.69020794,0.0,7,37,0.0,0.0,0.0,1165.5261879913655,255,3602862165,2204615472,255,0.098079909192508,0.021453435118722955,0.06780956564465862,96,0,0,0,1,2,1,1,1,3,0,0,0,1,1,0,tcp,-,FIN
1754,1.8607829200865127,38,0,46,21943,94200.20834319854,0,74,0.0,186835.9030068661,7,0,2837.8888563576443,0.0,22347.080046144856,0.0,255,2188499931,2529012724,219,0.012887778209408188,0.0,0.018319290885511985,169,0,1,0,1,0,2,1,1,3,0,0,1,2,2,0,tcp,http,FIN
1755,1.1649874066632249,139,101,9418,0,0.0,115,25,6331579.477491486,2551496.652459963,15,42,2698.717185440587,868.1214353712209,43699.56032089012,0.0,234,3993359768,2085648355,194,0.0,0.0,0.0,148,0,0,1565,11,0,1,2,1,3,0,0,0,4,3,0,tcp,-,FIN
1756,0.0,49,0,46,35623,65659.17826505822,214,22,698933570.4304619,2539065.8103022003,2,0,0.0,0.0,26393.541656954927,1734.2737929783468,29,311632903,0,0,0.04398008596572226,0.0,0.0,977,18,0,0,1,2,3,1,1,1,0,0,0,5,1,0,udp,-,INT
1757,1.001999593111485,110,0,1694,47539,27638.684471615175,116,0,3833303.3712452822,15889370.858247887,8,45,0.0,0.0,7641.407398345348,1218.2583633487216,246,1982683601,2925921256,253,0.0,0.0070089090139399445,0.0,28,461,0,35227,10,0,2,1,1,1,0,0,0,3,10,0,tcp,-,FIN
1758,4.216773114868672,1,26,2695,0,38165.125172563,255,243,142111234.44752103,3965141.571376997,2,31,1136.5868180449536,918.729900237331,5123.273211164273,171.58186488406398,195,2092311817,4234838957,232,0.052037058771531045,0.11329165767247242,0.07007650193728517,69,301,0,1867,4,1,1,1,1,1,0,0,0,5,5,0,tcp,-,FIN
1759,0.0,4,0,46,0,122042.2722228361,255,55,771641618.3934528,0.0,2,13,6270.87960653178,879.7568346755834,0.0,1849.8644609654884,0,0,0,0,0.0,0.0,0.001411814366184541,1013,181,0,12319,2,2,2,1,1,5,0,0,0,5,4,0,udp,-,INT
1760,0.3371169249537145,1,0,17021,10287,0.0,113,254,0.0,0.0,3,32,0.0,1432.3052629602046,9726.830038007773,18.27555019493724,255,285756460,930407907,233,0.1268640670858192,0.13007634405100502,0.06330548303745254,109,113,1,0,1,1,2,1,1,3,0,0,1,1,3,0,tcp,http,FIN
1761,0.0,1,45,4338,0,0.0,102,212,0.0,0.0,5,1,3621.554709947993,327.0736126922034,17214.136038254164,153.64550353165808,255,3514000344,3244643032,229,0.15813220992514096,0.03188765889306371,0.07797477612715938,28,0,0,0,4,2,3,2,1,5,0,0,0,4,1,0,tcp,-,FIN
1762,0.0,1,17,46,0,0.0,21,2,80907985.82946225,2042354.5818860403,0,53,644.2756431992617,364.1977315308816,3188.7525563097165,1747.786456793077,13,0,83229305,0,0.0,0.0,0.056275515959666664,138,321,0,0,2,0,9,1,1,5,0,0,0,3,4,0,udp,dns,CON
1763,1.4057898518546543,1,48,14525,42658,0.0,85,0,0.0,0.0,9,23,2302.353736917207,0.0,10084.650237253532,9916.48065878951,234,0,3132445130,255,0.05051623840201684,0.017512225366077255,0.020509257927042123,28,833,1,26644,1,0,3,1,1,1,0,0,1,5,1,0,tcp,http,FIN
1764,4.094381459948373,55,83,2528,175994,14712.015301790798,76,0,0.0,5193691.7614972135,10,15,2619.5373217339793,4.116210577352554,931.7624092667205,1906.6042689842918,245,1924209082,4294881924,255,0.0,0.0,0.0,28,783,0,15718,4,0,5,1,1,1,0,0,0,1,6,0,tcp,-,FIN
1765,0.0,80,146,5752,77301,0.0,0,0,24688684.37095322,1102947.7023570877,9,38,456.40891010201614,424.51630227856276,44081.60440937308,0.0,237,2267029808,3960997056,255,0.05859844045943961,0.0,0.024169924817338078,173,763,0,0,6,0,4,2,1,1,0,0,0,3,6,0,tcp,-,FIN
1766,2.7478604808694604,1,57,46,38128,9367.915290239993,240,245,46580729.54450455,1454490.1314899013,7,0,0.0,0.0,9136.357104987856,1152.2733976929414,160,3265547689,2298982447,255,0.19644045035482757,0.07527967123103249,0.09152829793590404,28,9,0,0,5,0,1,1,1,6,0,0,0,2,5,0,tcp,-,FIN
1767,1.3918066432771659,33,31,11922,0,0.0,0,254,0.0,2249589.9948076876,7,0,0.0,33.438428870599694,12385.881116335462,350.0288941524792,255,809377238,1376134399,223,0.08584237652411122,0.058339952038512825,0.03939642137243302,190,222,1,0,3,0,3,2,1,1,0,0,1,2,4,0,tcp,http,FIN
1768,5.301577319477763,1,59,2591,17327,2370.180590825908,255,213,0.0,0.0,8,0,970.9536829083693,997.1870407169072,0.0,1178.3364157631445,255,4294813520,1150871489,255,0.21838357546659787,0.0868326247464407,0.017707618760675906,92,0,0,22282,3,1,1,1,1,6,0,0,0,4,8,0,tcp,-,FIN
1769,0.36641599487930615,125,88,3962,28306,6334.253238703415,0,24,111415973.8435513,13937493.205622233,7,27,3067.9754894025095,1100.5761958716087,24318.848777192572,5066.512724717658,255,1918053612,2481733451,255,0.019118908775932975,0.003099038431557446,0.0,28,718,0,0,15,1,7,2,1,2,0,0,0,6,10,0,tcp,-,FIN
1770,0.0,1,0,10123,83356,119181.891755967,255,0,796070326.5099132,2307132.6390111055,4,0,3416.0173729323774,189.04785558117234,15689.836037255334,0.0,96,251804558,1235137382,55,0.07554800092267198,0.015539856565976878,0.005352343632736652,867,305,0,16531,6,2,1,1,1,1,0,0,1,4,2,0,udp,-,INT
1771,1.6867092227624518,4,0,5968,0,123069.10435056909,255,53,820499215.8098657,2698001.3475240325,1,0,3126.3438096507066,0.0,14614.829157773827,60.95395284020411,0,0,156448159,26,0.0,0.0,0.02143829873035511,1031,0,0,8373,3,2,3,2,1,1,0,0,0,1,1,0,udp,-,INT
1772,0.9876415629854614,1,39,1175,0,1769.3725720111004,8,0,0.0,0.0,12,0,0.0,551.3037975349704,16210.841430744997,0.0,219,1346287434,308531622,236,0.0,0.019285656071690777,0.0,170,21,0,3086,17,0,7,5,1,6,0,0,0,7,12,0,tcp,-,FIN
1773,2.398214397558224,57,34,7992,72068,0.0,255,223,0.0,733376.7416282205,6,0,0.0,0.0,0.0,0.0,255,2549327860,4294881924,255,0.1545435433210626,0.03523469892219846,0.0528428246411411,184,0,0,0,2,1,2,1,1,7,0,0,0,5,1,0,tcp,-,FIN
1774,1.2801399231493078,115,142,21912,73641,0.0,20,0,0.0,5166926.142410576,5,15,0.0,790.4363142964305,0.0,0.0,255,2425844635,3956448598,255,0.004630556920662445,0.05444519200321896,0.0,181,798,0,24983,4,1,1,2,1,1,0,0,0,3,1,0,tcp,-,FIN
1775,0.0,18,0,2666,0,0.0,255,195,0.0,0.0,11,0,448.8836716736579,0.0,45033.75312453837,0.0,152,3934087045,3152170852,156,0.03687406377762886,0.09319418201007569,0.04838205198547477,141,0,0,2385,1,1,1,1,1,3,0,0,0,3,1,0,tcp,-,FIN
1776,1.0538712615656873,1,0,2324,174674,43582.09008676543,0,56,0.0,3694722.49067492,0,0,2410.16469942077,567.2273651682872,0.0,0.0,255,704571405,1830739010,248,0.11118991247498446,0.0,0.0,28,0,0,0,16,1,6,5,1,4,0,0,0,6,8,0,tcp,-,FIN
1777,1.132054222211955,12,25,2132,0,0.0,93,245,0.0,0.0,5,0,0.0,0.0,0.0,0.0,255,3450661597,2262530558,255,0.23324901215574745,0.11043516837066822,0.031051921526375863,79,124,0,0,13,2,6,5,1,13,0,0,0,1,15,0,tcp,-,CON
1778,0.0,1,2,9336,0,0.0,173,254,0.0,0.0,0,0,0.0,0.0,0.0,0.0,140,1655252442,2801998565,255,0.13335227132520125,0.07096173619790899,0.05619446565456462,133,69,0,0,1,1,1,1,1,1,0,0,0,1,3,0,tcp,-,FIN
1779,0.6384864516736829,106,0,46,80983,8837.7777943927,0,93,4446215.440742344,6081349.645909302,14,36,1670.9821841205933,272.20324221436715,0.0,0.0,249,3623811545,3445226913,255,0.0,0.019156915717651563,0.018043983961343445,203,892,0,25229,4,0,1,2,1,1,0,0,0,4,5,0,tcp,-,FIN
1780,0.0,82,81,1745,68184,16069.108461528565,25,96,8311224.428441622,14540408.327683752,8,57,0.0,0.0,38592.620821267155,0.0,211,2971782222,0,213,0.0,0.0,0.0,28,759,0,29936,8,1,1,1,1,8,0,0,0,2,9,0,tcp,-,FIN
1781,1.3014182140369686,13,0,46,0,10211.41175788645,52,169,0.0,0.0,0,14,0.0,854.0203238209343,13851.81591327074,3087.0726201605444,230,648561074,925687025,255,0.13495121054872294,0.04356151489868918,0.021211493900623386,214,121,1,23049,7,1,4,1,1,2,0,0,1,2,3,0,tcp,http,FIN
1782,2.1570224348151834,1,0,46,0,0.0,75,254,0.0,1701790.425270759,1,26,2965.926156776222,0.0,32230.26180163574,857.1569107508033,182,1904613433,767286469,250,0.19703945309327076,0.046105081904894915,0.04845792851057758,28,100,1,0,4,0,1,2,1,1,0,0,1,2,4,0,tcp,http,FIN
1783,2.285817300483209,1,71,46,0,62346.65067875511,30,254,0.0,0.0,0,27,136.03849772701898,169.69143451191556,0.0,2053.6210349575135,255,1149843911,1148164358,244,0.45409208936395296,0.19647353542234625,0.031109125377340327,206,4,0,0,6,4,3,2,1,6,0,0,0,7,4,0,tcp,-,CON
1784,2.16917349777266,141,219,7440,0,3172.0559840742426,124,6,15794226.205879642,0.0,29,8,0.0,0.0,0.0,3139.077744378829,255,3039011183,1320657420,217,0.0,0.0,0.021407377281725735,53,185,0,0,9,0,3,1,1,4,0,0,0,1,10,0,tcp,-,FIN
1785,0.0,99,6,15808,203284,0.0,39,45,11389704.379582515,7849203.500270376,6,37,249.765863515083,908.1007318011065,0.0,3896.288171267096,255,3028168833,4134313348,255,0.0,0.0,0.043399576814478355,38,545,0,0,3,0,1,1,1,3,0,0,0,1,1,0,tcp,-,FIN
1786,0.0,152,109,11416,174,68435.07673979498,42,0,0.0,0.0,27,56,1125.5566884467319,545.9494702421456,39140.08254373037,3111.300776720023,138,4113730896,1561880149,255,0.0,0.0,0.0025037496959763703,67,165,0,0,11,0,1,1,1,1,0,0,0,1,7,0,tcp,-,FIN
1787,2.9617848556770108,1,20,46,50647,0.0,41,102,114746259.5300517,2143830.5424456806,4,0,6566.824833090869,30.062086436734255,15155.78013390908,5254.007877708477,255,205897290,2294709847,255,0.024819657158137408,0.0,0.01937610452468371,45,429,1,33086,3,0,1,1,1,1,0,0,1,6,1,0,tcp,http,FIN
1788,0.807744115591688,10,93,46,0,70914.51163751341,80,55,67644989.86741713,2059094.282788323,2,0,3923.1075996021673,0.0,1218.9179491009436,2377.900637141434,0,0,0,115,0.0,0.02045202568099446,0.0,110,28,0,29080,1,0,2,1,1,1,0,0,0,1,9,0,udp,dns,CON
1789,1.8099932293854024,44,0,10290,0,0.0,255,209,0.0,1374047.3801304707,1,16,8298.50590461471,1356.717372630141,9573.974606499449,998.6688234930739,195,3782524630,2805372640,255,0.0821788484372368,0.07506159690394444,0.10260252468993199,72,0,0,0,2,2,3,1,1,5,0,0,0,4,3,0,tcp,-,FIN
1790,3.3495974232166,1,0,9605,0,75686.6282060195,255,0,762444612.1781799,0.0,0,0,0.0,573.3271937026893,0.0,3726.481333565906,19,0,658957708,67,0.0,0.0,0.0,1114,0,0,0,2,3,1,1,1,1,0,0,0,1,5,0,udp,-,INT
1791,0.0,2,81,335,0,0.0,67,0,0.0,3767168.256210779,1,0,3592.9103047252183,0.0,47530.88903404884,71.3768943056397,48,0,1145816803,15,0.01832987050928741,0.0,0.027694586012186054,234,132,0,0,1,1,7,1,1,1,0,0,0,2,1,0,udp,dns,CON
1792,3.5932761335851966,10,0,46,0,0.0,0,13,21704004.77251853,0.0,2,0,4010.4821039583785,705.9571018698489,46625.96188163261,3167.466638669023,0,4413246,734977462,0,0.10139356676419281,0.007839071012223316,0.0,78,152,0,24983,1,0,1,1,1,4,0,0,0,1,4,0,udp,dns,CON
1793,0.0,2,45,8382,0,17181.5999667227,0,228,13841624.541512508,1550435.7667730863,5,13,166.81809717316105,0.0,32995.76729972459,506.04637082367833,166,0,806244757,196,0.04823106001629865,0.030066787821735552,0.05266444141849757,28,0,1,5086,1,0,5,1,1,4,0,0,1,1,2,0,tcp,http,FIN
1794,1.6445386785052047,1,0,46,79605,13720.778911290989,27,0,54527742.61158227,1002957.897878213,2,5,0.0,115.56345074176672,25237.19660920739,386.76082653716026,0,0,0,13,0.06680141372695168,0.0,0.0,28,145,0,0,1,0,1,1,1,4,0,0,1,1,1,0,udp,dns,CON
1795,0.7468485745674814,113,117,10449,0,0.0,21,68,119056514.46003844,1554443.8756655457,36,57,1910.4824348938876,0.0,0.0,2261.7315941734673,219,2742029234,254884671,106,0.0,0.042637614601041596,0.017272020076563237,236,298,0,0,3,1,2,1,1,1,0,0,0,4,5,0,tcp,-,FIN
1796,0.0,1,0,15798,0,61929.939536501595,255,254,24070262.3839739,0.0,6,0,0.0,730.7622929009866,16263.584552657125,0.0,247,2168519715,2972187684,255,0.12971107545694524,0.06323412271310427,0.05675624766452617,212,0,0,0,4,1,4,1,1,1,0,0,0,2,3,0,tcp,-,FIN
1797,0.0,1,0,1509,0,45886.24098952486,32,28,43370215.3812725,897423.836547103,11,0,0.0,0.0,0.0,1529.5139129740076,0,0,0,18,0.0,0.009496032494056708,0.0,155,81,0,0,3,1,1,1,1,1,0,0,0,5,3,0,udp,dns,CON
1798,0.0,1,49,46,98088,0.0,255,237,117827249.29546241,1466458.2198738283,14,13,0.0,0.0,0.0,0.0,218,2335673919,2221698841,243,0.1673226678026277,0.07330584523515886,0.049147631769842284,59,0,0,43552,6,0,1,1,1,4,0,0,0,1,1,0,tcp,-,FIN
1799,0.9314739098036188,1,0,2886,0,0.0,0,51,0.0,732407.8036764195,0,0,0.0,0.0,0.0,1338.2382888014522,31,0,0,0,0.01626105105803843,0.0,0.0,148,0,0,36120,5,0,1,2,1,1,0,0,0,1,6,0,udp,dns,CON
1800,1.5579680621159326,13,0,139,38808,36363.94777920477,253,251,0.0,531490.0544380258,0,0,667.4294744374448,202.7968965043493,17137.98615927117,0.0,255,4099301629,531192035,185,0.2905188778549659,0.0719298469889761,0.07937294163391746,367,99,0,0,5,1,1,3,1,6,0,0,0,2,5,0,tcp,-,FIN
1801,1.9247103614743633,72,24,46,115824,0.0,0,0,55062863.86495366,14653102.460869107,7,0,1734.0349508962495,53.6727141349743,85.08710868593795,1559.8550601959403,255,2609213962,0,255,0.0,0.00017541626037247853,0.008719197412072747,28,956,0,0,12,1,2,1,1,6,0,0,0,2,8,0,tcp,-,FIN
1802,0.0,8,0,5765,0,11103.357892264112,255,219,0.0,4366456.057770297,7,10,0.0,0.0,22584.61604018246,0.0,255,4294813520,1008275576,236,0.2546691224532216,0.05948617629379321,0.1316979032254365,69,0,0,3553,6,2,1,1,1,4,0,0,0,3,8,0,tcp,-,FIN
1803,1.4888859211115337,1,17,7654,0,33039.395682883296,0,14,0.0,0.0,0,37,1249.0524499799737,24.648403588321298,17239.235414393424,0.0,0,1344721872,603947944,0,0.0,0.0,0.0,28,506,0,0,1,0,6,2,1,3,0,0,0,2,7,0,udp,dns,CON
1804,0.19336419086111697,69,118,1838,0,0.0,48,41,121553878.05745484,9980788.466446087,10,3,1231.7881510463933,0.0,27970.78851628917,204.12578073695025,196,4294813520,3123940736,255,0.0,0.012564574633315574,0.0,46,894,0,13203,3,0,1,2,1,2,0,0,0,8,1,0,tcp,-,FIN
1805,1.2887358241600289,7,0,1080,108338,52778.440775799645,0,29,0.0,15050882.218118874,6,48,895.947821638248,924.8567955017536,0.0,220.58540272874026,227,2786533451,0,255,0.0,0.020647274259107163,0.031825324985967275,217,608,0,17963,11,0,3,3,1,2,0,0,0,2,7,0,tcp,-,FIN
1806,1.0234583658044794,15,0,46,0,0.0,12,40,24906832.066106606,1413108.9578505633,0,0,1755.9018930226043,0.0,0.0,0.0,0,527665200,131843685,0,0.06800613485566562,0.0,0.0,183,290,0,0,12,0,5,3,1,3,0,0,0,2,1,0,udp,dns,CON
1807,0.0,6,10,46,26670,20436.0080233323,106,176,0.0,0.0,0,0,631.4986695748454,361.76557670815623,50822.936780167714,1999.2925317151562,144,1172318287,1162052010,229,0.3057822586803717,0.26518991069918474,0.10093199259699565,180,0,0,26908,7,3,3,1,1,2,0,0,0,1,11,0,tcp,-,CON
1808,0.5035220614447473,3,0,46,7932,31427.46564611335,42,62,33567225.34391965,3010518.4808377703,0,0,3442.216051285517,0.0,0.0,2580.7755637508626,0,35778892,0,0,0.0,0.018724838969253515,0.0427926609911009,28,140,0,0,2,1,9,2,1,1,0,0,0,4,3,0,udp,dns,CON
1809,1.7457063158980253,42,31,46,26130,34600.85937331981,173,252,147396758.8875568,0.0,8,0,1664.987127345742,144.96869588472381,4134.868651766369,7116.419459250486,255,3745757127,2565274420,255,0.1456163096910428,0.08006794837364681,0.06256056185311124,28,0,0,12777,6,2,4,2,1,6,0,0,0,1,7,0,tcp,-,FIN
1810,1.5669164663768733,1,14,14747,31979,157003.28825726995,221,128,659633211.5907755,2963388.283130225,0,0,0.0,270.06885198678276,26720.052994200072,121.66704018680535,43,0,0,26,0.013927822111931823,0.0,0.06944808154815037,1029,0,0,0,4,2,2,2,1,1,0,0,0,2,1,0,udp,-,INT
1811,3.6423419051188386,1,0,3667,0,0.0,180,233,0.0,0.0,1,11,4818.8670167650625,422.97568916017934,0.0,3012.7986431513823,255,3277686082,1486957727,253,0.10207930084376585,0.06129700444449266,0.0673430292016679,31,195,0,19389,2,1,2,2,1,4,0,0,0,1,1,0,tcp,-,FIN
1812,0.0,10,0,3975,0,0.0,0,45,29185754.40619944,3589996.7002781252,2,44,0.0,0.0,0.0,0.0,7,0,0,48,0.02659868148884853,0.029280002394118414,0.0,68,40,0,0,3,1,1,2,1,1,0,0,0,1,7,0,udp,dns,CON
1813,0.0,6,0,6931,48566,0.0,68,254,0.0,0.0,1,0,33.00826774090184,1307.9441696277472,54799.40171725341,0.0,255,1872888227,0,255,0.2411727184697133,0.17903730148779923,0.0341382545778492,191,312,0,15519,4,2,1,3,1,8,0,0,0,2,5,0,tcp,-,CON
1814,3.207041696826786,15,65,5713,0,115356.99735882487,255,254,0.0,0.0,6,0,6657.858976773435,0.0,0.0,0.0,197,3332008236,2759074811,255,0.13622056730982307,0.018615621604487417,0.07078865147149178,28,0,0,0,1,2,2,1,1,2,0,0,0,2,6,0,tcp,-,FIN
1815,0.0,1,0,521,0,51207.34389767029,255,249,29363934.748917095,0.0,0,0,1330.134527095985,430.3968416988954,47779.28910255565,0.0,203,3235083471,0,255,0.18580572063278808,0.08174029867294254,0.04682096567647884,234,0,0,1544,6,1,1,1,1,8,0,0,0,2,3,0,tcp,-,FIN
1816,2.851983321700066,28,5,2657,45233,0.0,92,202,45286644.09359263,0.0,0,0,0.0,0.0,16008.366766537514,847.4011069591472,255,1220107954,131453966,255,0.19533039958912696,0.05489750854110327,0.03196255279631167,68,80,1,26379,4,1,1,2,1,1,0,0,1,1,1,0,tcp,http,FIN
1817,0.0,48,33,113,0,0.0,30,106,46143313.94275914,0.0,7,8,879.1921576105733,0.0,25900.14265738348,3405.8640664319255,255,0,1369185440,230,0.01314121822991348,0.0,0.0,28,631,0,0,12,0,4,1,1,1,0,0,0,5,6,0,tcp,-,FIN
1818,0.0,97,166,7807,111559,470.6122322724051,18,0,0.0,7272689.811177101,9,36,1350.94540829138,0.0,25012.615086834307,1055.0768288383174,219,3131361654,4294881924,191,0.0773429720316318,0.01884039803222673,0.0,245,1059,0,0,7,0,1,3,1,3,0,0,0,1,6,0,tcp,-,FIN
1819,0.635242170015927,3,0,3121,95690,10366.169155727075,9,254,35054602.580058604,0.0,0,0,607.595630436894,0.0,0.0,3929.082154291989,255,0,1879882837,255,0.11133157374546337,0.06409668384162254,0.10310795562930171,35,241,1,0,5,1,1,1,1,3,0,0,1,1,3,0,tcp,http,FIN
1820,0.0,1,51,46,1223,24346.893598563598,40,228,0.0,443403.2622741803,7,1,0.0,456.4193786130268,18020.345469229225,3744.880151613751,231,4294813520,2572127940,255,0.07432416391474041,0.06794947400599469,0.07126743734628355,28,135,0,0,12,3,7,5,1,12,0,0,0,3,9,0,tcp,-,CON
1821,0.0,43,87,46,71837,26102.83041773309,0,20,0.0,3354564.015364403,14,0,0.0,1010.9233140022609,47943.19337440796,634.0428119212053,210,1403674185,447105266,194,0.12384945334899287,0.0,0.027841122544824487,268,104,0,0,11,0,4,1,1,1,0,0,0,3,3,0,tcp,-,FIN
1822,0.0,118,83,5844,90311,46390.205578246314,0,0,0.0,4465298.41689332,4,36,0.0,456.01818662756034,32670.997825500555,0.0,208,2556533549,4149003434,255,0.0,0.029194689022881422,0.0,28,1355,0,2234,4,0,2,1,1,1,0,0,0,2,5,0,tcp,-,FIN
1823,1.7074872726385841,24,0,46,107732,75914.1688771793,66,254,46448499.14454877,2286385.1717588226,8,31,0.0,0.0,33210.60409932748,0.0,255,605489405,895288534,230,0.3536337832689616,0.27213599024225216,0.054711809014499437,257,115,0,3325,3,4,1,1,1,10,0,0,0,4,1,0,tcp,-,CON
1824,0.7696827319025301,1,0,46,0,0.0,56,238,0.0,1192590.7789321821,0,13,3432.2807304813837,0.0,23442.02890024186,0.0,255,0,795934964,255,0.07535790451783604,0.04520350239135146,0.02545814376927819,28,212,1,9948,6,2,1,2,1,1,0,0,1,1,1,0,tcp,http,FIN
1825,0.04237416635450243,35,5,4950,1087,0.0,182,0,18125951.39675989,2950563.564592829,8,8,0.0,124.82669052148468,420.3275965955591,0.0,255,0,2378086962,255,0.03137950956216353,0.01413512382310328,0.0,154,245,0,0,16,1,6,3,1,2,0,0,0,10,13,0,tcp,-,FIN
1826,0.0,40,62,8024,47292,0.0,0,92,0.0,883624.4351609158,1,0,403.11139116678436,0.0,0.0,0.0,239,0,1371840840,255,0.020956720282773802,0.0,0.029767745729938438,91,0,0,0,18,0,6,7,1,8,0,0,0,9,11,0,tcp,-,FIN
1827,0.0,59,30,18522,0,0.0,25,4,0.0,1905715.615932359,8,6,3612.4681044971308,668.6000957111758,38955.07762603062,0.0,238,1118734381,0,238,0.00056090617696144,0.0,0.0,198,0,0,0,9,0,11,6,1,13,0,0,0,8,15,0,tcp,-,FIN
1828,0.0,1,14,46,78220,14030.726282804153,0,254,84616667.74994998,3609821.6320594074,0,14,1708.2612553691038,279.0650066762239,0.0,1456.151929994726,255,4193662639,2214423425,255,0.24964494096436451,0.008634926908068184,0.05809741526884788,142,5,0,0,11,3,4,4,1,10,0,0,0,1,12,0,tcp,-,CON
1829,1.9064185322051943,1,0,46,0,26896.315677379192,12,71,30398143.397774223,128374.26759481826,0,11,3670.8058741970294,0.0,0.0,802.5771630687328,54,0,1071018584,91,0.025359541412904793,0.04132043823157433,0.0,28,244,0,0,1,0,6,1,1,1,0,0,0,1,1,0,udp,dns,CON
1830,0.0,35,0,46,141005,65440.37581641657,237,254,30621560.119101394,918974.6192039963,1,2,0.0,1192.9407567300407,6490.632492633487,2829.2562560167794,255,4143848347,1358546912,255,0.13444087319018166,0.1241690554054313,0.0815315392453007,261,0,0,0,5,1,2,1,1,8,0,0,0,2,3,0,tcp,-,FIN
1831,0.0,18,128,2941,145554,0.0,73,0,0.0,0.0,3,9,1623.4146965916373,0.0,0.0,1066.8522963346688,170,2403877840,904700453,255,0.09367199034531445,0.014589271026956662,0.0,57,80,0,6937,9,0,9,6,1,8,0,0,0,12,17,0,tcp,-,FIN
1832,3.240049975320258,1,0,1893,19396,13617.420325443843,232,254,0.0,2114928.471482312,9,0,3023.373320668643,134.57504244658952,0.0,0.0,211,3936092261,3489767672,255,0.014895612534978356,0.09172161972993348,0.10113775731228866,28,12,0,0,6,1,1,1,1,1,0,0,0,3,3,0,tcp,-,FIN
1833,0.5936570174314779,77,28,46,94947,0.0,22,24,48822724.87230291,4222758.503780317,7,10,2431.5593163658987,630.6440935382267,0.0,2152.826517908167,198,3653355005,3801637568,255,0.0,0.0,0.0,28,599,0,0,4,1,1,1,1,1,0,0,0,5,3,0,tcp,-,FIN
1834,0.0,82,141,2751,138283,17502.482592255947,10,12,30440731.234296843,6885875.175382657,15,44,2299.1695520851163,555.5379210250211,0.0,0.0,255,4142698268,2826651440,255,0.05271524624617636,0.03182336743308196,0.07074401215085294,350,766,0,0,4,0,1,1,1,1,0,0,0,7,2,0,tcp,-,FIN
1835,0.6536882169824404,50,64,46,0,106873.30490379897,0,24,207618251.65624478,16700640.756246915,5,38,0.0,0.0,0.0,2724.047493207222,227,910577281,2618750996,206,0.014122519038577608,0.012825049092156834,0.03503801894164813,28,732,0,0,14,0,3,2,1,3,0,0,0,3,8,0,tcp,-,FIN
1836,0.0,22,40,7278,0,0.0,222,171,17696583.24328307,0.0,11,5,1776.809007588659,0.0,4685.166581178908,0.0,255,2609696634,952525734,246,0.13046244563741363,0.051344539746712624,0.09476975382291886,90,0,0,24913,6,1,3,2,1,5,0,0,0,3,4,0,tcp,-,FIN
1837,2.65232856392766,59,61,46,142674,95093.42262341216,12,39,0.0,3987881.557647821,1,62,1260.591781405988,0.0,25803.678310837586,0.0,170,3690036440,4263416334,239,0.023862301897838816,0.0,0.002128005176847812,34,1065,0,0,8,0,2,1,1,1,0,0,0,8,1,0,tcp,-,FIN
1838,1.834078973736396,43,0,46,18742,0.0,35,0,0.0,0.0,0,12,0.0,165.25052104429838,410.0489261499561,1506.9867411474916,0,536985060,671328683,0,0.06307334572709006,0.0,0.03994268980678326,251,154,0,0,1,0,1,1,1,1,0,0,0,1,2,0,udp,dns,CON
1839,4.196740706188921,1,9,46,0,0.0,58,15,0.0,0.0,2,0,0.0,620.5051430743032,0.0,0.0,255,3008327733,958491376,255,0.0,0.06087591566979305,0.009618159539838004,28,145,0,0,11,0,8,5,1,13,0,0,0,14,12,0,tcp,-,FIN
1840,0.0,1,0,46,1022,0.0,242,254,0.0,3152558.8297523004,8,0,1214.3944114323688,0.0,0.0,3371.0086388510745,255,2329326332,4273359106,255,0.11684999774116138,0.11586563856436556,0.0828639682832322,63,46,0,0,1,1,1,1,1,1,0,0,0,1,3,0,tcp,-,FIN
1841,0.0,122,122,5938,0,6945.450275173508,19,83,8101481.341219102,1785603.3709521063,31,66,0.0,426.00899657093845,10659.790734696278,3082.965398153198,115,2234107532,1179418574,220,0.0030089373564101177,0.0,0.061739647125703706,134,0,0,0,10,0,1,1,1,2,0,0,0,1,5,0,tcp,-,FIN
1842,0.0,40,25,980,0,0.0,169,211,0.0,1833395.877626927,0,21,0.0,0.0,31304.70475281854,0.0,161,4225987680,824593021,255,0.18089533014184778,0.0,0.10231032501269753,48,0,0,36706,5,1,3,1,1,5,0,0,0,1,7,0,tcp,-,FIN
1843,0.0,1,97,3368,0,31760.97194947478,58,102,108013129.8690945,0.0,0,43,2433.1241393481278,0.0,24249.193775313324,4215.058522993097,0,298983290,0,0,0.03810461435666942,0.04578481321083142,0.0,28,146,0,11764,1,1,5,1,1,1,0,0,0,1,2,0,udp,dns,CON
1844,0.9062840509390798,1,6,10652,62342,0.0,28,254,70910303.59890214,106693.19148423224,0,53,2718.6535765411277,0.0,9770.655556636713,0.0,255,4294813520,1435337603,255,0.01323094295444023,0.06437012414896627,0.0674463386517196,162,0,0,14023,9,3,8,3,1,14,0,0,0,5,12,0,tcp,-,CON
1845,0.0,1,0,6501,77643,0.0,68,7,69510758.53409135,3183139.678200237,7,0,1343.779592117366,0.0,46462.693163340424,8986.494384444044,255,14847654,2828217783,248,0.032366172869170456,0.0,0.03429305899414135,101,594,1,0,5,0,1,2,1,6,0,0,1,3,2,0,tcp,http,FIN
1846,0.8167918300498017,17,5,7518,39662,71818.2745805222,255,196,0.0,1837423.9180191047,8,0,0.0,1589.2797047894642,0.0,4054.6757755535805,232,2566143743,1267795877,255,0.049892399372707744,0.023128708419500654,0.10546216655403702,34,0,0,8845,1,0,3,2,1,9,0,0,0,3,7,0,tcp,-,FIN
1847,0.0,91,266,17529,41909,0.0,22,0,73582007.63449903,0.0,29,0,0.0,0.0,0.0,0.0,246,3652820627,1058083119,255,0.0,0.0,0.0,159,190,0,0,8,0,1,1,1,1,0,0,0,3,10,0,tcp,-,FIN
1848,0.0646608689151682,1,62,5406,0,0.0,0,43,82304463.09661976,1689293.3202359634,1,27,0.0,55.66644234669251,5552.499767717489,13544.862455808678,210,203700968,2853624707,251,0.0,0.04637231785787942,0.0,173,647,1,21040,2,0,1,2,1,1,0,0,1,3,1,0,tcp,http,FIN
1849,2.9172753946378243,102,45,4615,119934,24253.180746202688,30,0,128597470.62032333,1505800.974114791,10,52,3322.0924620740834,0.0,31233.37149758133,547.1272505969959,255,2747523277,3426354355,233,0.012277581313427655,0.009256243134412936,0.0433949359334694,114,675,0,3974,5,0,2,1,1,3,0,0,0,4,9,0,tcp,-,FIN
1850,2.135827271530718,1,32,7764,42767,0.0,79,254,0.0,0.0,0,3,530.0472288744785,1950.7375318918591,20221.484924930723,1031.5398420665686,255,4181803722,2635138369,249,0.16900240402360972,0.004236739201591164,0.021078733669023013,198,54,0,0,10,3,6,4,1,11,0,0,0,6,10,0,tcp,-,CON
1851,1.4819081446893316,66,24,10821,134475,0.0,15,0,1949241.4859911557,10509197.90583131,9,0,0.0,352.3356201576713,27289.512583231637,3276.184927893248,255,2433690589,0,255,0.004176246442765059,0.0,0.0,157,569,0,818,6,0,5,2,1,1,0,0,0,2,7,0,tcp,-,FIN
1852,1.4299519776810625,76,17,9218,223521,17910.15630388568,3,0,0.0,3777358.2848464996,8,34,424.10586625514503,0.0,585.0905265550365,1255.6346294614127,253,2053012205,4170643439,223,0.0,0.056106292968199564,0.0,190,638,0,30802,5,0,3,3,1,1,0,0,0,2,3,0,tcp,-,FIN
1853,0.3237668137915367,32,0,46,0,31702.263672478162,255,254,212315932.2180006,1328660.9090875182,3,8,1833.3471060209085,761.6791860372966,9235.605455441613,0.0,209,3255767471,475939886,255,0.07855479710658106,0.10666345815411908,0.09372654679845785,206,0,0,3517,7,2,4,2,1,4,0,0,0,1,9,0,tcp,-,FIN
1854,0.6764501770771258,135,131,2164,0,0.0,55,0,0.0,0.0,32,51,0.0,274.28158988682236,0.0,0.0,255,2812578798,1715860615,220,0.0,0.0,0.0,147,557,0,0,6,0,1,1,1,1,0,0,0,1,4,0,tcp,-,FIN
1855,0.0,1,0,46,0,18249.371027040015,14,29,103165133.75437687,584074.4674554082,0,6,0.0,0.0,0.0,0.0,75,0,0,13,0.0,0.0,0.003522419600859904,28,210,0,7066,2,0,8,1,1,1,0,0,0,4,5,0,udp,dns,CON
1856,0.0,61,9,9162,69172,34778.589565742055,0,78,13098377.023836387,5826745.876034703,9,43,1669.4360049580898,0.0,3491.7071422365434,0.0,233,3179935890,2767549107,255,0.020565850279746015,0.0,0.01459737322195297,28,1062,0,10279,3,1,1,1,1,2,0,0,0,2,1,0,tcp,-,FIN
1857,0.2524697272262277,31,1,1895,909,131851.56299459256,255,6,811826345.9560984,0.0,0,0,619.2449716829855,0.0,0.0,0.0,0,0,532861524,0,0.0,0.03336267765740259,5.0949874702644086e-05,1204,95,0,0,5,3,3,2,1,2,0,0,0,2,4,0,udp,-,INT
1858,0.0,17,0,8622,0,14073.807041463047,24,254,0.0,0.0,4,29,2884.2190046031033,0.0,0.0,0.0,235,4294813520,1672564135,255,0.21256538048433976,0.063754332608262,0.01926207505647929,130,75,0,0,13,3,5,6,1,12,0,0,0,1,12,0,tcp,-,CON
1859,2.2248252022597463,1,32,12130,70362,64807.10232778358,255,254,74282205.85087946,2506380.4775312017,8,19,2011.1255907939726,0.0,19844.635140634335,0.0,240,4294813520,476008723,255,0.15914826502915302,0.14446419059342425,0.06412777628026799,261,197,0,0,4,0,3,1,1,6,0,0,0,2,4,0,tcp,-,FIN
1860,0.5446301922296966,28,0,8588,0,1816.5870985512033,255,167,22231089.70090877,0.0,3,0,0.0,357.7505750285609,8863.492347193269,0.0,156,2899307520,2051264784,244,0.19852391728854585,0.07648569665622551,0.045118691872483255,28,0,0,2040,1,1,1,2,1,1,0,0,0,1,1,0,tcp,-,FIN
1861,0.2578083916177909,1,48,11393,0,0.0,161,254,137181512.13947496,0.0,6,37,0.0,0.0,36796.40357997602,1605.813842844264,255,4294813520,1189015162,255,0.12686641563496548,0.015547300949777007,0.06456392162997318,106,130,0,0,8,0,3,1,1,5,0,0,0,3,5,0,tcp,-,FIN
1862,0.0,161,66,851,0,0.0,35,37,24708564.690732647,0.0,30,61,534.0021892164381,524.135784302843,0.0,3302.6113425084955,255,2684457063,1340659081,198,0.04420875888823517,0.01939072385795878,0.0,28,304,0,0,5,0,1,2,1,2,0,0,0,2,6,0,tcp,-,FIN
1863,1.0600227690557873,112,170,8104,55448,46972.73767785688,56,74,0.0,4605405.805258294,11,47,0.0,77.21675721107871,0.0,0.0,255,3530646561,4123834765,223,0.03755341031638221,0.0,0.009822903845773617,123,1038,0,0,7,0,1,1,1,1,0,0,0,2,1,0,tcp,-,FIN
1864,1.512375314882422,92,0,781,0,0.0,62,59,41910405.27234717,8821933.01083104,7,43,1312.8423319808776,0.0,0.0,2010.029490661077,183,1427402992,3121912223,255,0.0,0.0,0.0,28,1123,0,20659,6,0,3,1,1,1,0,0,0,2,2,0,tcp,-,FIN
1865,0.0,64,6,46,46742,0.0,37,19,1759669.1411582835,19559678.39987619,2,63,4107.98429131262,1124.8524541663726,0.0,0.0,255,3894281559,673117408,255,0.0,0.014500620683535496,0.0,28,836,0,32578,8,0,5,2,1,1,0,0,0,2,9,0,tcp,-,FIN
1866,0.0,8,33,1365,0,17450.55693637066,157,254,0.0,0.0,7,0,0.0,0.0,20389.854405531067,841.4636552414166,255,4294813520,0,255,0.23140099288628574,0.08732963665885156,0.07641710181833224,159,321,0,0,6,1,2,1,1,4,0,0,0,1,4,0,tcp,-,FIN
1867,0.0,25,87,9896,0,0.0,125,237,30521107.43058394,905938.4250657676,0,31,1744.3468078279116,418.60032855523707,25518.797168638604,3278.6697483269563,255,0,74428692,248,0.27279570351473814,0.23703475736112004,0.06339189377844291,284,10,0,0,8,4,3,1,1,6,0,0,0,2,2,0,tcp,-,CON
1868,0.8014446182675221,74,102,7957,139134,86232.3714782555,51,41,0.0,5861140.40863157,8,25,2249.3819333089277,0.0,18533.85962150347,1525.5869022036459,200,2801269554,2982859796,241,0.0,0.0,0.009420725073607496,146,1260,0,0,8,0,1,1,1,5,0,0,1,2,4,0,tcp,-,FIN
1869,0.6421898797698993,66,91,17167,46001,14418.998934035895,0,13,0.0,16596005.737701017,5,50,893.3030994957272,582.1146783845167,32207.3053638552,0.0,197,2263744156,205614486,255,0.0,0.0,0.005859113254077822,28,897,0,9762,9,0,2,1,1,5,0,0,0,2,8,0,tcp,-,FIN
1870,0.4399892909736571,34,7,1724,72328,46904.03904802355,215,254,3310745.152999819,1333657.3022183448,0,4,913.6597146927865,0.0,18325.680653695385,0.0,255,2274946017,3276221338,255,0.08814666598414364,0.10616616587488557,0.1060737149408779,122,0,0,2023,6,3,1,1,1,1,0,0,0,2,4,0,tcp,-,FIN
1871,1.7851442113741327,1,0,17439,0,0.0,73,233,0.0,2243742.070200662,3,0,0.0,1463.0180041626354,8537.320383432625,5231.84177570734,255,1213692129,703344282,206,0.3348973636765989,0.23397591515019336,0.08443459874703992,141,0,0,0,1,3,1,3,1,2,0,0,0,1,5,0,tcp,-,CON
1872,0.556959708760234,1,0,2248,0,22535.62759514204,255,254,0.0,903597.4045723227,2,0,223.35126731315586,601.693851057941,20761.52507004828,5483.718456928566,225,3048280918,1209018688,203,0.16225075860266572,0.08087557781791438,0.10807382021127601,32,0,0,1971,2,0,1,3,1,7,0,0,0,1,8,0,tcp,-,FIN
1873,0.0,33,6,4077,19311,16238.661113036787,7,130,74808048.78580959,6238299.519879661,9,51,0.0,0.0,0.0,1997.5736681946064,255,4193734332,3932626242,255,0.0037590720297702835,0.0,0.0,54,695,0,0,3,0,1,2,1,4,0,0,0,8,2,0,tcp,-,FIN
1874,2.692095998468144,31,0,46,49558,56593.068261228116,72,73,0.0,16295204.855036609,7,19,2711.4491705636688,432.00735372327335,0.0,3711.720934553948,233,1795558170,390439318,215,0.06812762949552766,0.0380356775134078,0.0,125,793,0,33401,13,0,2,1,1,1,0,0,0,2,6,0,tcp,-,FIN
1875,2.7254328650719444,72,147,15275,63390,7570.42299047539,0,106,0.0,523627.4875355715,28,17,2485.544997677618,0.0,0.0,424.2308433071182,152,3398601222,1175021755,255,0.006632241856551164,0.007831302148846862,0.0,28,0,0,0,9,0,1,1,1,1,0,0,0,1,9,0,tcp,-,FIN
1876,0.0,28,0,46,0,0.0,0,0,0.0,2267215.910436252,7,0,0.0,0.0,0.0,2107.66081953124,243,1546344942,2871178172,255,0.09385744726662203,0.0,0.0,183,284,1,5495,1,0,1,1,1,1,0,0,1,3,3,0,tcp,http,FIN
1877,0.4172135569630121,116,84,46,92628,41517.47185249874,0,0,39348978.96143794,4833675.083679216,8,42,0.0,563.5589636111533,5493.987807215544,2380.3432867208235,255,4111428155,3116230758,255,0.0,0.045034139601277154,0.03056278842803868,313,862,0,10712,3,0,1,1,1,2,0,0,0,6,1,0,tcp,-,FIN
1878,2.753080017515517,123,19,13467,24768,0.0,0,13,0.0,2510464.334343274,10,78,0.0,434.70207256501385,0.0,0.0,255,1499183321,4028546484,213,0.0,0.0,0.0,77,940,0,9216,2,0,2,1,1,1,0,0,0,3,1,0,tcp,-,FIN
1879,0.0,1,33,9319,53116,0.0,105,31,0.0,31870.828685040586,10,0,3639.28364156901,0.0,0.0,0.0,255,2965151102,0,198,0.0,0.006796809855152343,0.029861357962199762,100,0,0,0,10,0,11,6,1,10,0,0,0,10,19,0,tcp,-,FIN
1880,2.071388776756163,30,0,8138,0,0.0,255,242,0.0,1127532.4256294752,8,68,0.0,333.81615690331176,23509.928636093362,2541.6980712544637,255,1535899442,3842091606,255,0.0790112423938365,0.014389786565713263,0.03884094065401939,44,0,0,28759,5,2,1,1,1,1,0,0,0,2,7,0,tcp,-,FIN
1881,2.9856154156825463,161,198,5383,72846,0.0,43,0,49998532.229624785,3737907.057857032,32,37,0.0,822.365937433413,0.0,5617.826219215932,194,2674503926,344646798,197,0.007402670133239696,0.0,0.0,113,0,0,0,10,1,1,3,1,1,0,0,0,1,7,0,tcp,-,FIN
1882,0.551641623864703,35,67,2616,36503,6233.103755974015,0,87,0.0,16261469.77837678,6,32,0.0,546.4114829977865,796.8412348271701,3456.838553573348,232,755772001,4048940834,224,0.0907380449861857,0.027868570593509005,0.0008123083694585019,28,900,0,0,15,1,3,1,1,8,0,0,0,4,12,0,tcp,-,FIN
1883,4.297575798190114,63,125,3212,153174,0.0,20,137,44953533.18460503,13812507.363545872,1,14,596.5280443239092,0.0,0.0,969.0508658177229,255,3026913170,0,255,0.011951474741420188,0.0,0.041578279825564265,233,586,0,13947,8,0,4,1,1,2,0,0,0,3,9,0,tcp,-,FIN
1884,1.2947189182664294,1,0,7294,0,133349.12057547254,255,64,719540958.7426976,0.0,1,0,312.39533502735867,0.0,0.0,730.1219119162892,0,289227476,1189578435,0,0.0,0.003238585259834852,0.025587588753898598,1119,0,0,0,3,2,2,2,1,7,0,0,0,1,2,0,udp,-,INT
1885,1.0307844694690445,23,13,11491,0,41921.77640414263,177,254,100804064.96610095,2524571.747316549,9,8,4330.512610378406,98.64551531362356,0.0,1001.2874394738083,252,4148091216,358338010,255,0.14484689565797562,0.06332756177817182,0.07822840325173003,28,277,0,0,7,1,1,4,1,9,0,0,0,1,8,0,tcp,-,FIN
1886,0.0,1,0,4013,0,33895.78378207284,3,40,0.0,1630502.7846450275,5,0,0.0,0.0,0.0,0.0,255,89729043,1408558937,173,0.03284056000349146,0.0,0.0,99,152,0,0,23,0,3,4,1,1,0,0,0,8,10,0,tcp,-,FIN
1887,0.5495194185071467,15,0,13799,0,27755.859570256533,255,210,0.0,0.0,0,0,1064.1950333867123,0.0,0.0,0.0,255,2118050542,2732439047,243,0.16871671678629552,0.04827636352756888,0.07891929354083897,28,64,0,0,1,1,2,1,1,4,0,0,0,4,2,0,tcp,-,FIN
1888,0.0,17,49,9640,0,0.0,0,33,50790601.40458454,16186049.24332486,10,52,0.0,1131.2752505860992,4922.181498101313,0.0,255,3526731351,756387675,255,0.047975771694729455,0.0,0.06631428325007271,90,860,0,13391,13,0,2,2,1,1,0,0,0,3,2,0,tcp,-,FIN
1889,0.0,29,0,1719,42826,4436.399356820202,217,254,39663256.06150398,831375.8385171161,8,0,2180.3617449691956,0.0,0.0,0.0,255,3183879194,339189829,255,0.11476577665923807,0.08573846110411723,0.059381487658998734,241,206,0,19009,6,2,2,1,1,4,0,0,0,8,2,0,tcp,-,FIN
1890,0.0,50,0,7486,4029,32731.029476346906,32,11,33202747.17869851,0.0,5,16,4554.902143391813,0.0,27067.017891557596,3440.206750241746,198,1397703440,1733505713,223,0.13385864110170717,0.0,0.0,110,196,0,1856,14,0,6,1,1,1,0,0,0,4,1,0,tcp,-,FIN
1891,0.0,1,0,12444,0,50854.1269897416,76,229,68133166.88745077,1309140.7057900894,6,0,2466.708359703212,0.0,73200.50863179348,780.0623837459724,255,4081423601,1384386863,198,0.10925621089081755,0.08346014333830601,0.03679412604790359,60,0,0,22167,12,3,6,5,1,8,0,0,0,2,7,0,tcp,-,CON
1892,1.6177481373896607,17,0,16380,6127,0.0,0,85,0.0,14913745.1074249,10,0,5090.628404323665,312.49140905025723,0.0,0.0,190,1463706695,2928371105,255,0.0,0.01565586035662542,0.0,28,761,0,0,18,0,1,1,1,1,0,0,0,4,9,0,tcp,-,FIN
1893,0.8498579696630227,1,0,9892,0,49620.277757967815,35,88,0.0,0.0,3,53,1406.5156875529874,219.62769451999182,0.0,1172.3641031666289,193,667486681,884754431,182,0.0713888497541799,0.04690473059627476,0.006445786906026443,203,246,0,1595,13,0,5,1,1,1,0,0,0,6,6,0,tcp,-,FIN
1894,0.9804143945344357,3,38,706,112182,11670.226658607879,255,209,106153090.97631377,4054918.7362970393,7,0,0.0,1579.303888979944,0.0,3682.3749709772264,255,3430038874,2137479022,255,0.19752424973618554,0.09159771857226498,0.04756436883020053,28,228,0,28332,1,1,1,2,1,3,0,0,0,2,1,0,tcp,-,FIN
1895,4.42369329394151,6,0,465,0,0.0,127,16,35103155.82353877,1116026.2934157082,1,0,0.0,0.0,0.0,0.0,228,2081387809,0,255,0.0,0.0,0.02487351095697609,28,0,0,20532,13,1,4,2,1,1,0,0,0,4,4,0,tcp,-,FIN
1896,3.3663818821557534,1,0,5409,0,0.0,25,4,0.0,71228.72198607505,4,0,2120.786103761954,396.22415566118394,48390.956329258355,0.0,255,815797460,2243516009,216,0.04067146491811587,0.0,0.0,81,0,0,30189,20,0,5,6,1,5,0,0,0,7,11,0,tcp,-,FIN
1897,0.0,60,141,14201,86349,0.0,29,32,0.0,13229304.880919844,6,0,0.0,0.0,0.0,0.0,255,1174786345,3130622566,196,0.0,0.03327676423503772,0.03508567654049956,307,708,0,0,14,0,4,1,1,4,0,0,0,2,10,0,tcp,-,FIN
1898,1.4207308598858752,36,17,5871,17737,0.0,106,84,0.0,14375766.058776248,4,18,5.134406115078552,0.0,18878.9031520449,295.9580311271552,255,752311534,3978312396,220,0.025488069459109274,0.023774924362876523,0.004825440977945611,148,500,0,19278,9,0,3,1,1,2,0,0,0,1,8,0,tcp,-,FIN
1899,0.0,30,78,6667,188289,44186.36988662144,4,0,0.0,13854220.92599926,8,28,0.0,1006.0979062724924,29826.176064705414,0.0,255,4294813520,0,168,0.014673665913490112,0.03715790185027157,0.0,28,440,0,0,9,0,1,1,1,2,0,0,0,5,4,0,tcp,-,FIN
1900,0.5373925461242945,1,43,1397,0,15619.857948771514,0,84,0.0,2732249.1231460455,7,8,3730.8111381982017,835.0026561866677,26858.939452807015,0.0,221,0,2290932171,255,0.15124108594626315,0.00039215275881480656,0.0,127,113,1,12592,2,0,2,1,1,4,0,0,1,2,7,0,tcp,http,FIN
1901,0.0,89,96,1412,107404,0.0,43,34,25587453.510181274,13697101.118563384,12,21,3955.4456219893937,335.71201155388417,28564.128820566762,4509.39770996026,255,3094180721,1171836100,210,0.08302852943255336,0.0,0.0,129,947,0,27553,9,1,1,1,1,1,0,0,0,5,5,0,tcp,-,FIN
1902,0.0,39,0,831,77698,0.0,84,146,0.0,0.0,9,0,0.0,859.4804235568228,0.0,1086.5742828948114,210,1336227044,1307726816,255,0.06381600903682062,0.0126388808112812,0.0,28,160,0,0,11,0,6,3,1,3,0,0,0,3,2,0,tcp,-,FIN
1903,2.035749592017392,6,0,1736,0,16620.609231309754,80,254,0.0,413818.8642754365,0,17,0.0,0.0,29003.622778419416,0.0,255,286973369,1523612308,255,0.1573547817124506,0.00732195607503229,0.05552229206997931,28,241,1,0,6,2,1,2,1,1,0,0,1,1,4,0,tcp,http,FIN
1904,0.0,23,0,12526,0,0.0,57,247,0.0,0.0,0,0,3321.4741167306515,1248.196401854743,0.0,4632.134869136752,255,4293296986,2272428234,255,0.05550176056117377,0.06026879599465183,0.07727098749570466,204,106,0,38833,6,2,5,5,1,16,0,0,0,7,8,0,tcp,-,CON
1905,0.0,1,131,46,50541,26419.430060074075,183,254,0.0,0.0,3,0,2768.4545468750557,0.0,43658.6164080428,908.9838746429232,255,2316108782,2845267296,255,0.15508547307878082,0.13610519837209087,0.06329279336831353,215,47,0,10260,2,1,1,1,1,5,0,0,0,3,5,0,tcp,-,FIN
1906,0.0,49,0,3311,71352,0.0,28,12,193144443.1634826,17422696.28335645,7,53,0.0,245.1725472136071,0.0,0.0,158,1366819024,4294881924,255,0.0,0.0,0.015369912053875272,28,668,0,0,14,0,4,1,1,2,0,0,0,5,7,0,tcp,-,FIN
1907,0.0,88,32,46,0,0.0,92,0,95893666.74448773,3057332.135009081,5,33,1756.7563683768972,2095.424931214013,0.0,701.8038099013785,133,1981432114,4017891517,255,0.0,0.0,0.0,217,1140,0,0,12,0,3,1,1,2,0,0,0,1,4,0,tcp,-,FIN
1908,1.4653167579517845,1,0,5347,0,0.0,193,240,46138475.86621083,0.0,10,27,1347.308241539368,0.0,5115.22391639277,0.0,173,4294813520,1801478264,255,0.14922689842040002,0.06012225794961913,0.1039797807381405,28,0,0,0,2,1,1,2,1,3,0,0,0,1,1,0,tcp,-,FIN
1909,2.397246851886208,14,0,9309,0,0.0,19,16,0.0,0.0,0,29,482.09707236160716,1018.4457083878899,16434.20936905368,0.0,95,763213795,453827278,18,0.0,0.05280621929971507,0.027509408061997257,28,202,0,4387,2,0,3,1,1,1,0,0,0,2,4,0,udp,dns,CON
1910,0.0,1,71,11041,40536,85424.85535104317,12,0,0.0,2768963.7047678824,2,31,0.0,729.8829916911413,0.0,1616.4620490029145,0,367688345,0,0,0.0,0.0,0.0076570299602341,141,0,0,0,1,0,2,1,1,1,0,0,0,1,3,0,udp,dns,CON
1911,2.2130413367203956,98,210,6228,62127,0.0,0,25,0.0,624952.0176824871,11,52,0.0,0.0,0.0,4751.566242806726,255,2165841530,3874753749,200,0.008165258490295984,0.02420095002613269,0.02070233869141163,113,805,0,1103,6,0,2,2,1,5,0,0,0,2,1,0,tcp,-,FIN
1912,0.0,63,26,6816,21372,0.0,43,0,0.0,13039319.745413598,7,18,0.0,1578.8664261641597,0.0,0.0,220,2373546208,3475319633,255,0.05544442718342955,0.0,0.0,137,834,0,637,19,0,2,1,1,1,0,0,0,3,6,0,tcp,-,FIN
1913,0.0,1,0,1927,0,0.0,53,12,53468886.616037585,16032797.181197738,17,16,0.0,0.0,22714.463374767714,1757.5103082982953,242,370782887,2628805298,255,0.0,0.0,0.0,133,458,0,0,11,0,6,1,1,1,0,0,0,3,9,0,tcp,-,FIN
1914,4.088155758814852,43,0,4080,0,0.0,255,254,0.0,0.0,0,0,0.0,67.82014362770228,0.0,0.0,253,2408108627,3070611783,255,0.0752824930186203,0.0,0.05679655482748307,72,7,0,10298,1,1,3,1,1,3,0,0,0,1,3,0,tcp,-,FIN
1915,0.41874478608970644,38,114,9925,0,0.0,0,34,0.0,1866164.1853802307,28,0,0.0,490.7085937159238,27714.510004176544,1818.4884929596014,255,1913103454,1466145773,222,0.0,0.060840640102451875,0.03638873054385506,38,489,0,3972,9,0,2,1,1,2,0,0,0,4,9,0,tcp,-,FIN
1916,2.1453061106235007,1,2,1931,0,48585.99335136913,0,8,0.0,536667.4594599631,0,21,1039.4854103627408,0.0,0.0,4993.203398978187,255,507503943,1871261153,255,0.0,0.025876841157527277,0.004356812313139655,74,251,0,6795,18,0,7,4,1,4,0,0,0,7,11,0,tcp,-,FIN
1917,0.0,40,0,2505,18159,0.0,44,25,4017224.476909097,0.0,9,11,0.0,2411.6165366257155,18169.972668160146,7765.15704622647,255,814741514,3052379590,242,0.0,0.0,0.0,85,450,1,69,2,0,1,1,1,1,0,0,1,4,1,0,tcp,http,FIN
1918,0.0,51,73,6649,89602,8648.672639029068,6,0,0.0,13827322.318150468,10,44,3440.228742935936,0.0,0.0,0.0,255,1756496255,0,210,0.07927533183153218,0.0,0.0,28,719,0,1028,9,0,2,2,1,4,0,0,0,3,7,0,tcp,-,FIN
1919,0.0,1,20,62,153906,19893.41050620438,255,1,664143689.0948946,0.0,0,0,5051.309747699733,1221.9646089357152,0.0,0.0,0,1022833530,0,0,0.04589283692307069,0.0,0.0,835,0,0,3632,5,3,1,2,1,4,0,0,0,6,2,0,udp,-,INT
1920,0.506636104333197,1,19,46,0,0.0,155,254,18071705.894219134,0.0,0,17,686.6934233869197,0.0,0.0,1339.3747416465753,255,327391710,1896429402,255,0.4582220613847213,0.24750842420536773,0.07130659837371639,43,248,0,5765,5,3,1,2,1,5,0,0,0,6,4,0,tcp,-,CON
1921,0.5050812719151797,88,46,15082,125673,45463.07872867963,129,0,0.0,15833300.588951288,13,0,1572.0842003414862,0.0,36434.08822572194,192.22811416178473,255,2222007057,0,193,0.0,0.0,0.0,43,651,0,9996,7,0,6,1,1,2,0,0,0,7,6,0,tcp,-,FIN
1922,1.7067879903612941,1,0,20126,0,0.0,0,42,23776513.699972596,0.0,7,0,0.0,48.615381215114,26633.967865160907,0.0,255,1184258157,1080382190,213,0.05162411361209032,0.0,0.0,28,14,0,5943,13,0,5,1,1,1,0,0,0,7,4,0,tcp,-,FIN
1923,0.0,79,84,46,0,34686.82801011057,59,42,51071121.2736468,14590593.092432076,13,0,474.0163032165699,557.0138109979338,6630.880861538278,1828.1760040816127,247,2198682578,4294881924,255,0.0,0.0,0.0,28,758,0,38879,14,0,3,1,1,2,0,0,0,3,9,0,tcp,-,FIN
1924,0.0,1,1,46,0,55833.52771286386,255,0,653833997.8784046,241551.77204945445,0,0,0.0,1125.4043517364007,24951.378487344373,0.0,0,0,0,53,0.08691941529402995,0.04455209134000269,0.0,985,0,0,0,4,2,1,2,1,1,0,0,0,1,1,0,udp,-,INT
1925,2.7424023779875997,1,47,46,0,0.0,99,254,8625198.593471576,0.0,4,0,0.0,1214.7377456208262,0.0,2394.0449319366708,208,1047345910,1499090834,214,0.2849431064956152,0.25087191992545405,0.106333966479729,153,0,0,0,3,3,3,2,1,1,0,0,0,1,3,0,tcp,-,CON
1926,0.0,44,102,2920,51031,69304.31758903076,14,22,8105662.76755758,11042994.843295231,8,3,0.0,151.4964925024873,15611.504355496598,0.0,211,3018351433,780372043,195,0.0,0.0,0.0,28,794,0,35584,6,0,3,1,1,5,0,0,1,3,9,0,tcp,-,FIN
1927,0.0,20,0,8975,0,33832.40650361336,94,15,101370691.67347017,15388862.441514367,5,26,0.0,376.73967285944246,0.0,1843.2587233519514,205,1467610348,3207211740,162,0.07614946638358838,0.0,0.010261462425648004,28,642,0,0,16,0,4,1,1,1,0,0,0,3,14,0,tcp,-,FIN
1928,0.0,34,0,4797,0,0.0,62,231,67651669.48843141,0.0,1,0,0.0,286.58539781795724,18597.39714940041,2553.6404708644795,255,763037323,1040495393,255,0.18391287663911288,0.05100915994504225,0.1018710274756697,241,0,1,19799,3,2,1,1,1,1,0,0,1,1,5,0,tcp,http,FIN
1929,1.2155915088194196,22,0,3193,117723,212977.69131760663,255,0,713073368.0181905,0.0,0,0,0.0,1152.4894710626263,4493.233226314447,0.0,0,542748802,0,41,0.0,0.0047080462548314325,0.02813073807213237,873,55,0,2848,7,3,1,2,1,5,0,0,0,1,2,0,udp,-,INT
1930,1.2517873482494952,1,0,5133,0,0.0,0,63,0.0,1263371.6563483826,5,66,0.0,0.0,9988.303081543721,7503.926142583107,255,0,2134138055,255,0.0,0.046528131558723596,0.0,49,651,1,0,1,0,2,1,1,1,0,0,2,4,1,0,tcp,http,FIN
1931,0.0,73,125,214,0,71763.31841005606,63,0,12273589.277886499,2088242.8624971004,10,35,276.09006336817293,0.0,0.0,0.0,255,2958561635,4117834685,149,0.08493053997504804,0.00014053130486043117,0.0,28,826,0,20730,6,0,5,1,1,1,0,0,0,1,3,0,tcp,-,FIN
1932,0.15590284794850426,1,36,46,62550,0.0,18,1,0.0,0.0,8,0,0.0,647.3979986296995,0.0,0.0,197,30025374,2425623074,181,0.0,0.019401994995618867,0.018802971518814885,228,350,0,10897,16,0,4,5,1,2,0,0,0,7,11,0,tcp,-,FIN
1933,0.0,52,74,1405,0,0.0,54,2,0.0,0.0,7,0,333.5815386826436,796.2482346069328,42995.88136821631,0.0,196,2405468335,2187044829,248,0.0186673466863396,0.0,0.04406919299448393,139,144,0,0,9,1,9,6,1,8,0,0,0,11,10,0,tcp,-,FIN
1934,0.0,1,22,46,74012,0.0,74,203,0.0,654929.1923902974,1,0,0.0,1016.4268701710771,924.7577419731236,849.9793858588873,243,4294813520,2149894701,255,0.1614574221604982,0.05324694786185798,0.08334239366947989,116,0,0,3647,8,2,7,5,1,17,0,0,0,5,10,0,tcp,-,CON
1935,0.14937947600474455,60,21,46,0,0.0,255,164,0.0,0.0,11,0,0.0,31.292006924778754,0.0,0.0,213,3317230837,1970586361,255,0.24611627872329,0.09104243543482583,0.10170754769485349,28,309,0,0,2,0,1,2,1,5,0,0,0,1,3,0,tcp,-,FIN
1936,2.276419827314819,9,69,46,0,0.0,60,229,0.0,0.0,6,33,0.0,0.0,8038.226128352444,980.5205230713332,207,559819942,1960947429,255,0.15157150587478557,0.12196694423290996,0.09173157224523343,101,73,1,26935,3,1,1,1,1,3,0,0,1,1,1,0,tcp,http,FIN
1937,0.0,1,42,6672,25028,4683.80409725155,70,73,0.0,4193828.2774967384,10,2,1406.46473048344,532.3318290725841,0.0,0.0,255,0,2645034224,187,0.0,0.0,0.0053184438281268995,28,119,0,36858,16,1,5,4,1,7,0,0,0,9,15,0,tcp,-,FIN
1938,0.0,103,129,9464,55319,18434.172655000482,21,39,221754585.73699674,232365.48940427712,36,76,2172.3435553090753,0.0,0.0,606.414661632955,172,4294813520,1066951222,137,0.0,0.0,0.0028213676708376753,103,44,0,39388,5,0,4,1,1,1,0,0,0,2,9,0,tcp,-,FIN
1939,4.524986922066629,1,94,5684,62280,53851.02281141712,0,107,0.0,1339859.8469401046,2,0,0.0,1322.364237924903,15583.478376528357,14700.317741690471,255,1855679077,2303168999,255,0.042265660834098155,0.0,0.018622052939714105,76,662,1,11438,7,0,1,2,1,6,0,0,0,1,2,0,tcp,http,FIN
1940,0.0,49,92,46,73797,9168.104448173723,59,67,53341555.43411582,392781.3188616545,9,46,0.0,0.0,13098.106347692841,0.0,255,1677047081,3703738407,249,0.010844362815003492,0.0,0.0,111,854,0,0,12,1,1,1,1,2,0,0,0,3,5,0,tcp,-,FIN
1941,0.7612475245710004,19,2,46,37490,4730.230678704507,0,55,0.0,0.0,7,28,0.0,0.0,9731.891502129472,0.0,255,2949788830,750785443,240,0.10560955597401141,0.037052063503531074,0.08727341442460688,145,25,0,6763,10,0,11,5,1,12,0,0,0,11,15,0,tcp,-,FIN
1942,1.8631336829925227,1,0,6375,54874,0.0,0,123,35461213.13298085,1301200.5361996875,1,34,3034.9872820520563,576.0620371368418,36720.21295935528,472.83742905776376,255,1102745285,978360030,234,0.034782886556582966,0.03304131281022334,0.004727526252319968,28,155,0,0,8,0,2,1,1,1,0,0,0,2,3,0,tcp,-,FIN
1943,1.6908397571969962,1,48,46,14279,0.0,204,247,0.0,0.0,0,35,1277.03642166806,0.0,0.0,0.0,255,3432762387,984497969,213,0.12287175807033054,0.09435542677411804,0.0549329882036241,28,0,0,49299,6,1,1,1,1,6,0,0,0,1,10,0,tcp,-,FIN
1944,0.0,38,113,11183,22694,0.0,45,32,0.0,13900353.384199256,2,12,0.0,0.0,0.0,0.0,255,1147706768,2495432271,200,0.0,0.0,0.02473106791994233,37,814,0,25104,8,0,4,1,1,1,0,0,0,3,8,0,tcp,-,FIN
1945,0.0,1,0,46,0,0.0,26,28,111288195.81433353,0.0,0,0,1270.8800862958497,870.6509082125752,0.0,94.84555275295212,0,0,104327017,78,0.0,0.09138855641459427,0.031947742326755534,28,0,0,6401,1,0,2,2,1,4,0,0,0,1,1,0,udp,dns,CON
1946,2.397272805920908,45,135,9590,98105,98822.87621883629,0,106,0.0,9247593.315118954,6,0,3277.530157030468,0.0,0.0,0.0,247,2752108053,4294881924,205,0.02212057809715073,0.0,0.0,67,839,0,20957,5,0,2,1,1,1,0,0,0,6,2,0,tcp,-,FIN
1947,0.0,1,0,46,3128,9208.601440761577,235,252,119339374.6702495,1271273.5509362633,0,0,625.7499858309194,311.5091962032405,9260.950691609412,0.0,209,2867223969,2360395454,240,0.15033518929181747,0.04790214491262146,0.027078767212346908,28,59,0,0,1,1,1,1,1,8,0,0,0,3,3,0,tcp,-,FIN
1948,2.764183501382175,1,7,8101,0,9694.014808784434,255,219,0.0,0.0,6,29,0.0,100.80249262885529,0.0,2393.5828330935306,163,3736515029,2832247979,253,0.08813002100990891,0.04667288690521375,0.086654324695113,28,37,0,0,4,1,4,1,1,6,0,0,0,4,4,0,tcp,-,FIN
1949,2.231616451360599,71,16,23088,88291,47935.91411746086,9,58,0.0,1151835.0261725523,4,25,2191.6700463612933,0.0,5090.64447279635,3637.2618245187487,219,2801784363,551478906,255,0.0,0.0,0.00841835470122163,28,242,0,0,6,0,10,6,1,10,0,0,0,13,17,0,tcp,-,FIN
1950,0.0,24,0,46,0,0.0,23,0,0.0,0.0,11,4,487.21570822919114,0.0,4642.598388715906,0.0,255,1043789467,1059217002,207,0.0,0.015997172071716765,0.0,208,0,0,1746,12,0,1,1,1,1,0,0,0,3,5,0,tcp,-,FIN
1951,0.0,9,122,6709,111485,175742.31804981414,255,27,869959602.3919866,0.0,8,40,0.0,267.8478117210636,21856.971429399375,970.4951396648338,0,0,82850447,55,0.0,0.022759151676073935,0.0,973,89,0,0,6,3,5,3,1,2,0,0,0,4,1,0,udp,-,INT
1952,0.0,1,15,46,134,0.0,70,50,0.0,0.0,6,0,2307.703079874408,932.3550085217138,1507.1578975449847,0.0,255,3202847888,213952639,223,0.0,0.021972029436645824,0.0,335,0,0,10915,8,1,8,6,1,9,0,0,0,11,12,0,tcp,-,FIN
1953,1.8494886288408676,30,29,5824,53899,0.0,81,19,0.0,16130928.90927084,4,1,0.0,0.0,6407.706150787214,0.0,255,1442425272,1805262017,246,0.014994376384388412,0.027758059498095206,0.0,66,568,0,275,14,0,3,2,1,3,0,0,0,1,10,0,tcp,-,FIN
1954,0.0,28,25,531,0,0.0,0,57,78516048.65412033,0.0,9,0,217.8498356386108,0.0,42743.05831734807,5845.570850935895,255,2094052693,1724674096,255,0.08626178382073676,0.0,0.019392094351508175,123,0,0,9960,10,0,3,1,1,1,0,0,0,5,5,0,tcp,-,FIN
1955,0.18806952780166666,1,0,1002,0,40200.50871463316,116,0,38608349.2264847,737963.2837724589,0,0,2221.513955602022,476.85329571596327,0.0,2214.006628412688,103,352611830,1557791112,0,0.0,0.0,0.026175014010871772,69,29,0,17048,1,0,2,1,1,6,0,0,0,2,7,0,udp,dns,CON
1956,0.0,41,0,46,0,83677.02660301459,62,37,167946198.97861958,78448.04058695748,3,19,0.0,606.3769839409986,5933.821882022887,427.73459366558063,255,0,2602356643,255,0.0,0.040878439882145734,0.005858904424173265,131,1,0,0,15,0,3,4,1,4,0,0,0,11,15,0,tcp,-,FIN
1957,2.4159420273676804,1,62,8539,23378,62157.46939949295,255,229,93758556.85173038,1827306.064184518,1,11,0.0,771.9938565828941,2497.9019094396544,0.0,255,4120815152,925094225,255,0.17976893367518598,0.07949822805304818,0.07162438339296416,346,313,0,18263,7,1,1,1,1,5,0,0,0,4,1,0,tcp,-,FIN
1958,0.0,14,0,46,50168,0.0,0,173,0.0,0.0,4,21,849.4486763536937,175.39214880846708,3347.813071910071,0.0,255,0,969641536,255,0.0,0.0,0.0,199,218,0,0,8,0,4,1,1,1,0,0,0,3,5,0,tcp,-,FIN
1959,0.0,50,26,12266,44045,0.0,0,37,105272779.43840969,10319165.206137102,6,17,4021.516745925286,0.0,14944.113419878679,1219.5239574143768,255,4294813520,4294881924,248,0.01028189791162008,0.03543324704983349,0.0,28,914,0,10879,3,0,3,1,1,5,0,0,0,6,1,0,tcp,-,FIN
1960,0.0,11,69,46,0,0.0,62,222,0.0,0.0,5,0,0.0,591.8982778692141,0.0,2846.228084781143,255,1035324201,514390969,255,0.31994557402662294,0.20193887134742008,0.08727493503931738,253,0,0,21486,5,2,1,3,1,1,0,0,0,4,8,0,tcp,-,CON
1961,0.0,42,130,46,0,0.0,17,0,62967952.5521906,12955107.91834699,9,0,1894.495172966149,0.0,0.0,0.0,255,4023037359,506671652,254,0.0,0.0,0.0,110,923,0,21630,11,0,2,1,1,2,0,0,0,3,5,0,tcp,-,FIN
1962,2.1209248894668113,1,28,10859,139329,0.0,63,94,0.0,4550672.09884817,7,9,89.82229471987527,506.79351674370514,18378.346530200848,2078.7483027494577,41,0,0,11,0.07125412412540381,0.0,0.0,77,345,0,2715,2,0,4,1,1,2,0,0,0,2,4,0,udp,dns,CON
1963,0.0,42,27,2506,0,27685.81103708497,84,11,49245473.98734051,12581829.491827086,10,20,0.0,0.0,0.0,0.0,230,265854701,2836262616,236,0.14437824621686698,0.09548703305219018,0.0,236,783,0,3751,14,0,4,2,1,1,0,0,0,6,8,0,tcp,-,FIN
1964,0.0,2,12,14733,101083,393.30224060588444,27,0,158007150.14386854,93449.9073622211,8,0,0.0,0.0,0.0,0.0,180,1359781840,1360345047,255,0.0,0.035925963623993556,0.049199904882693046,265,0,0,18747,10,0,5,2,1,7,0,0,0,3,1,0,tcp,-,FIN
1965,0.0,23,0,8737,0,18991.1739662638,242,254,0.0,1963792.9580110693,1,0,2398.818462778828,519.6374940547493,22823.91108518788,0.0,255,2938149365,3164496462,255,0.19896710500915543,0.08905884742381703,0.06880460541366927,145,0,0,0,4,1,1,1,1,1,0,0,0,4,1,0,tcp,-,FIN
1966,0.0,73,17,46,45101,29886.496159350078,57,62,74735937.1218776,4367252.295285188,3,21,1756.7716283632058,0.0,16126.030225996365,501.39049922463846,217,4077022124,4294881924,240,0.12533502833463223,0.0,0.04200498612880672,28,862,0,0,2,0,1,2,1,1,0,0,0,2,1,0,tcp,-,FIN
1967,0.0,58,9,3043,92432,30267.639844113823,18,61,68590161.48387305,14564905.588849608,5,66,0.0,1011.5507630859752,5271.057261677087,256.7480902167317,223,2598541557,0,137,0.08638911856131086,0.018129037652140505,0.0,28,717,0,0,7,1,3,1,1,6,0,0,0,2,8,0,tcp,-,FIN
1968,0.0,1,0,1347,0,0.0,237,253,53113393.37089402,0.0,0,0,837.798261442888,57.434276623047495,13610.219595574574,1217.3851689614594,247,2090667014,2383271732,255,0.08127338395750536,0.11615276671699329,0.11765469349094065,130,441,0,0,7,2,1,1,1,1,0,0,0,4,3,0,tcp,-,FIN
1969,0.0,34,0,11832,118139,62170.22739181333,82,37,0.0,141713.9167870128,0,13,3642.8053589722567,0.0,23977.849311334572,8553.905198946095,235,0,2775842094,195,0.0,0.013197285134177998,0.03603166934176361,270,490,1,0,4,0,1,1,1,3,0,0,1,1,1,0,tcp,http,FIN
1970,1.0354011930366236,4,0,3765,6375,0.0,124,254,0.0,3957336.7284476436,0,0,1889.1992897336957,230.71427830813838,4690.380580358919,2230.9639548337154,255,533357732,602748469,255,0.009597073153386357,0.016729975646285887,0.036519175011897276,28,148,1,0,3,1,1,1,1,1,0,0,1,1,3,0,tcp,http,FIN
1971,0.0,52,73,4798,81287,0.0,84,46,0.0,9507014.517971888,13,11,0.0,0.0,8591.1152785345,5795.692999542411,246,1551946694,952382169,255,0.0,0.01940216693453927,0.003455276471532367,170,713,0,1831,11,0,3,1,1,2,0,0,0,4,9,0,tcp,-,FIN
1972,0.0,19,30,197,0,0.0,23,50,35214322.60088989,528912.466676856,5,11,1669.5346159507285,0.0,0.0,2030.5528045271756,255,1597825500,0,255,0.0,0.0,0.0,70,127,0,0,10,0,11,5,1,13,0,0,0,8,15,0,tcp,-,FIN
1973,1.7654023645707364,49,89,46,44831,23287.714624589906,0,84,0.0,0.0,0,0,0.0,1478.651842177908,0.0,0.0,11,0,0,0,0.02706131550898568,0.004807166363147867,0.019290648278633454,28,297,0,22476,1,0,1,1,1,1,0,0,0,3,3,0,udp,dns,CON
1974,0.0,1,0,9296,107329,25881.82863374738,247,254,0.0,0.0,4,1,614.3099654352543,727.6405411844514,26088.803241906193,0.0,250,2845295139,3408822373,225,0.05482428540471883,0.02269630024971557,0.09678882074297815,101,63,0,12044,4,0,1,1,1,1,0,0,0,6,2,0,tcp,-,FIN
1975,0.0,31,23,851,0,0.0,25,211,50688537.693801865,0.0,0,10,0.0,0.0,56630.606498218076,132.08799646123538,255,1748294106,1474654049,236,0.11634379379340389,0.028829972560568184,0.11123705312961767,175,121,1,0,2,2,1,2,1,2,0,0,1,4,2,0,tcp,http,FIN
1976,2.1034514419431063,1,18,46,117473,0.0,25,22,0.0,2797586.2582004117,1,0,1039.4669142620241,41.14159139067311,4312.605093536334,0.0,0,697953589,0,0,0.01232152020120756,0.0,0.04014788753245246,37,0,0,0,1,0,6,2,1,1,0,0,0,4,7,0,udp,dns,CON
1977,0.0,8,0,46,0,52342.98247837578,0,67,0.0,1010008.7121363755,5,21,0.0,201.72640553256804,0.0,2297.2063364347723,18,1021506108,0,62,0.0,0.0,0.012609997763438947,28,270,0,0,1,0,1,1,1,1,0,0,0,1,8,0,udp,dns,CON
1978,0.0,65,62,46,56127,0.0,30,0,0.0,0.0,6,0,0.0,0.0,0.0,5472.353139491153,255,1564927567,1221041700,164,0.05031484848903614,0.0,0.010433085448449059,261,158,0,0,12,1,3,2,1,1,0,0,0,3,7,0,tcp,-,FIN
1979,1.0661468321959005,73,102,46,83204,108417.1134333592,0,0,21662601.167218637,12239430.899866063,0,22,813.7420190759734,1985.9048461509205,0.0,0.0,255,2727566427,690824925,255,0.0,0.0,0.0,28,778,0,52941,5,0,4,1,1,1,0,0,0,4,7,0,tcp,-,FIN
1980,0.4714524489459342,15,23,46,0,0.0,191,254,0.0,0.0,0,10,364.8795076595727,148.86295233892824,20020.198894966088,3645.6518328441202,182,4294813520,3235713260,255,0.16339250244251313,0.1247748789214315,0.13002233071275593,171,0,0,0,2,1,1,1,1,2,0,0,0,1,2,0,tcp,-,FIN
1981,0.15287839627023725,1,5,11604,16143,0.0,91,105,0.0,0.0,9,9,2122.745028243672,1366.6496190812984,2616.61216489355,2971.7617883950097,173,0,2006311047,244,0.0,0.017730255893942025,0.0,28,71,0,0,16,0,4,5,1,9,0,0,0,7,13,0,tcp,-,FIN
1982,0.0,17,0,46,1055,14042.45836766702,206,189,0.0,174789.28216681513,6,18,0.0,0.0,0.0,871.0464864628495,226,3472134472,2073981182,255,0.11673573995218495,0.09312599353848094,0.06605272674637715,108,0,0,0,5,1,4,2,1,5,0,0,0,5,6,0,tcp,-,FIN
1983,0.0,5,0,6311,0,20185.783775791315,31,34,12726670.074483575,565143.8548532969,0,13,0.0,507.04468975165264,6736.090966117812,9998.762830532734,255,0,2705960853,255,0.05745213288260203,0.0,0.0,171,280,1,9584,4,0,3,1,1,5,0,0,1,3,1,0,tcp,http,FIN
1984,3.848702289174025,1,0,46,24363,0.0,109,232,0.0,469367.91959796683,11,12,1773.5557885387916,0.0,19378.635641667588,0.0,255,4294813520,2889780302,233,0.030797328596385315,0.0,0.09373158450201341,253,198,0,4827,14,3,8,6,1,10,0,0,0,8,17,0,tcp,-,CON
1985,0.0,2,0,4351,10188,12850.457218279693,255,239,0.0,3920332.544702892,0,0,3787.7833267868577,0.0,5330.851863775182,3305.055803985261,213,1840739213,3393795787,255,0.16654641165849066,0.08613830001469333,0.09344432877273541,205,0,0,0,1,2,4,2,1,1,0,0,0,3,1,0,tcp,-,FIN
1986,0.1378655471868162,7,0,46,0,0.0,70,44,3216731.679669239,0.0,0,0,0.0,683.0355826058602,0.0,3503.7606536152716,0,544123945,0,41,0.0,0.0,0.012961733815308263,28,385,0,18835,3,0,7,1,1,1,0,0,0,3,6,0,udp,dns,CON
1987,4.0045207706886545,1,28,46,0,0.0,255,187,12564989.236650642,0.0,0,0,1306.578844837315,242.7238780204986,27416.191002893465,1440.3463430791487,218,2951486314,3385077439,202,0.0018482681177605098,0.07128109273648169,0.07450568895423232,106,266,0,7770,2,0,1,1,1,5,0,0,0,4,1,0,tcp,-,FIN
1988,1.3683038636221962,1,61,3253,0,30098.319081852584,255,0,698438350.1555332,0.0,0,0,0.0,0.0,9318.116398833865,845.405853722072,0,579702189,62838949,19,0.0,0.0,0.0,880,0,0,19718,8,2,1,1,1,1,0,0,0,3,1,0,udp,-,INT
1989,0.5969804775414448,1,0,46,0,7127.096063833694,99,14,49297134.82538993,2331923.6226109476,2,46,4992.090279288495,0.0,0.0,0.0,255,3146052066,803346076,108,0.04399755479095118,0.0,0.008031646001275781,28,305,0,25295,8,0,12,6,1,11,0,0,0,11,13,0,tcp,-,FIN
1990,0.0,17,16,46,9568,0.0,83,245,77393072.66957654,1446905.2356457033,5,0,0.0,0.0,3932.171880532915,2619.0381584267916,255,4294813520,861412015,147,0.2660783612432432,0.05209228455134773,0.09835066595740928,105,295,0,0,8,3,7,5,1,13,0,0,0,6,13,0,tcp,-,CON
1991,0.0,31,0,7734,0,0.0,0,0,52694497.23050277,0.0,9,32,0.0,207.77097409786808,0.0,41.66553462745768,198,2544194418,213511051,255,0.11092027060202062,0.0,0.0,138,4,0,14411,12,1,9,8,1,11,0,0,0,12,13,0,tcp,-,FIN
1992,0.0,8,0,1778,180341,0.0,5,69,17424193.082887825,3468581.235492952,0,0,0.0,0.0,7423.9067137665415,0.0,41,377862753,616735490,0,0.0,0.007295546371136897,0.0,243,0,0,0,2,0,7,2,1,1,0,0,0,6,7,0,udp,dns,CON
1993,1.4990984191427552,43,0,46,0,0.0,255,231,0.0,0.0,1,31,4116.657619962814,184.1493157019925,67800.17513434472,2725.08107503039,255,3241693327,1448959459,207,0.2100474679621396,0.08258645170363821,0.10537243058237718,255,0,0,5242,8,2,1,3,1,1,0,0,0,2,4,0,tcp,-,FIN
1994,2.6734975915799315,8,33,46,0,32613.58957754455,31,231,134820703.60879344,1657668.2456915355,4,0,0.0,0.0,28141.491234102814,0.0,191,3473680285,1733084925,252,0.10314682384781393,0.14292832872120265,0.08474421882627349,128,102,0,0,13,4,5,4,1,12,0,0,0,4,9,0,tcp,-,CON
1995,1.061651918120432,27,0,46,0,0.0,255,254,4723709.071528769,1543097.4658677012,7,0,3407.4518093066717,0.0,413.4297882408655,0.0,250,4294813520,2877236429,233,0.12661662089115183,0.08288525391438746,0.12006668209120783,97,0,0,0,11,1,2,1,1,3,0,0,0,1,3,0,tcp,-,FIN
1996,0.0,10,54,1650,138547,0.0,28,23,25628938.982565608,1438751.801577414,1,35,0.0,0.0,7090.465279059949,3010.3891270429904,19,0,0,0,0.05950010625724887,0.0,0.035272937760920414,169,153,0,0,1,0,8,1,1,1,0,0,0,7,2,0,udp,dns,CON
1997,0.0,13,5,12377,0,0.0,35,71,0.0,272579.60134424316,5,21,0.0,0.0,13855.341595531327,0.0,255,566331934,3137122895,163,0.014015309524523902,0.0,0.004799697746683587,174,2,0,21659,20,0,8,6,1,4,0,0,0,5,15,0,tcp,-,FIN
1998,1.0557010492859058,1,0,2905,30526,29272.816593207284,86,0,0.0,72604.27892200265,4,0,0.0,379.83317374614523,15341.698483931119,2016.5445272594122,162,2957761231,1160736814,145,0.014232746654510084,0.018569163909209842,0.0,79,0,0,0,9,0,12,5,1,7,0,0,0,9,16,0,tcp,-,FIN
1999,1.4985500127443583,77,0,46,17400,0.0,245,182,94871700.85260479,937720.412592458,5,0,0.0,158.83159469027277,1557.9402603826,0.0,255,4294813520,1362938669,255,0.06356749183393183,0.09617274357354351,0.11133617930521804,74,0,0,15775,6,0,1,2,1,2,0,0,0,2,2,0,tcp,-,FIN
